[2026-04-27 08:19:08] [INFO] Tìm thấy ADB trong PATH
[2026-04-27 08:19:08] [INFO] Đang kết nối tới 127.0.0.1:5555...
[2026-04-27 08:19:20] [ERROR] ADB timeout: adb -s 127.0.0.1:5555 connect 127.0.0.1:5555
[2026-04-27 08:19:20] [INFO] Thử lại kết nối sau 3s...
[2026-04-27 08:19:23] [INFO] Thử kết nối emulator-5554...
[2026-04-27 08:19:23] [ERROR] ❌ Không thể kết nối: already connected to 127.0.0.1:5555
[2026-04-27 08:19:23] [ERROR] Hãy thử:
[2026-04-27 08:19:23] [ERROR]   1. Tắt và mở lại LDPlayer
[2026-04-27 08:19:23] [ERROR]   2. Bật ADB trong LDPlayer Settings
[2026-04-27 08:19:23] [ERROR]   3. Chạy: adb kill-server && adb connect 127.0.0.1:5555
[2026-04-27 08:19:23] [ERROR] Không thể chụp màn hình bằng cả 2 phương pháp!
[2026-04-27 08:29:55] [DEBUG] Found btn_lam.png at (445,1477) conf=1.000
[2026-04-27 08:29:55] [DEBUG] Found btn_lam_wide.png at (445,1475) conf=1.000
[2026-04-27 08:37:07] [INFO] Tìm thấy ADB trong PATH
[2026-04-27 08:37:07] [INFO] Đang kết nối tới 127.0.0.1:5555...
[2026-04-27 08:37:09] [INFO] ✅ Đã kết nối: 127.0.0.1:5555
[2026-04-27 08:37:10] [DEBUG] Screenshot OK: (900, 1600)
[2026-04-27 08:38:13] [DEBUG] Found btn_giao.png at (595,1277) conf=1.000
[2026-04-27 08:38:35] [INFO] Tìm thấy ADB trong PATH
[2026-04-27 08:38:35] [INFO] Đang kết nối tới 127.0.0.1:5555...
[2026-04-27 08:38:37] [INFO] ✅ Đã kết nối: 127.0.0.1:5555
[2026-04-27 08:38:38] [DEBUG] Screenshot OK: (900, 1600)
[2026-04-27 08:38:38] [DEBUG] Found btn_giao.png at (595,1277) conf=1.000
[2026-04-27 08:38:38] [DEBUG] Tap: (595, 1277)
[2026-04-27 08:38:39] [INFO] Tap btn_giao.png at (595,1277)
[2026-04-27 08:38:42] [DEBUG] Screenshot OK: (900, 1600)
[2026-04-27 08:41:25] [INFO] Tìm thấy ADB trong PATH
[2026-04-27 08:41:25] [INFO] Đang kết nối tới 127.0.0.1:5555...
[2026-04-27 08:41:28] [INFO] ✅ Đã kết nối: 127.0.0.1:5555
[2026-04-27 08:41:28] [DEBUG] Tap: (450, 800)
[2026-04-27 08:41:31] [DEBUG] Screenshot OK: (900, 1600)
[2026-04-27 08:42:23] [INFO] Tìm thấy ADB trong PATH
[2026-04-27 08:42:23] [INFO] Đang kết nối tới 127.0.0.1:5555...
[2026-04-27 08:42:25] [INFO] ✅ Đã kết nối: 127.0.0.1:5555
[2026-04-27 08:42:25] [DEBUG] Tap: (450, 1350)
[2026-04-27 08:42:27] [DEBUG] Tap: (450, 1350)
[2026-04-27 08:42:30] [DEBUG] Screenshot OK: (900, 1600)
[2026-04-27 08:45:21] [INFO] Tìm thấy ADB trong PATH
[2026-04-27 08:45:21] [INFO] Đang kết nối tới 127.0.0.1:5555...
[2026-04-27 08:45:23] [INFO] ✅ Đã kết nối: 127.0.0.1:5555
[2026-04-27 08:45:24] [DEBUG] Screenshot OK: (900, 1600)
[2026-04-27 08:45:24] [DEBUG] Found btn_giao.png at (595,1277) conf=1.000
[2026-04-27 08:45:24] [DEBUG] Tap: (595, 1277)
[2026-04-27 08:45:24] [INFO] Tap btn_giao.png at (595,1277)
[2026-04-27 08:45:26] [DEBUG] Tap: (450, 1200)
[2026-04-27 08:45:30] [DEBUG] Screenshot OK: (900, 1600)
[2026-04-27 08:47:52] [INFO] Tìm thấy ADB trong PATH
[2026-04-27 08:47:52] [INFO] ==================================================
[2026-04-27 08:47:52] [INFO] 🌱 KHỞI ĐỘNG AUTO GAME - THẾ GIỚI HOA VIÊN
[2026-04-27 08:47:52] [INFO] ==================================================
[2026-04-27 08:47:52] [INFO] Đang kết nối tới 127.0.0.1:5555...
[2026-04-27 08:47:54] [INFO] ✅ Đã kết nối: 127.0.0.1:5555
[2026-04-27 08:47:54] [INFO] Màn hình: 1600x900
[2026-04-27 08:47:54] [INFO] 📦 Bắt đầu XỬ LÝ ĐƠN HÀNG...
[2026-04-27 08:47:56] [DEBUG] Screenshot OK: (900, 1600)
[2026-04-27 08:47:56] [INFO] Tìm thấy 1 dấu (!): 1 đỏ, 0 vàng
[2026-04-27 08:47:56] [INFO]   🔴 Click dấu (!) red tại (583, 280) conf=0.89
[2026-04-27 08:47:56] [DEBUG] Tap: (583, 280)
[2026-04-27 08:48:00] [DEBUG] Screenshot OK: (900, 1600)
[2026-04-27 08:48:00] [DEBUG] Found btn_chua_co_hang.png at (275,1277) conf=1.000
[2026-04-27 08:48:01] [DEBUG] Tap: (275, 1277)
[2026-04-27 08:48:01] [INFO] Tap btn_chua_co_hang.png at (275,1277)
[2026-04-27 08:48:01] [INFO]   ✅ Đã click 'Chưa có hàng'
[2026-04-27 08:48:02] [INFO]   ✅ Xử lý đơn #1
[2026-04-27 08:48:06] [DEBUG] Screenshot OK: (900, 1600)
[2026-04-27 08:48:06] [INFO] Đã xử lý 1 đơn hàng
[2026-04-27 08:48:11] [INFO] 📦 Bắt đầu XỬ LÝ ĐƠN HÀNG...
[2026-04-27 08:48:12] [DEBUG] Screenshot OK: (900, 1600)
[2026-04-27 08:48:13] [INFO] Không tìm thấy dấu chấm than (!) nào
[2026-04-27 08:48:13] [INFO] Đã xử lý 0 đơn hàng
[2026-04-27 08:48:18] [INFO] 📦 Bắt đầu XỬ LÝ ĐƠN HÀNG...
[2026-04-27 08:48:19] [DEBUG] Screenshot OK: (900, 1600)
[2026-04-27 08:48:19] [INFO] Không tìm thấy dấu chấm than (!) nào
[2026-04-27 08:48:19] [INFO] Đã xử lý 0 đơn hàng
[2026-04-27 08:48:19] [INFO] Đã ngắt kết nối ADB
[2026-04-27 08:48:19] [INFO] 🛑 Bot đã dừng
[2026-04-27 08:48:19] [INFO] --- THỐNG KÊ ---
[2026-04-27 08:48:19] [INFO]   Thu hoạch: 0
[2026-04-27 08:48:19] [INFO]   Trồng cây: 0
[2026-04-27 08:48:19] [INFO]   Đơn hàng:  1
[2026-04-27 08:48:19] [INFO]   Lỗi:       0
[2026-04-27 08:51:28] [INFO] Tìm thấy ADB trong PATH
[2026-04-27 08:51:28] [INFO] ==================================================
[2026-04-27 08:51:28] [INFO] 🌱 KHỞI ĐỘNG AUTO GAME - THẾ GIỚI HOA VIÊN
[2026-04-27 08:51:28] [INFO] ==================================================
[2026-04-27 08:51:28] [INFO] Đang kết nối tới 127.0.0.1:5555...
[2026-04-27 08:51:30] [INFO] ✅ Đã kết nối: 127.0.0.1:5555
[2026-04-27 08:51:30] [INFO] Màn hình: 1600x900
[2026-04-27 08:51:30] [INFO] ========================================
[2026-04-27 08:51:30] [INFO] 🔄 BẮT ĐẦU CHU KỲ MỚI
[2026-04-27 08:51:30] [INFO] ========================================
[2026-04-27 08:51:30] [INFO] ⏭️ Bỏ qua thu hoạch (chưa có ảnh mẫu)
[2026-04-27 08:51:30] [INFO] ⏭️ Bỏ qua trồng cây (chưa có ảnh mẫu)
[2026-04-27 08:51:30] [INFO] 📦 Bắt đầu XỬ LÝ ĐƠN HÀNG...
[2026-04-27 08:51:31] [DEBUG] Screenshot OK: (900, 1600)
[2026-04-27 08:51:31] [INFO] Không tìm thấy dấu chấm than (!) nào
[2026-04-27 08:51:31] [INFO] Đã xử lý 0 đơn hàng
[2026-04-27 08:51:31] [INFO] --- THỐNG KÊ ---
[2026-04-27 08:51:31] [INFO]   Thu hoạch: 0
[2026-04-27 08:51:31] [INFO]   Trồng cây: 0
[2026-04-27 08:51:31] [INFO]   Đơn hàng:  0
[2026-04-27 08:51:31] [INFO]   Lỗi:       0
[2026-04-27 08:51:36] [INFO] ========================================
[2026-04-27 08:51:36] [INFO] 🔄 BẮT ĐẦU CHU KỲ MỚI
[2026-04-27 08:51:36] [INFO] ========================================
[2026-04-27 08:51:36] [INFO] ⏭️ Bỏ qua thu hoạch (chưa có ảnh mẫu)
[2026-04-27 08:51:36] [INFO] ⏭️ Bỏ qua trồng cây (chưa có ảnh mẫu)
[2026-04-27 08:51:36] [INFO] 📦 Bắt đầu XỬ LÝ ĐƠN HÀNG...
[2026-04-27 08:51:37] [DEBUG] Screenshot OK: (900, 1600)
[2026-04-27 08:51:37] [INFO] Không tìm thấy dấu chấm than (!) nào
[2026-04-27 08:51:37] [INFO] Đã xử lý 0 đơn hàng
[2026-04-27 08:51:37] [INFO] --- THỐNG KÊ ---
[2026-04-27 08:51:37] [INFO]   Thu hoạch: 0
[2026-04-27 08:51:37] [INFO]   Trồng cây: 0
[2026-04-27 08:51:37] [INFO]   Đơn hàng:  0
[2026-04-27 08:51:37] [INFO]   Lỗi:       0
[2026-04-27 08:51:42] [INFO] ========================================
[2026-04-27 08:51:42] [INFO] 🔄 BẮT ĐẦU CHU KỲ MỚI
[2026-04-27 08:51:42] [INFO] ========================================
[2026-04-27 08:51:42] [INFO] ⏭️ Bỏ qua thu hoạch (chưa có ảnh mẫu)
[2026-04-27 08:51:42] [INFO] ⏭️ Bỏ qua trồng cây (chưa có ảnh mẫu)
[2026-04-27 08:51:42] [INFO] 📦 Bắt đầu XỬ LÝ ĐƠN HÀNG...
[2026-04-27 08:51:43] [DEBUG] Screenshot OK: (900, 1600)
[2026-04-27 08:51:44] [INFO] Không tìm thấy dấu chấm than (!) nào
[2026-04-27 08:51:44] [INFO] Đã xử lý 0 đơn hàng
[2026-04-27 08:51:44] [INFO] --- THỐNG KÊ ---
[2026-04-27 08:51:44] [INFO]   Thu hoạch: 0
[2026-04-27 08:51:44] [INFO]   Trồng cây: 0
[2026-04-27 08:51:44] [INFO]   Đơn hàng:  0
[2026-04-27 08:51:44] [INFO]   Lỗi:       0
[2026-04-27 08:51:49] [INFO] ========================================
[2026-04-27 08:51:49] [INFO] 🔄 BẮT ĐẦU CHU KỲ MỚI
[2026-04-27 08:51:49] [INFO] ========================================
[2026-04-27 08:51:49] [INFO] ⏭️ Bỏ qua thu hoạch (chưa có ảnh mẫu)
[2026-04-27 08:51:49] [INFO] ⏭️ Bỏ qua trồng cây (chưa có ảnh mẫu)
[2026-04-27 08:51:49] [INFO] 📦 Bắt đầu XỬ LÝ ĐƠN HÀNG...
[2026-04-27 08:51:50] [DEBUG] Screenshot OK: (900, 1600)
[2026-04-27 08:51:50] [INFO] Không tìm thấy dấu chấm than (!) nào
[2026-04-27 08:51:50] [INFO] Đã xử lý 0 đơn hàng
[2026-04-27 08:51:50] [INFO] --- THỐNG KÊ ---
[2026-04-27 08:51:50] [INFO]   Thu hoạch: 0
[2026-04-27 08:51:50] [INFO]   Trồng cây: 0
[2026-04-27 08:51:50] [INFO]   Đơn hàng:  0
[2026-04-27 08:51:50] [INFO]   Lỗi:       0
[2026-04-27 08:51:55] [INFO] ========================================
[2026-04-27 08:51:55] [INFO] 🔄 BẮT ĐẦU CHU KỲ MỚI
[2026-04-27 08:51:55] [INFO] ========================================
[2026-04-27 08:51:55] [INFO] ⏭️ Bỏ qua thu hoạch (chưa có ảnh mẫu)
[2026-04-27 08:51:55] [INFO] ⏭️ Bỏ qua trồng cây (chưa có ảnh mẫu)
[2026-04-27 08:51:55] [INFO] 📦 Bắt đầu XỬ LÝ ĐƠN HÀNG...
[2026-04-27 08:51:56] [DEBUG] Screenshot OK: (900, 1600)
[2026-04-27 08:51:56] [INFO] Không tìm thấy dấu chấm than (!) nào
[2026-04-27 08:51:56] [INFO] Đã xử lý 0 đơn hàng
[2026-04-27 08:51:56] [INFO] --- THỐNG KÊ ---
[2026-04-27 08:51:56] [INFO]   Thu hoạch: 0
[2026-04-27 08:51:56] [INFO]   Trồng cây: 0
[2026-04-27 08:51:56] [INFO]   Đơn hàng:  0
[2026-04-27 08:51:56] [INFO]   Lỗi:       0
[2026-04-27 08:52:01] [INFO] ========================================
[2026-04-27 08:52:01] [INFO] 🔄 BẮT ĐẦU CHU KỲ MỚI
[2026-04-27 08:52:01] [INFO] ========================================
[2026-04-27 08:52:01] [INFO] ⏭️ Bỏ qua thu hoạch (chưa có ảnh mẫu)
[2026-04-27 08:52:01] [INFO] ⏭️ Bỏ qua trồng cây (chưa có ảnh mẫu)
[2026-04-27 08:52:01] [INFO] 📦 Bắt đầu XỬ LÝ ĐƠN HÀNG...
[2026-04-27 08:52:02] [DEBUG] Screenshot OK: (900, 1600)
[2026-04-27 08:52:03] [INFO] Không tìm thấy dấu chấm than (!) nào
[2026-04-27 08:52:03] [INFO] Đã xử lý 0 đơn hàng
[2026-04-27 08:52:03] [INFO] --- THỐNG KÊ ---
[2026-04-27 08:52:03] [INFO]   Thu hoạch: 0
[2026-04-27 08:52:03] [INFO]   Trồng cây: 0
[2026-04-27 08:52:03] [INFO]   Đơn hàng:  0
[2026-04-27 08:52:03] [INFO]   Lỗi:       0
[2026-04-27 08:52:08] [INFO] ========================================
[2026-04-27 08:52:08] [INFO] 🔄 BẮT ĐẦU CHU KỲ MỚI
[2026-04-27 08:52:08] [INFO] ========================================
[2026-04-27 08:52:08] [INFO] ⏭️ Bỏ qua thu hoạch (chưa có ảnh mẫu)
[2026-04-27 08:52:08] [INFO] ⏭️ Bỏ qua trồng cây (chưa có ảnh mẫu)
[2026-04-27 08:52:08] [INFO] 📦 Bắt đầu XỬ LÝ ĐƠN HÀNG...
[2026-04-27 08:52:09] [DEBUG] Screenshot OK: (900, 1600)
[2026-04-27 08:52:09] [INFO] Không tìm thấy dấu chấm than (!) nào
[2026-04-27 08:52:09] [INFO] Đã xử lý 0 đơn hàng
[2026-04-27 08:52:09] [INFO] --- THỐNG KÊ ---
[2026-04-27 08:52:09] [INFO]   Thu hoạch: 0
[2026-04-27 08:52:09] [INFO]   Trồng cây: 0
[2026-04-27 08:52:09] [INFO]   Đơn hàng:  0
[2026-04-27 08:52:09] [INFO]   Lỗi:       0
[2026-04-27 08:52:14] [INFO] ========================================
[2026-04-27 08:52:14] [INFO] 🔄 BẮT ĐẦU CHU KỲ MỚI
[2026-04-27 08:52:14] [INFO] ========================================
[2026-04-27 08:52:14] [INFO] ⏭️ Bỏ qua thu hoạch (chưa có ảnh mẫu)
[2026-04-27 08:52:14] [INFO] ⏭️ Bỏ qua trồng cây (chưa có ảnh mẫu)
[2026-04-27 08:52:14] [INFO] 📦 Bắt đầu XỬ LÝ ĐƠN HÀNG...
[2026-04-27 08:52:15] [DEBUG] Screenshot OK: (900, 1600)
[2026-04-27 08:52:15] [INFO] Tìm thấy 1 dấu (!): 1 đỏ, 0 vàng
[2026-04-27 08:52:15] [INFO]   🔴 Click dấu (!) red tại (583, 278) conf=0.76
[2026-04-27 08:52:16] [DEBUG] Tap: (583, 278)
[2026-04-27 08:52:20] [DEBUG] Screenshot OK: (900, 1600)
[2026-04-27 08:52:20] [DEBUG] Found btn_chua_co_hang.png at (275,1277) conf=1.000
[2026-04-27 08:52:20] [DEBUG] Tap: (275, 1277)
[2026-04-27 08:52:20] [INFO] Tap btn_chua_co_hang.png at (275,1277)
[2026-04-27 08:52:20] [INFO]   ✅ Đã click 'Chưa có hàng'
[2026-04-27 08:52:21] [INFO]   ✅ Xử lý đơn #1
[2026-04-27 08:52:25] [DEBUG] Screenshot OK: (900, 1600)
[2026-04-27 08:52:26] [INFO] Đã xử lý 1 đơn hàng
[2026-04-27 08:52:26] [INFO] --- THỐNG KÊ ---
[2026-04-27 08:52:26] [INFO]   Thu hoạch: 0
[2026-04-27 08:52:26] [INFO]   Trồng cây: 0
[2026-04-27 08:52:26] [INFO]   Đơn hàng:  1
[2026-04-27 08:52:26] [INFO]   Lỗi:       0
[2026-04-27 08:52:31] [INFO] ========================================
[2026-04-27 08:52:31] [INFO] 🔄 BẮT ĐẦU CHU KỲ MỚI
[2026-04-27 08:52:31] [INFO] ========================================
[2026-04-27 08:52:31] [INFO] ⏭️ Bỏ qua thu hoạch (chưa có ảnh mẫu)
[2026-04-27 08:52:31] [INFO] ⏭️ Bỏ qua trồng cây (chưa có ảnh mẫu)
[2026-04-27 08:52:31] [INFO] 📦 Bắt đầu XỬ LÝ ĐƠN HÀNG...
[2026-04-27 08:52:32] [DEBUG] Screenshot OK: (900, 1600)
[2026-04-27 08:52:32] [INFO] Không tìm thấy dấu chấm than (!) nào
[2026-04-27 08:52:32] [INFO] Đã xử lý 0 đơn hàng
[2026-04-27 08:52:32] [INFO] --- THỐNG KÊ ---
[2026-04-27 08:52:32] [INFO]   Thu hoạch: 0
[2026-04-27 08:52:32] [INFO]   Trồng cây: 0
[2026-04-27 08:52:32] [INFO]   Đơn hàng:  1
[2026-04-27 08:52:32] [INFO]   Lỗi:       0
[2026-04-27 08:52:37] [INFO] ========================================
[2026-04-27 08:52:37] [INFO] 🔄 BẮT ĐẦU CHU KỲ MỚI
[2026-04-27 08:52:37] [INFO] ========================================
[2026-04-27 08:52:37] [INFO] ⏭️ Bỏ qua thu hoạch (chưa có ảnh mẫu)
[2026-04-27 08:52:37] [INFO] ⏭️ Bỏ qua trồng cây (chưa có ảnh mẫu)
[2026-04-27 08:52:37] [INFO] 📦 Bắt đầu XỬ LÝ ĐƠN HÀNG...
[2026-04-27 08:52:38] [DEBUG] Screenshot OK: (900, 1600)
[2026-04-27 08:52:38] [INFO] Không tìm thấy dấu chấm than (!) nào
[2026-04-27 08:52:38] [INFO] Đã xử lý 0 đơn hàng
[2026-04-27 08:52:38] [INFO] --- THỐNG KÊ ---
[2026-04-27 08:52:38] [INFO]   Thu hoạch: 0
[2026-04-27 08:52:38] [INFO]   Trồng cây: 0
[2026-04-27 08:52:38] [INFO]   Đơn hàng:  1
[2026-04-27 08:52:38] [INFO]   Lỗi:       0
[2026-04-27 08:52:43] [INFO] ========================================
[2026-04-27 08:52:43] [INFO] 🔄 BẮT ĐẦU CHU KỲ MỚI
[2026-04-27 08:52:43] [INFO] ========================================
[2026-04-27 08:52:43] [INFO] ⏭️ Bỏ qua thu hoạch (chưa có ảnh mẫu)
[2026-04-27 08:52:43] [INFO] ⏭️ Bỏ qua trồng cây (chưa có ảnh mẫu)
[2026-04-27 08:52:43] [INFO] 📦 Bắt đầu XỬ LÝ ĐƠN HÀNG...
[2026-04-27 08:52:44] [DEBUG] Screenshot OK: (900, 1600)
[2026-04-27 08:52:45] [INFO] Không tìm thấy dấu chấm than (!) nào
[2026-04-27 08:52:45] [INFO] Đã xử lý 0 đơn hàng
[2026-04-27 08:52:45] [INFO] --- THỐNG KÊ ---
[2026-04-27 08:52:45] [INFO]   Thu hoạch: 0
[2026-04-27 08:52:45] [INFO]   Trồng cây: 0
[2026-04-27 08:52:45] [INFO]   Đơn hàng:  1
[2026-04-27 08:52:45] [INFO]   Lỗi:       0
[2026-04-27 08:52:50] [INFO] ========================================
[2026-04-27 08:52:50] [INFO] 🔄 BẮT ĐẦU CHU KỲ MỚI
[2026-04-27 08:52:50] [INFO] ========================================
[2026-04-27 08:52:50] [INFO] ⏭️ Bỏ qua thu hoạch (chưa có ảnh mẫu)
[2026-04-27 08:52:50] [INFO] ⏭️ Bỏ qua trồng cây (chưa có ảnh mẫu)
[2026-04-27 08:52:50] [INFO] 📦 Bắt đầu XỬ LÝ ĐƠN HÀNG...
[2026-04-27 08:52:51] [DEBUG] Screenshot OK: (900, 1600)
[2026-04-27 08:52:51] [INFO] Không tìm thấy dấu chấm than (!) nào
[2026-04-27 08:52:51] [INFO] Đã xử lý 0 đơn hàng
[2026-04-27 08:52:51] [INFO] --- THỐNG KÊ ---
[2026-04-27 08:52:51] [INFO]   Thu hoạch: 0
[2026-04-27 08:52:51] [INFO]   Trồng cây: 0
[2026-04-27 08:52:51] [INFO]   Đơn hàng:  1
[2026-04-27 08:52:51] [INFO]   Lỗi:       0
[2026-04-27 08:52:56] [INFO] ========================================
[2026-04-27 08:52:56] [INFO] 🔄 BẮT ĐẦU CHU KỲ MỚI
[2026-04-27 08:52:56] [INFO] ========================================
[2026-04-27 08:52:56] [INFO] ⏭️ Bỏ qua thu hoạch (chưa có ảnh mẫu)
[2026-04-27 08:52:56] [INFO] ⏭️ Bỏ qua trồng cây (chưa có ảnh mẫu)
[2026-04-27 08:52:56] [INFO] 📦 Bắt đầu XỬ LÝ ĐƠN HÀNG...
[2026-04-27 08:52:57] [DEBUG] Screenshot OK: (900, 1600)
[2026-04-27 08:52:57] [INFO] Không tìm thấy dấu chấm than (!) nào
[2026-04-27 08:52:57] [INFO] Đã xử lý 0 đơn hàng
[2026-04-27 08:52:57] [INFO] --- THỐNG KÊ ---
[2026-04-27 08:52:57] [INFO]   Thu hoạch: 0
[2026-04-27 08:52:57] [INFO]   Trồng cây: 0
[2026-04-27 08:52:57] [INFO]   Đơn hàng:  1
[2026-04-27 08:52:57] [INFO]   Lỗi:       0
[2026-04-27 08:53:02] [INFO] ========================================
[2026-04-27 08:53:02] [INFO] 🔄 BẮT ĐẦU CHU KỲ MỚI
[2026-04-27 08:53:02] [INFO] ========================================
[2026-04-27 08:53:02] [INFO] ⏭️ Bỏ qua thu hoạch (chưa có ảnh mẫu)
[2026-04-27 08:53:02] [INFO] ⏭️ Bỏ qua trồng cây (chưa có ảnh mẫu)
[2026-04-27 08:53:02] [INFO] 📦 Bắt đầu XỬ LÝ ĐƠN HÀNG...
[2026-04-27 08:53:03] [DEBUG] Screenshot OK: (900, 1600)
[2026-04-27 08:53:04] [INFO] Không tìm thấy dấu chấm than (!) nào
[2026-04-27 08:53:04] [INFO] Đã xử lý 0 đơn hàng
[2026-04-27 08:53:04] [INFO] --- THỐNG KÊ ---
[2026-04-27 08:53:04] [INFO]   Thu hoạch: 0
[2026-04-27 08:53:04] [INFO]   Trồng cây: 0
[2026-04-27 08:53:04] [INFO]   Đơn hàng:  1
[2026-04-27 08:53:04] [INFO]   Lỗi:       0
[2026-04-27 08:53:09] [INFO] ========================================
[2026-04-27 08:53:09] [INFO] 🔄 BẮT ĐẦU CHU KỲ MỚI
[2026-04-27 08:53:09] [INFO] ========================================
[2026-04-27 08:53:09] [INFO] ⏭️ Bỏ qua thu hoạch (chưa có ảnh mẫu)
[2026-04-27 08:53:09] [INFO] ⏭️ Bỏ qua trồng cây (chưa có ảnh mẫu)
[2026-04-27 08:53:09] [INFO] 📦 Bắt đầu XỬ LÝ ĐƠN HÀNG...
[2026-04-27 08:53:10] [DEBUG] Screenshot OK: (900, 1600)
[2026-04-27 08:53:10] [INFO] Không tìm thấy dấu chấm than (!) nào
[2026-04-27 08:53:10] [INFO] Đã xử lý 0 đơn hàng
[2026-04-27 08:53:10] [INFO] --- THỐNG KÊ ---
[2026-04-27 08:53:10] [INFO]   Thu hoạch: 0
[2026-04-27 08:53:10] [INFO]   Trồng cây: 0
[2026-04-27 08:53:10] [INFO]   Đơn hàng:  1
[2026-04-27 08:53:10] [INFO]   Lỗi:       0
[2026-04-27 08:53:15] [INFO] ========================================
[2026-04-27 08:53:15] [INFO] 🔄 BẮT ĐẦU CHU KỲ MỚI
[2026-04-27 08:53:15] [INFO] ========================================
[2026-04-27 08:53:15] [INFO] ⏭️ Bỏ qua thu hoạch (chưa có ảnh mẫu)
[2026-04-27 08:53:15] [INFO] ⏭️ Bỏ qua trồng cây (chưa có ảnh mẫu)
[2026-04-27 08:53:15] [INFO] 📦 Bắt đầu XỬ LÝ ĐƠN HÀNG...
[2026-04-27 08:53:16] [DEBUG] Screenshot OK: (900, 1600)
[2026-04-27 08:53:16] [INFO] Không tìm thấy dấu chấm than (!) nào
[2026-04-27 08:53:16] [INFO] Đã xử lý 0 đơn hàng
[2026-04-27 08:53:16] [INFO] --- THỐNG KÊ ---
[2026-04-27 08:53:16] [INFO]   Thu hoạch: 0
[2026-04-27 08:53:16] [INFO]   Trồng cây: 0
[2026-04-27 08:53:16] [INFO]   Đơn hàng:  1
[2026-04-27 08:53:16] [INFO]   Lỗi:       0
[2026-04-27 08:53:21] [INFO] ========================================
[2026-04-27 08:53:21] [INFO] 🔄 BẮT ĐẦU CHU KỲ MỚI
[2026-04-27 08:53:21] [INFO] ========================================
[2026-04-27 08:53:21] [INFO] ⏭️ Bỏ qua thu hoạch (chưa có ảnh mẫu)
[2026-04-27 08:53:21] [INFO] ⏭️ Bỏ qua trồng cây (chưa có ảnh mẫu)
[2026-04-27 08:53:21] [INFO] 📦 Bắt đầu XỬ LÝ ĐƠN HÀNG...
[2026-04-27 08:53:22] [DEBUG] Screenshot OK: (900, 1600)
[2026-04-27 08:53:23] [INFO] Không tìm thấy dấu chấm than (!) nào
[2026-04-27 08:53:23] [INFO] Đã xử lý 0 đơn hàng
[2026-04-27 08:53:23] [INFO] --- THỐNG KÊ ---
[2026-04-27 08:53:23] [INFO]   Thu hoạch: 0
[2026-04-27 08:53:23] [INFO]   Trồng cây: 0
[2026-04-27 08:53:23] [INFO]   Đơn hàng:  1
[2026-04-27 08:53:23] [INFO]   Lỗi:       0
[2026-04-27 08:53:28] [INFO] ========================================
[2026-04-27 08:53:28] [INFO] 🔄 BẮT ĐẦU CHU KỲ MỚI
[2026-04-27 08:53:28] [INFO] ========================================
[2026-04-27 08:53:28] [INFO] ⏭️ Bỏ qua thu hoạch (chưa có ảnh mẫu)
[2026-04-27 08:53:28] [INFO] ⏭️ Bỏ qua trồng cây (chưa có ảnh mẫu)
[2026-04-27 08:53:28] [INFO] 📦 Bắt đầu XỬ LÝ ĐƠN HÀNG...
[2026-04-27 08:53:29] [DEBUG] Screenshot OK: (900, 1600)
[2026-04-27 08:53:29] [INFO] Không tìm thấy dấu chấm than (!) nào
[2026-04-27 08:53:29] [INFO] Đã xử lý 0 đơn hàng
[2026-04-27 08:53:29] [INFO] --- THỐNG KÊ ---
[2026-04-27 08:53:29] [INFO]   Thu hoạch: 0
[2026-04-27 08:53:29] [INFO]   Trồng cây: 0
[2026-04-27 08:53:29] [INFO]   Đơn hàng:  1
[2026-04-27 08:53:29] [INFO]   Lỗi:       0
[2026-04-27 08:53:34] [INFO] ========================================
[2026-04-27 08:53:34] [INFO] 🔄 BẮT ĐẦU CHU KỲ MỚI
[2026-04-27 08:53:34] [INFO] ========================================
[2026-04-27 08:53:34] [INFO] ⏭️ Bỏ qua thu hoạch (chưa có ảnh mẫu)
[2026-04-27 08:53:34] [INFO] ⏭️ Bỏ qua trồng cây (chưa có ảnh mẫu)
[2026-04-27 08:53:34] [INFO] 📦 Bắt đầu XỬ LÝ ĐƠN HÀNG...
[2026-04-27 08:53:35] [DEBUG] Screenshot OK: (900, 1600)
[2026-04-27 08:53:35] [INFO] Không tìm thấy dấu chấm than (!) nào
[2026-04-27 08:53:35] [INFO] Đã xử lý 0 đơn hàng
[2026-04-27 08:53:35] [INFO] --- THỐNG KÊ ---
[2026-04-27 08:53:35] [INFO]   Thu hoạch: 0
[2026-04-27 08:53:35] [INFO]   Trồng cây: 0
[2026-04-27 08:53:35] [INFO]   Đơn hàng:  1
[2026-04-27 08:53:35] [INFO]   Lỗi:       0
[2026-04-27 08:53:40] [INFO] ========================================
[2026-04-27 08:53:40] [INFO] 🔄 BẮT ĐẦU CHU KỲ MỚI
[2026-04-27 08:53:40] [INFO] ========================================
[2026-04-27 08:53:40] [INFO] ⏭️ Bỏ qua thu hoạch (chưa có ảnh mẫu)
[2026-04-27 08:53:40] [INFO] ⏭️ Bỏ qua trồng cây (chưa có ảnh mẫu)
[2026-04-27 08:53:40] [INFO] 📦 Bắt đầu XỬ LÝ ĐƠN HÀNG...
[2026-04-27 08:53:42] [DEBUG] Screenshot OK: (900, 1600)
[2026-04-27 08:53:42] [INFO] Không tìm thấy dấu chấm than (!) nào
[2026-04-27 08:53:42] [INFO] Đã xử lý 0 đơn hàng
[2026-04-27 08:53:42] [INFO] --- THỐNG KÊ ---
[2026-04-27 08:53:42] [INFO]   Thu hoạch: 0
[2026-04-27 08:53:42] [INFO]   Trồng cây: 0
[2026-04-27 08:53:42] [INFO]   Đơn hàng:  1
[2026-04-27 08:53:42] [INFO]   Lỗi:       0
[2026-04-27 08:53:47] [INFO] ========================================
[2026-04-27 08:53:47] [INFO] 🔄 BẮT ĐẦU CHU KỲ MỚI
[2026-04-27 08:53:47] [INFO] ========================================
[2026-04-27 08:53:47] [INFO] ⏭️ Bỏ qua thu hoạch (chưa có ảnh mẫu)
[2026-04-27 08:53:47] [INFO] ⏭️ Bỏ qua trồng cây (chưa có ảnh mẫu)
[2026-04-27 08:53:47] [INFO] 📦 Bắt đầu XỬ LÝ ĐƠN HÀNG...
[2026-04-27 08:53:48] [DEBUG] Screenshot OK: (900, 1600)
[2026-04-27 08:53:48] [INFO] Không tìm thấy dấu chấm than (!) nào
[2026-04-27 08:53:48] [INFO] Đã xử lý 0 đơn hàng
[2026-04-27 08:53:48] [INFO] --- THỐNG KÊ ---
[2026-04-27 08:53:48] [INFO]   Thu hoạch: 0
[2026-04-27 08:53:48] [INFO]   Trồng cây: 0
[2026-04-27 08:53:48] [INFO]   Đơn hàng:  1
[2026-04-27 08:53:48] [INFO]   Lỗi:       0
[2026-04-27 08:53:53] [INFO] ========================================
[2026-04-27 08:53:53] [INFO] 🔄 BẮT ĐẦU CHU KỲ MỚI
[2026-04-27 08:53:53] [INFO] ========================================
[2026-04-27 08:53:53] [INFO] ⏭️ Bỏ qua thu hoạch (chưa có ảnh mẫu)
[2026-04-27 08:53:53] [INFO] ⏭️ Bỏ qua trồng cây (chưa có ảnh mẫu)
[2026-04-27 08:53:53] [INFO] 📦 Bắt đầu XỬ LÝ ĐƠN HÀNG...
[2026-04-27 08:53:54] [DEBUG] Screenshot OK: (900, 1600)
[2026-04-27 08:53:55] [INFO] Không tìm thấy dấu chấm than (!) nào
[2026-04-27 08:53:55] [INFO] Đã xử lý 0 đơn hàng
[2026-04-27 08:53:55] [INFO] --- THỐNG KÊ ---
[2026-04-27 08:53:55] [INFO]   Thu hoạch: 0
[2026-04-27 08:53:55] [INFO]   Trồng cây: 0
[2026-04-27 08:53:55] [INFO]   Đơn hàng:  1
[2026-04-27 08:53:55] [INFO]   Lỗi:       0
[2026-04-27 08:54:00] [INFO] ========================================
[2026-04-27 08:54:00] [INFO] 🔄 BẮT ĐẦU CHU KỲ MỚI
[2026-04-27 08:54:00] [INFO] ========================================
[2026-04-27 08:54:00] [INFO] ⏭️ Bỏ qua thu hoạch (chưa có ảnh mẫu)
[2026-04-27 08:54:00] [INFO] ⏭️ Bỏ qua trồng cây (chưa có ảnh mẫu)
[2026-04-27 08:54:00] [INFO] 📦 Bắt đầu XỬ LÝ ĐƠN HÀNG...
[2026-04-27 08:54:01] [DEBUG] Screenshot OK: (900, 1600)
[2026-04-27 08:54:01] [INFO] Không tìm thấy dấu chấm than (!) nào
[2026-04-27 08:54:01] [INFO] Đã xử lý 0 đơn hàng
[2026-04-27 08:54:01] [INFO] --- THỐNG KÊ ---
[2026-04-27 08:54:01] [INFO]   Thu hoạch: 0
[2026-04-27 08:54:01] [INFO]   Trồng cây: 0
[2026-04-27 08:54:01] [INFO]   Đơn hàng:  1
[2026-04-27 08:54:01] [INFO]   Lỗi:       0
[2026-04-27 08:54:06] [INFO] ========================================
[2026-04-27 08:54:06] [INFO] 🔄 BẮT ĐẦU CHU KỲ MỚI
[2026-04-27 08:54:06] [INFO] ========================================
[2026-04-27 08:54:06] [INFO] ⏭️ Bỏ qua thu hoạch (chưa có ảnh mẫu)
[2026-04-27 08:54:06] [INFO] ⏭️ Bỏ qua trồng cây (chưa có ảnh mẫu)
[2026-04-27 08:54:06] [INFO] 📦 Bắt đầu XỬ LÝ ĐƠN HÀNG...
[2026-04-27 08:54:07] [DEBUG] Screenshot OK: (900, 1600)
[2026-04-27 08:54:07] [INFO] Không tìm thấy dấu chấm than (!) nào
[2026-04-27 08:54:07] [INFO] Đã xử lý 0 đơn hàng
[2026-04-27 08:54:07] [INFO] --- THỐNG KÊ ---
[2026-04-27 08:54:07] [INFO]   Thu hoạch: 0
[2026-04-27 08:54:07] [INFO]   Trồng cây: 0
[2026-04-27 08:54:07] [INFO]   Đơn hàng:  1
[2026-04-27 08:54:07] [INFO]   Lỗi:       0
[2026-04-27 08:54:36] [INFO] Tìm thấy ADB trong PATH
[2026-04-27 08:54:36] [INFO] ==================================================
[2026-04-27 08:54:36] [INFO] 🌱 KHỞI ĐỘNG AUTO GAME - THẾ GIỚI HOA VIÊN
[2026-04-27 08:54:36] [INFO] ==================================================
[2026-04-27 08:54:36] [INFO] Đang kết nối tới 127.0.0.1:5555...
[2026-04-27 08:54:38] [INFO] ✅ Đã kết nối: 127.0.0.1:5555
[2026-04-27 08:54:38] [INFO] Màn hình: 1600x900
[2026-04-27 08:54:38] [INFO] ========================================
[2026-04-27 08:54:38] [INFO] 🔄 BẮT ĐẦU CHU KỲ MỚI
[2026-04-27 08:54:38] [INFO] ========================================
[2026-04-27 08:54:38] [INFO] ⏭️ Bỏ qua thu hoạch (chưa có ảnh mẫu)
[2026-04-27 08:54:38] [INFO] ⏭️ Bỏ qua trồng cây (chưa có ảnh mẫu)
[2026-04-27 08:54:38] [INFO] 📦 Bắt đầu XỬ LÝ ĐƠN HÀNG...
[2026-04-27 08:54:39] [DEBUG] Screenshot OK: (900, 1600)
[2026-04-27 08:54:39] [INFO] Không tìm thấy dấu chấm than (!) nào
[2026-04-27 08:54:39] [INFO] Đã xử lý 0 đơn hàng
[2026-04-27 08:54:39] [INFO] --- THỐNG KÊ ---
[2026-04-27 08:54:39] [INFO]   Thu hoạch: 0
[2026-04-27 08:54:39] [INFO]   Trồng cây: 0
[2026-04-27 08:54:39] [INFO]   Đơn hàng:  0
[2026-04-27 08:54:39] [INFO]   Lỗi:       0
[2026-04-27 08:54:44] [INFO] ========================================
[2026-04-27 08:54:44] [INFO] 🔄 BẮT ĐẦU CHU KỲ MỚI
[2026-04-27 08:54:44] [INFO] ========================================
[2026-04-27 08:54:44] [INFO] ⏭️ Bỏ qua thu hoạch (chưa có ảnh mẫu)
[2026-04-27 08:54:44] [INFO] ⏭️ Bỏ qua trồng cây (chưa có ảnh mẫu)
[2026-04-27 08:54:44] [INFO] 📦 Bắt đầu XỬ LÝ ĐƠN HÀNG...
[2026-04-27 08:54:45] [DEBUG] Screenshot OK: (900, 1600)
[2026-04-27 08:54:46] [INFO] Không tìm thấy dấu chấm than (!) nào
[2026-04-27 08:54:46] [INFO] Đã xử lý 0 đơn hàng
[2026-04-27 08:54:46] [INFO] --- THỐNG KÊ ---
[2026-04-27 08:54:46] [INFO]   Thu hoạch: 0
[2026-04-27 08:54:46] [INFO]   Trồng cây: 0
[2026-04-27 08:54:46] [INFO]   Đơn hàng:  0
[2026-04-27 08:54:46] [INFO]   Lỗi:       0
[2026-04-27 08:54:51] [INFO] ========================================
[2026-04-27 08:54:51] [INFO] 🔄 BẮT ĐẦU CHU KỲ MỚI
[2026-04-27 08:54:51] [INFO] ========================================
[2026-04-27 08:54:51] [INFO] ⏭️ Bỏ qua thu hoạch (chưa có ảnh mẫu)
[2026-04-27 08:54:51] [INFO] ⏭️ Bỏ qua trồng cây (chưa có ảnh mẫu)
[2026-04-27 08:54:51] [INFO] 📦 Bắt đầu XỬ LÝ ĐƠN HÀNG...
[2026-04-27 08:54:52] [DEBUG] Screenshot OK: (900, 1600)
[2026-04-27 08:54:52] [INFO] Không tìm thấy dấu chấm than (!) nào
[2026-04-27 08:54:52] [INFO] Đã xử lý 0 đơn hàng
[2026-04-27 08:54:52] [INFO] --- THỐNG KÊ ---
[2026-04-27 08:54:52] [INFO]   Thu hoạch: 0
[2026-04-27 08:54:52] [INFO]   Trồng cây: 0
[2026-04-27 08:54:52] [INFO]   Đơn hàng:  0
[2026-04-27 08:54:52] [INFO]   Lỗi:       0
[2026-04-27 08:54:57] [INFO] ========================================
[2026-04-27 08:54:57] [INFO] 🔄 BẮT ĐẦU CHU KỲ MỚI
[2026-04-27 08:54:57] [INFO] ========================================
[2026-04-27 08:54:57] [INFO] ⏭️ Bỏ qua thu hoạch (chưa có ảnh mẫu)
[2026-04-27 08:54:57] [INFO] ⏭️ Bỏ qua trồng cây (chưa có ảnh mẫu)
[2026-04-27 08:54:57] [INFO] 📦 Bắt đầu XỬ LÝ ĐƠN HÀNG...
[2026-04-27 08:54:58] [DEBUG] Screenshot OK: (900, 1600)
[2026-04-27 08:54:58] [INFO] Không tìm thấy dấu chấm than (!) nào
[2026-04-27 08:54:58] [INFO] Đã xử lý 0 đơn hàng
[2026-04-27 08:54:58] [INFO] --- THỐNG KÊ ---
[2026-04-27 08:54:58] [INFO]   Thu hoạch: 0
[2026-04-27 08:54:58] [INFO]   Trồng cây: 0
[2026-04-27 08:54:58] [INFO]   Đơn hàng:  0
[2026-04-27 08:54:58] [INFO]   Lỗi:       0
[2026-04-27 08:55:03] [INFO] ========================================
[2026-04-27 08:55:03] [INFO] 🔄 BẮT ĐẦU CHU KỲ MỚI
[2026-04-27 08:55:03] [INFO] ========================================
[2026-04-27 08:55:03] [INFO] ⏭️ Bỏ qua thu hoạch (chưa có ảnh mẫu)
[2026-04-27 08:55:03] [INFO] ⏭️ Bỏ qua trồng cây (chưa có ảnh mẫu)
[2026-04-27 08:55:03] [INFO] 📦 Bắt đầu XỬ LÝ ĐƠN HÀNG...
[2026-04-27 08:55:04] [DEBUG] Screenshot OK: (900, 1600)
[2026-04-27 08:55:05] [INFO] Không tìm thấy dấu chấm than (!) nào
[2026-04-27 08:55:05] [INFO] Đã xử lý 0 đơn hàng
[2026-04-27 08:55:05] [INFO] --- THỐNG KÊ ---
[2026-04-27 08:55:05] [INFO]   Thu hoạch: 0
[2026-04-27 08:55:05] [INFO]   Trồng cây: 0
[2026-04-27 08:55:05] [INFO]   Đơn hàng:  0
[2026-04-27 08:55:05] [INFO]   Lỗi:       0
[2026-04-27 08:55:10] [INFO] ========================================
[2026-04-27 08:55:10] [INFO] 🔄 BẮT ĐẦU CHU KỲ MỚI
[2026-04-27 08:55:10] [INFO] ========================================
[2026-04-27 08:55:10] [INFO] ⏭️ Bỏ qua thu hoạch (chưa có ảnh mẫu)
[2026-04-27 08:55:10] [INFO] ⏭️ Bỏ qua trồng cây (chưa có ảnh mẫu)
[2026-04-27 08:55:10] [INFO] 📦 Bắt đầu XỬ LÝ ĐƠN HÀNG...
[2026-04-27 08:55:11] [DEBUG] Screenshot OK: (900, 1600)
[2026-04-27 08:55:11] [INFO] Không tìm thấy dấu chấm than (!) nào
[2026-04-27 08:55:11] [INFO] Đã xử lý 0 đơn hàng
[2026-04-27 08:55:11] [INFO] --- THỐNG KÊ ---
[2026-04-27 08:55:11] [INFO]   Thu hoạch: 0
[2026-04-27 08:55:11] [INFO]   Trồng cây: 0
[2026-04-27 08:55:11] [INFO]   Đơn hàng:  0
[2026-04-27 08:55:11] [INFO]   Lỗi:       0
[2026-04-27 08:55:16] [INFO] ========================================
[2026-04-27 08:55:16] [INFO] 🔄 BẮT ĐẦU CHU KỲ MỚI
[2026-04-27 08:55:16] [INFO] ========================================
[2026-04-27 08:55:16] [INFO] ⏭️ Bỏ qua thu hoạch (chưa có ảnh mẫu)
[2026-04-27 08:55:16] [INFO] ⏭️ Bỏ qua trồng cây (chưa có ảnh mẫu)
[2026-04-27 08:55:16] [INFO] 📦 Bắt đầu XỬ LÝ ĐƠN HÀNG...
[2026-04-27 08:55:17] [DEBUG] Screenshot OK: (900, 1600)
[2026-04-27 08:55:17] [INFO] Không tìm thấy dấu chấm than (!) nào
[2026-04-27 08:55:17] [INFO] Đã xử lý 0 đơn hàng
[2026-04-27 08:55:17] [INFO] --- THỐNG KÊ ---
[2026-04-27 08:55:17] [INFO]   Thu hoạch: 0
[2026-04-27 08:55:17] [INFO]   Trồng cây: 0
[2026-04-27 08:55:17] [INFO]   Đơn hàng:  0
[2026-04-27 08:55:17] [INFO]   Lỗi:       0
[2026-04-27 08:55:22] [INFO] ========================================
[2026-04-27 08:55:22] [INFO] 🔄 BẮT ĐẦU CHU KỲ MỚI
[2026-04-27 08:55:22] [INFO] ========================================
[2026-04-27 08:55:22] [INFO] ⏭️ Bỏ qua thu hoạch (chưa có ảnh mẫu)
[2026-04-27 08:55:22] [INFO] ⏭️ Bỏ qua trồng cây (chưa có ảnh mẫu)
[2026-04-27 08:55:22] [INFO] 📦 Bắt đầu XỬ LÝ ĐƠN HÀNG...
[2026-04-27 08:55:23] [DEBUG] Screenshot OK: (900, 1600)
[2026-04-27 08:55:24] [INFO] Không tìm thấy dấu chấm than (!) nào
[2026-04-27 08:55:24] [INFO] Đã xử lý 0 đơn hàng
[2026-04-27 08:55:24] [INFO] --- THỐNG KÊ ---
[2026-04-27 08:55:24] [INFO]   Thu hoạch: 0
[2026-04-27 08:55:24] [INFO]   Trồng cây: 0
[2026-04-27 08:55:24] [INFO]   Đơn hàng:  0
[2026-04-27 08:55:24] [INFO]   Lỗi:       0
[2026-04-27 08:55:29] [INFO] ========================================
[2026-04-27 08:55:29] [INFO] 🔄 BẮT ĐẦU CHU KỲ MỚI
[2026-04-27 08:55:29] [INFO] ========================================
[2026-04-27 08:55:29] [INFO] ⏭️ Bỏ qua thu hoạch (chưa có ảnh mẫu)
[2026-04-27 08:55:29] [INFO] ⏭️ Bỏ qua trồng cây (chưa có ảnh mẫu)
[2026-04-27 08:55:29] [INFO] 📦 Bắt đầu XỬ LÝ ĐƠN HÀNG...
[2026-04-27 08:55:29] [DEBUG] Screenshot OK: (900, 1600)
[2026-04-27 08:55:30] [INFO] Không tìm thấy dấu chấm than (!) nào
[2026-04-27 08:55:30] [INFO] Đã xử lý 0 đơn hàng
[2026-04-27 08:55:30] [INFO] --- THỐNG KÊ ---
[2026-04-27 08:55:30] [INFO]   Thu hoạch: 0
[2026-04-27 08:55:30] [INFO]   Trồng cây: 0
[2026-04-27 08:55:30] [INFO]   Đơn hàng:  0
[2026-04-27 08:55:30] [INFO]   Lỗi:       0
[2026-04-27 08:55:35] [INFO] ========================================
[2026-04-27 08:55:35] [INFO] 🔄 BẮT ĐẦU CHU KỲ MỚI
[2026-04-27 08:55:35] [INFO] ========================================
[2026-04-27 08:55:35] [INFO] ⏭️ Bỏ qua thu hoạch (chưa có ảnh mẫu)
[2026-04-27 08:55:35] [INFO] ⏭️ Bỏ qua trồng cây (chưa có ảnh mẫu)
[2026-04-27 08:55:35] [INFO] 📦 Bắt đầu XỬ LÝ ĐƠN HÀNG...
[2026-04-27 08:55:36] [DEBUG] Screenshot OK: (900, 1600)
[2026-04-27 08:55:36] [INFO] Không tìm thấy dấu chấm than (!) nào
[2026-04-27 08:55:36] [INFO] Đã xử lý 0 đơn hàng
[2026-04-27 08:55:36] [INFO] --- THỐNG KÊ ---
[2026-04-27 08:55:36] [INFO]   Thu hoạch: 0
[2026-04-27 08:55:36] [INFO]   Trồng cây: 0
[2026-04-27 08:55:36] [INFO]   Đơn hàng:  0
[2026-04-27 08:55:36] [INFO]   Lỗi:       0
[2026-04-27 08:55:41] [INFO] ========================================
[2026-04-27 08:55:41] [INFO] 🔄 BẮT ĐẦU CHU KỲ MỚI
[2026-04-27 08:55:41] [INFO] ========================================
[2026-04-27 08:55:41] [INFO] ⏭️ Bỏ qua thu hoạch (chưa có ảnh mẫu)
[2026-04-27 08:55:41] [INFO] ⏭️ Bỏ qua trồng cây (chưa có ảnh mẫu)
[2026-04-27 08:55:41] [INFO] 📦 Bắt đầu XỬ LÝ ĐƠN HÀNG...
[2026-04-27 08:55:42] [DEBUG] Screenshot OK: (900, 1600)
[2026-04-27 08:55:42] [INFO] Không tìm thấy dấu chấm than (!) nào
[2026-04-27 08:55:42] [INFO] Đã xử lý 0 đơn hàng
[2026-04-27 08:55:42] [INFO] --- THỐNG KÊ ---
[2026-04-27 08:55:42] [INFO]   Thu hoạch: 0
[2026-04-27 08:55:42] [INFO]   Trồng cây: 0
[2026-04-27 08:55:42] [INFO]   Đơn hàng:  0
[2026-04-27 08:55:42] [INFO]   Lỗi:       0
[2026-04-27 08:55:47] [INFO] ========================================
[2026-04-27 08:55:47] [INFO] 🔄 BẮT ĐẦU CHU KỲ MỚI
[2026-04-27 08:55:47] [INFO] ========================================
[2026-04-27 08:55:47] [INFO] ⏭️ Bỏ qua thu hoạch (chưa có ảnh mẫu)
[2026-04-27 08:55:47] [INFO] ⏭️ Bỏ qua trồng cây (chưa có ảnh mẫu)
[2026-04-27 08:55:47] [INFO] 📦 Bắt đầu XỬ LÝ ĐƠN HÀNG...
[2026-04-27 08:55:48] [DEBUG] Screenshot OK: (900, 1600)
[2026-04-27 08:55:49] [INFO] Không tìm thấy dấu chấm than (!) nào
[2026-04-27 08:55:49] [INFO] Đã xử lý 0 đơn hàng
[2026-04-27 08:55:49] [INFO] --- THỐNG KÊ ---
[2026-04-27 08:55:49] [INFO]   Thu hoạch: 0
[2026-04-27 08:55:49] [INFO]   Trồng cây: 0
[2026-04-27 08:55:49] [INFO]   Đơn hàng:  0
[2026-04-27 08:55:49] [INFO]   Lỗi:       0
[2026-04-27 08:55:54] [INFO] ========================================
[2026-04-27 08:55:54] [INFO] 🔄 BẮT ĐẦU CHU KỲ MỚI
[2026-04-27 08:55:54] [INFO] ========================================
[2026-04-27 08:55:54] [INFO] ⏭️ Bỏ qua thu hoạch (chưa có ảnh mẫu)
[2026-04-27 08:55:54] [INFO] ⏭️ Bỏ qua trồng cây (chưa có ảnh mẫu)
[2026-04-27 08:55:54] [INFO] 📦 Bắt đầu XỬ LÝ ĐƠN HÀNG...
[2026-04-27 08:55:54] [ERROR] Không thể chụp màn hình bằng cả 2 phương pháp!
[2026-04-27 08:55:54] [ERROR] Không chụp được màn hình!
[2026-04-27 08:55:54] [INFO] Đã xử lý 0 đơn hàng
[2026-04-27 08:55:54] [INFO] --- THỐNG KÊ ---
[2026-04-27 08:55:54] [INFO]   Thu hoạch: 0
[2026-04-27 08:55:54] [INFO]   Trồng cây: 0
[2026-04-27 08:55:54] [INFO]   Đơn hàng:  0
[2026-04-27 08:55:54] [INFO]   Lỗi:       1
[2026-04-27 08:55:59] [INFO] ========================================
[2026-04-27 08:55:59] [INFO] 🔄 BẮT ĐẦU CHU KỲ MỚI
[2026-04-27 08:55:59] [INFO] ========================================
[2026-04-27 08:55:59] [INFO] ⏭️ Bỏ qua thu hoạch (chưa có ảnh mẫu)
[2026-04-27 08:55:59] [INFO] ⏭️ Bỏ qua trồng cây (chưa có ảnh mẫu)
[2026-04-27 08:55:59] [INFO] 📦 Bắt đầu XỬ LÝ ĐƠN HÀNG...
[2026-04-27 08:55:59] [ERROR] Không thể chụp màn hình bằng cả 2 phương pháp!
[2026-04-27 08:55:59] [ERROR] Không chụp được màn hình!
[2026-04-27 08:55:59] [INFO] Đã xử lý 0 đơn hàng
[2026-04-27 08:55:59] [INFO] --- THỐNG KÊ ---
[2026-04-27 08:55:59] [INFO]   Thu hoạch: 0
[2026-04-27 08:55:59] [INFO]   Trồng cây: 0
[2026-04-27 08:55:59] [INFO]   Đơn hàng:  0
[2026-04-27 08:55:59] [INFO]   Lỗi:       2
[2026-04-27 08:56:04] [INFO] ========================================
[2026-04-27 08:56:04] [INFO] 🔄 BẮT ĐẦU CHU KỲ MỚI
[2026-04-27 08:56:04] [INFO] ========================================
[2026-04-27 08:56:04] [INFO] ⏭️ Bỏ qua thu hoạch (chưa có ảnh mẫu)
[2026-04-27 08:56:04] [INFO] ⏭️ Bỏ qua trồng cây (chưa có ảnh mẫu)
[2026-04-27 08:56:04] [INFO] 📦 Bắt đầu XỬ LÝ ĐƠN HÀNG...
[2026-04-27 08:56:04] [ERROR] Không thể chụp màn hình bằng cả 2 phương pháp!
[2026-04-27 08:56:04] [ERROR] Không chụp được màn hình!
[2026-04-27 08:56:04] [INFO] Đã xử lý 0 đơn hàng
[2026-04-27 08:56:04] [INFO] --- THỐNG KÊ ---
[2026-04-27 08:56:04] [INFO]   Thu hoạch: 0
[2026-04-27 08:56:04] [INFO]   Trồng cây: 0
[2026-04-27 08:56:04] [INFO]   Đơn hàng:  0
[2026-04-27 08:56:04] [INFO]   Lỗi:       3
[2026-04-27 08:56:09] [INFO] ========================================
[2026-04-27 08:56:09] [INFO] 🔄 BẮT ĐẦU CHU KỲ MỚI
[2026-04-27 08:56:09] [INFO] ========================================
[2026-04-27 08:56:09] [INFO] ⏭️ Bỏ qua thu hoạch (chưa có ảnh mẫu)
[2026-04-27 08:56:09] [INFO] ⏭️ Bỏ qua trồng cây (chưa có ảnh mẫu)
[2026-04-27 08:56:09] [INFO] 📦 Bắt đầu XỬ LÝ ĐƠN HÀNG...
[2026-04-27 08:56:09] [ERROR] Không thể chụp màn hình bằng cả 2 phương pháp!
[2026-04-27 08:56:09] [ERROR] Không chụp được màn hình!
[2026-04-27 08:56:09] [INFO] Đã xử lý 0 đơn hàng
[2026-04-27 08:56:09] [INFO] --- THỐNG KÊ ---
[2026-04-27 08:56:09] [INFO]   Thu hoạch: 0
[2026-04-27 08:56:09] [INFO]   Trồng cây: 0
[2026-04-27 08:56:09] [INFO]   Đơn hàng:  0
[2026-04-27 08:56:09] [INFO]   Lỗi:       4
[2026-04-27 08:56:14] [INFO] ========================================
[2026-04-27 08:56:14] [INFO] 🔄 BẮT ĐẦU CHU KỲ MỚI
[2026-04-27 08:56:14] [INFO] ========================================
[2026-04-27 08:56:14] [INFO] ⏭️ Bỏ qua thu hoạch (chưa có ảnh mẫu)
[2026-04-27 08:56:14] [INFO] ⏭️ Bỏ qua trồng cây (chưa có ảnh mẫu)
[2026-04-27 08:56:14] [INFO] 📦 Bắt đầu XỬ LÝ ĐƠN HÀNG...
[2026-04-27 08:56:14] [ERROR] Không thể chụp màn hình bằng cả 2 phương pháp!
[2026-04-27 08:56:14] [ERROR] Không chụp được màn hình!
[2026-04-27 08:56:14] [INFO] Đã xử lý 0 đơn hàng
[2026-04-27 08:56:14] [INFO] --- THỐNG KÊ ---
[2026-04-27 08:56:14] [INFO]   Thu hoạch: 0
[2026-04-27 08:56:14] [INFO]   Trồng cây: 0
[2026-04-27 08:56:14] [INFO]   Đơn hàng:  0
[2026-04-27 08:56:14] [INFO]   Lỗi:       5
[2026-04-27 08:56:19] [INFO] ========================================
[2026-04-27 08:56:19] [INFO] 🔄 BẮT ĐẦU CHU KỲ MỚI
[2026-04-27 08:56:19] [INFO] ========================================
[2026-04-27 08:56:19] [INFO] ⏭️ Bỏ qua thu hoạch (chưa có ảnh mẫu)
[2026-04-27 08:56:19] [INFO] ⏭️ Bỏ qua trồng cây (chưa có ảnh mẫu)
[2026-04-27 08:56:19] [INFO] 📦 Bắt đầu XỬ LÝ ĐƠN HÀNG...
[2026-04-27 08:56:19] [ERROR] Không thể chụp màn hình bằng cả 2 phương pháp!
[2026-04-27 08:56:19] [ERROR] Không chụp được màn hình!
[2026-04-27 08:56:19] [INFO] Đã xử lý 0 đơn hàng
[2026-04-27 08:56:19] [INFO] --- THỐNG KÊ ---
[2026-04-27 08:56:19] [INFO]   Thu hoạch: 0
[2026-04-27 08:56:19] [INFO]   Trồng cây: 0
[2026-04-27 08:56:19] [INFO]   Đơn hàng:  0
[2026-04-27 08:56:19] [INFO]   Lỗi:       6
[2026-04-27 08:56:24] [INFO] ========================================
[2026-04-27 08:56:24] [INFO] 🔄 BẮT ĐẦU CHU KỲ MỚI
[2026-04-27 08:56:24] [INFO] ========================================
[2026-04-27 08:56:24] [INFO] ⏭️ Bỏ qua thu hoạch (chưa có ảnh mẫu)
[2026-04-27 08:56:24] [INFO] ⏭️ Bỏ qua trồng cây (chưa có ảnh mẫu)
[2026-04-27 08:56:24] [INFO] 📦 Bắt đầu XỬ LÝ ĐƠN HÀNG...
[2026-04-27 08:56:24] [ERROR] Không thể chụp màn hình bằng cả 2 phương pháp!
[2026-04-27 08:56:24] [ERROR] Không chụp được màn hình!
[2026-04-27 08:56:24] [INFO] Đã xử lý 0 đơn hàng
[2026-04-27 08:56:24] [INFO] --- THỐNG KÊ ---
[2026-04-27 08:56:24] [INFO]   Thu hoạch: 0
[2026-04-27 08:56:24] [INFO]   Trồng cây: 0
[2026-04-27 08:56:24] [INFO]   Đơn hàng:  0
[2026-04-27 08:56:24] [INFO]   Lỗi:       7
[2026-04-27 08:56:29] [INFO] ========================================
[2026-04-27 08:56:29] [INFO] 🔄 BẮT ĐẦU CHU KỲ MỚI
[2026-04-27 08:56:29] [INFO] ========================================
[2026-04-27 08:56:29] [INFO] ⏭️ Bỏ qua thu hoạch (chưa có ảnh mẫu)
[2026-04-27 08:56:29] [INFO] ⏭️ Bỏ qua trồng cây (chưa có ảnh mẫu)
[2026-04-27 08:56:29] [INFO] 📦 Bắt đầu XỬ LÝ ĐƠN HÀNG...
[2026-04-27 08:56:29] [ERROR] Không thể chụp màn hình bằng cả 2 phương pháp!
[2026-04-27 08:56:29] [ERROR] Không chụp được màn hình!
[2026-04-27 08:56:29] [INFO] Đã xử lý 0 đơn hàng
[2026-04-27 08:56:29] [INFO] --- THỐNG KÊ ---
[2026-04-27 08:56:29] [INFO]   Thu hoạch: 0
[2026-04-27 08:56:29] [INFO]   Trồng cây: 0
[2026-04-27 08:56:29] [INFO]   Đơn hàng:  0
[2026-04-27 08:56:29] [INFO]   Lỗi:       8
[2026-04-27 08:56:34] [INFO] ========================================
[2026-04-27 08:56:34] [INFO] 🔄 BẮT ĐẦU CHU KỲ MỚI
[2026-04-27 08:56:34] [INFO] ========================================
[2026-04-27 08:56:34] [INFO] ⏭️ Bỏ qua thu hoạch (chưa có ảnh mẫu)
[2026-04-27 08:56:34] [INFO] ⏭️ Bỏ qua trồng cây (chưa có ảnh mẫu)
[2026-04-27 08:56:34] [INFO] 📦 Bắt đầu XỬ LÝ ĐƠN HÀNG...
[2026-04-27 08:56:34] [ERROR] Không thể chụp màn hình bằng cả 2 phương pháp!
[2026-04-27 08:56:34] [ERROR] Không chụp được màn hình!
[2026-04-27 08:56:34] [INFO] Đã xử lý 0 đơn hàng
[2026-04-27 08:56:34] [INFO] --- THỐNG KÊ ---
[2026-04-27 08:56:34] [INFO]   Thu hoạch: 0
[2026-04-27 08:56:34] [INFO]   Trồng cây: 0
[2026-04-27 08:56:34] [INFO]   Đơn hàng:  0
[2026-04-27 08:56:34] [INFO]   Lỗi:       9
[2026-04-27 08:56:39] [INFO] ========================================
[2026-04-27 08:56:39] [INFO] 🔄 BẮT ĐẦU CHU KỲ MỚI
[2026-04-27 08:56:39] [INFO] ========================================
[2026-04-27 08:56:39] [INFO] ⏭️ Bỏ qua thu hoạch (chưa có ảnh mẫu)
[2026-04-27 08:56:39] [INFO] ⏭️ Bỏ qua trồng cây (chưa có ảnh mẫu)
[2026-04-27 08:56:39] [INFO] 📦 Bắt đầu XỬ LÝ ĐƠN HÀNG...
[2026-04-27 08:56:39] [ERROR] Không thể chụp màn hình bằng cả 2 phương pháp!
[2026-04-27 08:56:39] [ERROR] Không chụp được màn hình!
[2026-04-27 08:56:39] [INFO] Đã xử lý 0 đơn hàng
[2026-04-27 08:56:39] [INFO] --- THỐNG KÊ ---
[2026-04-27 08:56:39] [INFO]   Thu hoạch: 0
[2026-04-27 08:56:39] [INFO]   Trồng cây: 0
[2026-04-27 08:56:39] [INFO]   Đơn hàng:  0
[2026-04-27 08:56:39] [INFO]   Lỗi:       10
[2026-04-27 08:56:44] [INFO] ========================================
[2026-04-27 08:56:44] [INFO] 🔄 BẮT ĐẦU CHU KỲ MỚI
[2026-04-27 08:56:44] [INFO] ========================================
[2026-04-27 08:56:44] [INFO] ⏭️ Bỏ qua thu hoạch (chưa có ảnh mẫu)
[2026-04-27 08:56:44] [INFO] ⏭️ Bỏ qua trồng cây (chưa có ảnh mẫu)
[2026-04-27 08:56:44] [INFO] 📦 Bắt đầu XỬ LÝ ĐƠN HÀNG...
[2026-04-27 08:56:44] [ERROR] Không thể chụp màn hình bằng cả 2 phương pháp!
[2026-04-27 08:56:44] [ERROR] Không chụp được màn hình!
[2026-04-27 08:56:44] [INFO] Đã xử lý 0 đơn hàng
[2026-04-27 08:56:44] [INFO] --- THỐNG KÊ ---
[2026-04-27 08:56:44] [INFO]   Thu hoạch: 0
[2026-04-27 08:56:44] [INFO]   Trồng cây: 0
[2026-04-27 08:56:44] [INFO]   Đơn hàng:  0
[2026-04-27 08:56:44] [INFO]   Lỗi:       11
[2026-04-27 08:56:49] [INFO] ========================================
[2026-04-27 08:56:49] [INFO] 🔄 BẮT ĐẦU CHU KỲ MỚI
[2026-04-27 08:56:49] [INFO] ========================================
[2026-04-27 08:56:49] [INFO] ⏭️ Bỏ qua thu hoạch (chưa có ảnh mẫu)
[2026-04-27 08:56:49] [INFO] ⏭️ Bỏ qua trồng cây (chưa có ảnh mẫu)
[2026-04-27 08:56:49] [INFO] 📦 Bắt đầu XỬ LÝ ĐƠN HÀNG...
[2026-04-27 08:56:50] [ERROR] Không thể chụp màn hình bằng cả 2 phương pháp!
[2026-04-27 08:56:50] [ERROR] Không chụp được màn hình!
[2026-04-27 08:56:50] [INFO] Đã xử lý 0 đơn hàng
[2026-04-27 08:56:50] [INFO] --- THỐNG KÊ ---
[2026-04-27 08:56:50] [INFO]   Thu hoạch: 0
[2026-04-27 08:56:50] [INFO]   Trồng cây: 0
[2026-04-27 08:56:50] [INFO]   Đơn hàng:  0
[2026-04-27 08:56:50] [INFO]   Lỗi:       12
[2026-04-27 08:56:55] [INFO] ========================================
[2026-04-27 08:56:55] [INFO] 🔄 BẮT ĐẦU CHU KỲ MỚI
[2026-04-27 08:56:55] [INFO] ========================================
[2026-04-27 08:56:55] [INFO] ⏭️ Bỏ qua thu hoạch (chưa có ảnh mẫu)
[2026-04-27 08:56:55] [INFO] ⏭️ Bỏ qua trồng cây (chưa có ảnh mẫu)
[2026-04-27 08:56:55] [INFO] 📦 Bắt đầu XỬ LÝ ĐƠN HÀNG...
[2026-04-27 08:56:55] [ERROR] Không thể chụp màn hình bằng cả 2 phương pháp!
[2026-04-27 08:56:55] [ERROR] Không chụp được màn hình!
[2026-04-27 08:56:55] [INFO] Đã xử lý 0 đơn hàng
[2026-04-27 08:56:55] [INFO] --- THỐNG KÊ ---
[2026-04-27 08:56:55] [INFO]   Thu hoạch: 0
[2026-04-27 08:56:55] [INFO]   Trồng cây: 0
[2026-04-27 08:56:55] [INFO]   Đơn hàng:  0
[2026-04-27 08:56:55] [INFO]   Lỗi:       13
[2026-04-27 08:57:00] [INFO] ========================================
[2026-04-27 08:57:00] [INFO] 🔄 BẮT ĐẦU CHU KỲ MỚI
[2026-04-27 08:57:00] [INFO] ========================================
[2026-04-27 08:57:00] [INFO] ⏭️ Bỏ qua thu hoạch (chưa có ảnh mẫu)
[2026-04-27 08:57:00] [INFO] ⏭️ Bỏ qua trồng cây (chưa có ảnh mẫu)
[2026-04-27 08:57:00] [INFO] 📦 Bắt đầu XỬ LÝ ĐƠN HÀNG...
[2026-04-27 08:57:00] [ERROR] Không thể chụp màn hình bằng cả 2 phương pháp!
[2026-04-27 08:57:00] [ERROR] Không chụp được màn hình!
[2026-04-27 08:57:00] [INFO] Đã xử lý 0 đơn hàng
[2026-04-27 08:57:00] [INFO] --- THỐNG KÊ ---
[2026-04-27 08:57:00] [INFO]   Thu hoạch: 0
[2026-04-27 08:57:00] [INFO]   Trồng cây: 0
[2026-04-27 08:57:00] [INFO]   Đơn hàng:  0
[2026-04-27 08:57:00] [INFO]   Lỗi:       14
[2026-04-27 08:57:05] [INFO] ========================================
[2026-04-27 08:57:05] [INFO] 🔄 BẮT ĐẦU CHU KỲ MỚI
[2026-04-27 08:57:05] [INFO] ========================================
[2026-04-27 08:57:05] [INFO] ⏭️ Bỏ qua thu hoạch (chưa có ảnh mẫu)
[2026-04-27 08:57:05] [INFO] ⏭️ Bỏ qua trồng cây (chưa có ảnh mẫu)
[2026-04-27 08:57:05] [INFO] 📦 Bắt đầu XỬ LÝ ĐƠN HÀNG...
[2026-04-27 08:57:05] [ERROR] Không thể chụp màn hình bằng cả 2 phương pháp!
[2026-04-27 08:57:05] [ERROR] Không chụp được màn hình!
[2026-04-27 08:57:05] [INFO] Đã xử lý 0 đơn hàng
[2026-04-27 08:57:05] [INFO] --- THỐNG KÊ ---
[2026-04-27 08:57:05] [INFO]   Thu hoạch: 0
[2026-04-27 08:57:05] [INFO]   Trồng cây: 0
[2026-04-27 08:57:05] [INFO]   Đơn hàng:  0
[2026-04-27 08:57:05] [INFO]   Lỗi:       15
[2026-04-27 08:57:10] [INFO] ========================================
[2026-04-27 08:57:10] [INFO] 🔄 BẮT ĐẦU CHU KỲ MỚI
[2026-04-27 08:57:10] [INFO] ========================================
[2026-04-27 08:57:10] [INFO] ⏭️ Bỏ qua thu hoạch (chưa có ảnh mẫu)
[2026-04-27 08:57:10] [INFO] ⏭️ Bỏ qua trồng cây (chưa có ảnh mẫu)
[2026-04-27 08:57:10] [INFO] 📦 Bắt đầu XỬ LÝ ĐƠN HÀNG...
[2026-04-27 08:57:10] [ERROR] Không thể chụp màn hình bằng cả 2 phương pháp!
[2026-04-27 08:57:10] [ERROR] Không chụp được màn hình!
[2026-04-27 08:57:10] [INFO] Đã xử lý 0 đơn hàng
[2026-04-27 08:57:10] [INFO] --- THỐNG KÊ ---
[2026-04-27 08:57:10] [INFO]   Thu hoạch: 0
[2026-04-27 08:57:10] [INFO]   Trồng cây: 0
[2026-04-27 08:57:10] [INFO]   Đơn hàng:  0
[2026-04-27 08:57:10] [INFO]   Lỗi:       16
[2026-04-27 08:57:15] [INFO] ========================================
[2026-04-27 08:57:15] [INFO] 🔄 BẮT ĐẦU CHU KỲ MỚI
[2026-04-27 08:57:15] [INFO] ========================================
[2026-04-27 08:57:15] [INFO] ⏭️ Bỏ qua thu hoạch (chưa có ảnh mẫu)
[2026-04-27 08:57:15] [INFO] ⏭️ Bỏ qua trồng cây (chưa có ảnh mẫu)
[2026-04-27 08:57:15] [INFO] 📦 Bắt đầu XỬ LÝ ĐƠN HÀNG...
[2026-04-27 08:57:15] [ERROR] Không thể chụp màn hình bằng cả 2 phương pháp!
[2026-04-27 08:57:15] [ERROR] Không chụp được màn hình!
[2026-04-27 08:57:15] [INFO] Đã xử lý 0 đơn hàng
[2026-04-27 08:57:15] [INFO] --- THỐNG KÊ ---
[2026-04-27 08:57:15] [INFO]   Thu hoạch: 0
[2026-04-27 08:57:15] [INFO]   Trồng cây: 0
[2026-04-27 08:57:15] [INFO]   Đơn hàng:  0
[2026-04-27 08:57:15] [INFO]   Lỗi:       17
[2026-04-27 08:57:20] [INFO] ========================================
[2026-04-27 08:57:20] [INFO] 🔄 BẮT ĐẦU CHU KỲ MỚI
[2026-04-27 08:57:20] [INFO] ========================================
[2026-04-27 08:57:20] [INFO] ⏭️ Bỏ qua thu hoạch (chưa có ảnh mẫu)
[2026-04-27 08:57:20] [INFO] ⏭️ Bỏ qua trồng cây (chưa có ảnh mẫu)
[2026-04-27 08:57:20] [INFO] 📦 Bắt đầu XỬ LÝ ĐƠN HÀNG...
[2026-04-27 08:57:20] [ERROR] Không thể chụp màn hình bằng cả 2 phương pháp!
[2026-04-27 08:57:20] [ERROR] Không chụp được màn hình!
[2026-04-27 08:57:20] [INFO] Đã xử lý 0 đơn hàng
[2026-04-27 08:57:20] [INFO] --- THỐNG KÊ ---
[2026-04-27 08:57:20] [INFO]   Thu hoạch: 0
[2026-04-27 08:57:20] [INFO]   Trồng cây: 0
[2026-04-27 08:57:20] [INFO]   Đơn hàng:  0
[2026-04-27 08:57:20] [INFO]   Lỗi:       18
[2026-04-27 08:57:25] [INFO] ========================================
[2026-04-27 08:57:25] [INFO] 🔄 BẮT ĐẦU CHU KỲ MỚI
[2026-04-27 08:57:25] [INFO] ========================================
[2026-04-27 08:57:25] [INFO] ⏭️ Bỏ qua thu hoạch (chưa có ảnh mẫu)
[2026-04-27 08:57:25] [INFO] ⏭️ Bỏ qua trồng cây (chưa có ảnh mẫu)
[2026-04-27 08:57:25] [INFO] 📦 Bắt đầu XỬ LÝ ĐƠN HÀNG...
[2026-04-27 08:57:25] [ERROR] Không thể chụp màn hình bằng cả 2 phương pháp!
[2026-04-27 08:57:25] [ERROR] Không chụp được màn hình!
[2026-04-27 08:57:25] [INFO] Đã xử lý 0 đơn hàng
[2026-04-27 08:57:25] [INFO] --- THỐNG KÊ ---
[2026-04-27 08:57:25] [INFO]   Thu hoạch: 0
[2026-04-27 08:57:25] [INFO]   Trồng cây: 0
[2026-04-27 08:57:25] [INFO]   Đơn hàng:  0
[2026-04-27 08:57:25] [INFO]   Lỗi:       19
[2026-04-27 08:57:30] [INFO] ========================================
[2026-04-27 08:57:30] [INFO] 🔄 BẮT ĐẦU CHU KỲ MỚI
[2026-04-27 08:57:30] [INFO] ========================================
[2026-04-27 08:57:30] [INFO] ⏭️ Bỏ qua thu hoạch (chưa có ảnh mẫu)
[2026-04-27 08:57:30] [INFO] ⏭️ Bỏ qua trồng cây (chưa có ảnh mẫu)
[2026-04-27 08:57:30] [INFO] 📦 Bắt đầu XỬ LÝ ĐƠN HÀNG...
[2026-04-27 08:57:30] [ERROR] Không thể chụp màn hình bằng cả 2 phương pháp!
[2026-04-27 08:57:30] [ERROR] Không chụp được màn hình!
[2026-04-27 08:57:30] [INFO] Đã xử lý 0 đơn hàng
[2026-04-27 08:57:30] [INFO] --- THỐNG KÊ ---
[2026-04-27 08:57:30] [INFO]   Thu hoạch: 0
[2026-04-27 08:57:30] [INFO]   Trồng cây: 0
[2026-04-27 08:57:30] [INFO]   Đơn hàng:  0
[2026-04-27 08:57:30] [INFO]   Lỗi:       20
[2026-04-27 08:57:35] [INFO] ========================================
[2026-04-27 08:57:35] [INFO] 🔄 BẮT ĐẦU CHU KỲ MỚI
[2026-04-27 08:57:35] [INFO] ========================================
[2026-04-27 08:57:35] [INFO] ⏭️ Bỏ qua thu hoạch (chưa có ảnh mẫu)
[2026-04-27 08:57:35] [INFO] ⏭️ Bỏ qua trồng cây (chưa có ảnh mẫu)
[2026-04-27 08:57:35] [INFO] 📦 Bắt đầu XỬ LÝ ĐƠN HÀNG...
[2026-04-27 08:57:35] [ERROR] Không thể chụp màn hình bằng cả 2 phương pháp!
[2026-04-27 08:57:35] [ERROR] Không chụp được màn hình!
[2026-04-27 08:57:35] [INFO] Đã xử lý 0 đơn hàng
[2026-04-27 08:57:35] [INFO] --- THỐNG KÊ ---
[2026-04-27 08:57:35] [INFO]   Thu hoạch: 0
[2026-04-27 08:57:35] [INFO]   Trồng cây: 0
[2026-04-27 08:57:35] [INFO]   Đơn hàng:  0
[2026-04-27 08:57:35] [INFO]   Lỗi:       21
[2026-04-27 08:57:40] [INFO] ========================================
[2026-04-27 08:57:40] [INFO] 🔄 BẮT ĐẦU CHU KỲ MỚI
[2026-04-27 08:57:40] [INFO] ========================================
[2026-04-27 08:57:40] [INFO] ⏭️ Bỏ qua thu hoạch (chưa có ảnh mẫu)
[2026-04-27 08:57:40] [INFO] ⏭️ Bỏ qua trồng cây (chưa có ảnh mẫu)
[2026-04-27 08:57:40] [INFO] 📦 Bắt đầu XỬ LÝ ĐƠN HÀNG...
[2026-04-27 08:57:40] [ERROR] Không thể chụp màn hình bằng cả 2 phương pháp!
[2026-04-27 08:57:40] [ERROR] Không chụp được màn hình!
[2026-04-27 08:57:40] [INFO] Đã xử lý 0 đơn hàng
[2026-04-27 08:57:40] [INFO] --- THỐNG KÊ ---
[2026-04-27 08:57:40] [INFO]   Thu hoạch: 0
[2026-04-27 08:57:40] [INFO]   Trồng cây: 0
[2026-04-27 08:57:40] [INFO]   Đơn hàng:  0
[2026-04-27 08:57:40] [INFO]   Lỗi:       22
[2026-04-27 08:57:45] [INFO] ========================================
[2026-04-27 08:57:45] [INFO] 🔄 BẮT ĐẦU CHU KỲ MỚI
[2026-04-27 08:57:45] [INFO] ========================================
[2026-04-27 08:57:45] [INFO] ⏭️ Bỏ qua thu hoạch (chưa có ảnh mẫu)
[2026-04-27 08:57:45] [INFO] ⏭️ Bỏ qua trồng cây (chưa có ảnh mẫu)
[2026-04-27 08:57:45] [INFO] 📦 Bắt đầu XỬ LÝ ĐƠN HÀNG...
[2026-04-27 08:57:45] [ERROR] Không thể chụp màn hình bằng cả 2 phương pháp!
[2026-04-27 08:57:45] [ERROR] Không chụp được màn hình!
[2026-04-27 08:57:45] [INFO] Đã xử lý 0 đơn hàng
[2026-04-27 08:57:45] [INFO] --- THỐNG KÊ ---
[2026-04-27 08:57:45] [INFO]   Thu hoạch: 0
[2026-04-27 08:57:45] [INFO]   Trồng cây: 0
[2026-04-27 08:57:45] [INFO]   Đơn hàng:  0
[2026-04-27 08:57:45] [INFO]   Lỗi:       23
[2026-04-27 08:57:50] [INFO] ========================================
[2026-04-27 08:57:50] [INFO] 🔄 BẮT ĐẦU CHU KỲ MỚI
[2026-04-27 08:57:50] [INFO] ========================================
[2026-04-27 08:57:50] [INFO] ⏭️ Bỏ qua thu hoạch (chưa có ảnh mẫu)
[2026-04-27 08:57:50] [INFO] ⏭️ Bỏ qua trồng cây (chưa có ảnh mẫu)
[2026-04-27 08:57:50] [INFO] 📦 Bắt đầu XỬ LÝ ĐƠN HÀNG...
[2026-04-27 08:57:50] [ERROR] Không thể chụp màn hình bằng cả 2 phương pháp!
[2026-04-27 08:57:50] [ERROR] Không chụp được màn hình!
[2026-04-27 08:57:50] [INFO] Đã xử lý 0 đơn hàng
[2026-04-27 08:57:50] [INFO] --- THỐNG KÊ ---
[2026-04-27 08:57:50] [INFO]   Thu hoạch: 0
[2026-04-27 08:57:50] [INFO]   Trồng cây: 0
[2026-04-27 08:57:50] [INFO]   Đơn hàng:  0
[2026-04-27 08:57:50] [INFO]   Lỗi:       24
[2026-04-27 08:57:55] [INFO] ========================================
[2026-04-27 08:57:55] [INFO] 🔄 BẮT ĐẦU CHU KỲ MỚI
[2026-04-27 08:57:55] [INFO] ========================================
[2026-04-27 08:57:55] [INFO] ⏭️ Bỏ qua thu hoạch (chưa có ảnh mẫu)
[2026-04-27 08:57:55] [INFO] ⏭️ Bỏ qua trồng cây (chưa có ảnh mẫu)
[2026-04-27 08:57:55] [INFO] 📦 Bắt đầu XỬ LÝ ĐƠN HÀNG...
[2026-04-27 08:57:55] [ERROR] Không thể chụp màn hình bằng cả 2 phương pháp!
[2026-04-27 08:57:55] [ERROR] Không chụp được màn hình!
[2026-04-27 08:57:55] [INFO] Đã xử lý 0 đơn hàng
[2026-04-27 08:57:55] [INFO] --- THỐNG KÊ ---
[2026-04-27 08:57:55] [INFO]   Thu hoạch: 0
[2026-04-27 08:57:55] [INFO]   Trồng cây: 0
[2026-04-27 08:57:55] [INFO]   Đơn hàng:  0
[2026-04-27 08:57:55] [INFO]   Lỗi:       25
[2026-04-27 08:58:00] [INFO] ========================================
[2026-04-27 08:58:00] [INFO] 🔄 BẮT ĐẦU CHU KỲ MỚI
[2026-04-27 08:58:00] [INFO] ========================================
[2026-04-27 08:58:00] [INFO] ⏭️ Bỏ qua thu hoạch (chưa có ảnh mẫu)
[2026-04-27 08:58:00] [INFO] ⏭️ Bỏ qua trồng cây (chưa có ảnh mẫu)
[2026-04-27 08:58:00] [INFO] 📦 Bắt đầu XỬ LÝ ĐƠN HÀNG...
[2026-04-27 08:58:00] [ERROR] Không thể chụp màn hình bằng cả 2 phương pháp!
[2026-04-27 08:58:00] [ERROR] Không chụp được màn hình!
[2026-04-27 08:58:00] [INFO] Đã xử lý 0 đơn hàng
[2026-04-27 08:58:00] [INFO] --- THỐNG KÊ ---
[2026-04-27 08:58:00] [INFO]   Thu hoạch: 0
[2026-04-27 08:58:00] [INFO]   Trồng cây: 0
[2026-04-27 08:58:00] [INFO]   Đơn hàng:  0
[2026-04-27 08:58:00] [INFO]   Lỗi:       26
[2026-04-27 08:58:05] [INFO] ========================================
[2026-04-27 08:58:05] [INFO] 🔄 BẮT ĐẦU CHU KỲ MỚI
[2026-04-27 08:58:05] [INFO] ========================================
[2026-04-27 08:58:05] [INFO] ⏭️ Bỏ qua thu hoạch (chưa có ảnh mẫu)
[2026-04-27 08:58:05] [INFO] ⏭️ Bỏ qua trồng cây (chưa có ảnh mẫu)
[2026-04-27 08:58:05] [INFO] 📦 Bắt đầu XỬ LÝ ĐƠN HÀNG...
[2026-04-27 08:58:05] [ERROR] Không thể chụp màn hình bằng cả 2 phương pháp!
[2026-04-27 08:58:05] [ERROR] Không chụp được màn hình!
[2026-04-27 08:58:05] [INFO] Đã xử lý 0 đơn hàng
[2026-04-27 08:58:05] [INFO] --- THỐNG KÊ ---
[2026-04-27 08:58:05] [INFO]   Thu hoạch: 0
[2026-04-27 08:58:05] [INFO]   Trồng cây: 0
[2026-04-27 08:58:05] [INFO]   Đơn hàng:  0
[2026-04-27 08:58:05] [INFO]   Lỗi:       27
[2026-04-27 08:58:10] [INFO] ========================================
[2026-04-27 08:58:10] [INFO] 🔄 BẮT ĐẦU CHU KỲ MỚI
[2026-04-27 08:58:10] [INFO] ========================================
[2026-04-27 08:58:10] [INFO] ⏭️ Bỏ qua thu hoạch (chưa có ảnh mẫu)
[2026-04-27 08:58:10] [INFO] ⏭️ Bỏ qua trồng cây (chưa có ảnh mẫu)
[2026-04-27 08:58:10] [INFO] 📦 Bắt đầu XỬ LÝ ĐƠN HÀNG...
[2026-04-27 08:58:10] [ERROR] Không thể chụp màn hình bằng cả 2 phương pháp!
[2026-04-27 08:58:10] [ERROR] Không chụp được màn hình!
[2026-04-27 08:58:10] [INFO] Đã xử lý 0 đơn hàng
[2026-04-27 08:58:10] [INFO] --- THỐNG KÊ ---
[2026-04-27 08:58:10] [INFO]   Thu hoạch: 0
[2026-04-27 08:58:10] [INFO]   Trồng cây: 0
[2026-04-27 08:58:10] [INFO]   Đơn hàng:  0
[2026-04-27 08:58:10] [INFO]   Lỗi:       28
[2026-04-27 08:58:15] [INFO] ========================================
[2026-04-27 08:58:15] [INFO] 🔄 BẮT ĐẦU CHU KỲ MỚI
[2026-04-27 08:58:15] [INFO] ========================================
[2026-04-27 08:58:15] [INFO] ⏭️ Bỏ qua thu hoạch (chưa có ảnh mẫu)
[2026-04-27 08:58:15] [INFO] ⏭️ Bỏ qua trồng cây (chưa có ảnh mẫu)
[2026-04-27 08:58:15] [INFO] 📦 Bắt đầu XỬ LÝ ĐƠN HÀNG...
[2026-04-27 08:58:15] [ERROR] Không thể chụp màn hình bằng cả 2 phương pháp!
[2026-04-27 08:58:15] [ERROR] Không chụp được màn hình!
[2026-04-27 08:58:15] [INFO] Đã xử lý 0 đơn hàng
[2026-04-27 08:58:15] [INFO] --- THỐNG KÊ ---
[2026-04-27 08:58:15] [INFO]   Thu hoạch: 0
[2026-04-27 08:58:15] [INFO]   Trồng cây: 0
[2026-04-27 08:58:15] [INFO]   Đơn hàng:  0
[2026-04-27 08:58:15] [INFO]   Lỗi:       29
[2026-04-27 08:58:20] [INFO] ========================================
[2026-04-27 08:58:20] [INFO] 🔄 BẮT ĐẦU CHU KỲ MỚI
[2026-04-27 08:58:20] [INFO] ========================================
[2026-04-27 08:58:20] [INFO] ⏭️ Bỏ qua thu hoạch (chưa có ảnh mẫu)
[2026-04-27 08:58:20] [INFO] ⏭️ Bỏ qua trồng cây (chưa có ảnh mẫu)
[2026-04-27 08:58:20] [INFO] 📦 Bắt đầu XỬ LÝ ĐƠN HÀNG...
[2026-04-27 08:58:20] [ERROR] Không thể chụp màn hình bằng cả 2 phương pháp!
[2026-04-27 08:58:20] [ERROR] Không chụp được màn hình!
[2026-04-27 08:58:20] [INFO] Đã xử lý 0 đơn hàng
[2026-04-27 08:58:20] [INFO] --- THỐNG KÊ ---
[2026-04-27 08:58:20] [INFO]   Thu hoạch: 0
[2026-04-27 08:58:20] [INFO]   Trồng cây: 0
[2026-04-27 08:58:20] [INFO]   Đơn hàng:  0
[2026-04-27 08:58:20] [INFO]   Lỗi:       30
[2026-04-27 08:58:25] [INFO] ========================================
[2026-04-27 08:58:25] [INFO] 🔄 BẮT ĐẦU CHU KỲ MỚI
[2026-04-27 08:58:25] [INFO] ========================================
[2026-04-27 08:58:25] [INFO] ⏭️ Bỏ qua thu hoạch (chưa có ảnh mẫu)
[2026-04-27 08:58:25] [INFO] ⏭️ Bỏ qua trồng cây (chưa có ảnh mẫu)
[2026-04-27 08:58:25] [INFO] 📦 Bắt đầu XỬ LÝ ĐƠN HÀNG...
[2026-04-27 08:58:25] [ERROR] Không thể chụp màn hình bằng cả 2 phương pháp!
[2026-04-27 08:58:25] [ERROR] Không chụp được màn hình!
[2026-04-27 08:58:25] [INFO] Đã xử lý 0 đơn hàng
[2026-04-27 08:58:25] [INFO] --- THỐNG KÊ ---
[2026-04-27 08:58:25] [INFO]   Thu hoạch: 0
[2026-04-27 08:58:25] [INFO]   Trồng cây: 0
[2026-04-27 08:58:25] [INFO]   Đơn hàng:  0
[2026-04-27 08:58:25] [INFO]   Lỗi:       31
[2026-04-27 08:58:30] [INFO] ========================================
[2026-04-27 08:58:30] [INFO] 🔄 BẮT ĐẦU CHU KỲ MỚI
[2026-04-27 08:58:30] [INFO] ========================================
[2026-04-27 08:58:30] [INFO] ⏭️ Bỏ qua thu hoạch (chưa có ảnh mẫu)
[2026-04-27 08:58:30] [INFO] ⏭️ Bỏ qua trồng cây (chưa có ảnh mẫu)
[2026-04-27 08:58:30] [INFO] 📦 Bắt đầu XỬ LÝ ĐƠN HÀNG...
[2026-04-27 08:58:30] [ERROR] Không thể chụp màn hình bằng cả 2 phương pháp!
[2026-04-27 08:58:30] [ERROR] Không chụp được màn hình!
[2026-04-27 08:58:30] [INFO] Đã xử lý 0 đơn hàng
[2026-04-27 08:58:30] [INFO] --- THỐNG KÊ ---
[2026-04-27 08:58:30] [INFO]   Thu hoạch: 0
[2026-04-27 08:58:30] [INFO]   Trồng cây: 0
[2026-04-27 08:58:30] [INFO]   Đơn hàng:  0
[2026-04-27 08:58:30] [INFO]   Lỗi:       32
[2026-04-27 08:58:35] [INFO] ========================================
[2026-04-27 08:58:35] [INFO] 🔄 BẮT ĐẦU CHU KỲ MỚI
[2026-04-27 08:58:35] [INFO] ========================================
[2026-04-27 08:58:35] [INFO] ⏭️ Bỏ qua thu hoạch (chưa có ảnh mẫu)
[2026-04-27 08:58:35] [INFO] ⏭️ Bỏ qua trồng cây (chưa có ảnh mẫu)
[2026-04-27 08:58:35] [INFO] 📦 Bắt đầu XỬ LÝ ĐƠN HÀNG...
[2026-04-27 08:58:35] [ERROR] Không thể chụp màn hình bằng cả 2 phương pháp!
[2026-04-27 08:58:35] [ERROR] Không chụp được màn hình!
[2026-04-27 08:58:35] [INFO] Đã xử lý 0 đơn hàng
[2026-04-27 08:58:35] [INFO] --- THỐNG KÊ ---
[2026-04-27 08:58:35] [INFO]   Thu hoạch: 0
[2026-04-27 08:58:35] [INFO]   Trồng cây: 0
[2026-04-27 08:58:35] [INFO]   Đơn hàng:  0
[2026-04-27 08:58:35] [INFO]   Lỗi:       33
[2026-04-27 08:58:40] [INFO] ========================================
[2026-04-27 08:58:41] [INFO] 🔄 BẮT ĐẦU CHU KỲ MỚI
[2026-04-27 08:58:41] [INFO] ========================================
[2026-04-27 08:58:41] [INFO] ⏭️ Bỏ qua thu hoạch (chưa có ảnh mẫu)
[2026-04-27 08:58:41] [INFO] ⏭️ Bỏ qua trồng cây (chưa có ảnh mẫu)
[2026-04-27 08:58:41] [INFO] 📦 Bắt đầu XỬ LÝ ĐƠN HÀNG...
[2026-04-27 08:58:41] [ERROR] Không thể chụp màn hình bằng cả 2 phương pháp!
[2026-04-27 08:58:41] [ERROR] Không chụp được màn hình!
[2026-04-27 08:58:41] [INFO] Đã xử lý 0 đơn hàng
[2026-04-27 08:58:41] [INFO] --- THỐNG KÊ ---
[2026-04-27 08:58:41] [INFO]   Thu hoạch: 0
[2026-04-27 08:58:41] [INFO]   Trồng cây: 0
[2026-04-27 08:58:41] [INFO]   Đơn hàng:  0
[2026-04-27 08:58:41] [INFO]   Lỗi:       34
[2026-04-27 08:58:46] [INFO] ========================================
[2026-04-27 08:58:46] [INFO] 🔄 BẮT ĐẦU CHU KỲ MỚI
[2026-04-27 08:58:46] [INFO] ========================================
[2026-04-27 08:58:46] [INFO] ⏭️ Bỏ qua thu hoạch (chưa có ảnh mẫu)
[2026-04-27 08:58:46] [INFO] ⏭️ Bỏ qua trồng cây (chưa có ảnh mẫu)
[2026-04-27 08:58:46] [INFO] 📦 Bắt đầu XỬ LÝ ĐƠN HÀNG...
[2026-04-27 08:58:46] [ERROR] Không thể chụp màn hình bằng cả 2 phương pháp!
[2026-04-27 08:58:46] [ERROR] Không chụp được màn hình!
[2026-04-27 08:58:46] [INFO] Đã xử lý 0 đơn hàng
[2026-04-27 08:58:46] [INFO] --- THỐNG KÊ ---
[2026-04-27 08:58:46] [INFO]   Thu hoạch: 0
[2026-04-27 08:58:46] [INFO]   Trồng cây: 0
[2026-04-27 08:58:46] [INFO]   Đơn hàng:  0
[2026-04-27 08:58:46] [INFO]   Lỗi:       35
[2026-04-27 08:58:51] [INFO] ========================================
[2026-04-27 08:58:51] [INFO] 🔄 BẮT ĐẦU CHU KỲ MỚI
[2026-04-27 08:58:51] [INFO] ========================================
[2026-04-27 08:58:51] [INFO] ⏭️ Bỏ qua thu hoạch (chưa có ảnh mẫu)
[2026-04-27 08:58:51] [INFO] ⏭️ Bỏ qua trồng cây (chưa có ảnh mẫu)
[2026-04-27 08:58:51] [INFO] 📦 Bắt đầu XỬ LÝ ĐƠN HÀNG...
[2026-04-27 08:58:51] [ERROR] Không thể chụp màn hình bằng cả 2 phương pháp!
[2026-04-27 08:58:51] [ERROR] Không chụp được màn hình!
[2026-04-27 08:58:51] [INFO] Đã xử lý 0 đơn hàng
[2026-04-27 08:58:51] [INFO] --- THỐNG KÊ ---
[2026-04-27 08:58:51] [INFO]   Thu hoạch: 0
[2026-04-27 08:58:51] [INFO]   Trồng cây: 0
[2026-04-27 08:58:51] [INFO]   Đơn hàng:  0
[2026-04-27 08:58:51] [INFO]   Lỗi:       36
[2026-04-27 08:58:56] [INFO] ========================================
[2026-04-27 08:58:56] [INFO] 🔄 BẮT ĐẦU CHU KỲ MỚI
[2026-04-27 08:58:56] [INFO] ========================================
[2026-04-27 08:58:56] [INFO] ⏭️ Bỏ qua thu hoạch (chưa có ảnh mẫu)
[2026-04-27 08:58:56] [INFO] ⏭️ Bỏ qua trồng cây (chưa có ảnh mẫu)
[2026-04-27 08:58:56] [INFO] 📦 Bắt đầu XỬ LÝ ĐƠN HÀNG...
[2026-04-27 08:58:56] [ERROR] Không thể chụp màn hình bằng cả 2 phương pháp!
[2026-04-27 08:58:56] [ERROR] Không chụp được màn hình!
[2026-04-27 08:58:56] [INFO] Đã xử lý 0 đơn hàng
[2026-04-27 08:58:56] [INFO] --- THỐNG KÊ ---
[2026-04-27 08:58:56] [INFO]   Thu hoạch: 0
[2026-04-27 08:58:56] [INFO]   Trồng cây: 0
[2026-04-27 08:58:56] [INFO]   Đơn hàng:  0
[2026-04-27 08:58:56] [INFO]   Lỗi:       37
[2026-04-27 08:59:01] [INFO] ========================================
[2026-04-27 08:59:01] [INFO] 🔄 BẮT ĐẦU CHU KỲ MỚI
[2026-04-27 08:59:01] [INFO] ========================================
[2026-04-27 08:59:01] [INFO] ⏭️ Bỏ qua thu hoạch (chưa có ảnh mẫu)
[2026-04-27 08:59:01] [INFO] ⏭️ Bỏ qua trồng cây (chưa có ảnh mẫu)
[2026-04-27 08:59:01] [INFO] 📦 Bắt đầu XỬ LÝ ĐƠN HÀNG...
[2026-04-27 08:59:01] [ERROR] Không thể chụp màn hình bằng cả 2 phương pháp!
[2026-04-27 08:59:01] [ERROR] Không chụp được màn hình!
[2026-04-27 08:59:01] [INFO] Đã xử lý 0 đơn hàng
[2026-04-27 08:59:01] [INFO] --- THỐNG KÊ ---
[2026-04-27 08:59:01] [INFO]   Thu hoạch: 0
[2026-04-27 08:59:01] [INFO]   Trồng cây: 0
[2026-04-27 08:59:01] [INFO]   Đơn hàng:  0
[2026-04-27 08:59:01] [INFO]   Lỗi:       38
[2026-04-27 08:59:06] [INFO] ========================================
[2026-04-27 08:59:06] [INFO] 🔄 BẮT ĐẦU CHU KỲ MỚI
[2026-04-27 08:59:06] [INFO] ========================================
[2026-04-27 08:59:06] [INFO] ⏭️ Bỏ qua thu hoạch (chưa có ảnh mẫu)
[2026-04-27 08:59:06] [INFO] ⏭️ Bỏ qua trồng cây (chưa có ảnh mẫu)
[2026-04-27 08:59:06] [INFO] 📦 Bắt đầu XỬ LÝ ĐƠN HÀNG...
[2026-04-27 08:59:06] [ERROR] Không thể chụp màn hình bằng cả 2 phương pháp!
[2026-04-27 08:59:06] [ERROR] Không chụp được màn hình!
[2026-04-27 08:59:06] [INFO] Đã xử lý 0 đơn hàng
[2026-04-27 08:59:06] [INFO] --- THỐNG KÊ ---
[2026-04-27 08:59:06] [INFO]   Thu hoạch: 0
[2026-04-27 08:59:06] [INFO]   Trồng cây: 0
[2026-04-27 08:59:06] [INFO]   Đơn hàng:  0
[2026-04-27 08:59:06] [INFO]   Lỗi:       39
[2026-04-27 08:59:11] [INFO] ========================================
[2026-04-27 08:59:11] [INFO] 🔄 BẮT ĐẦU CHU KỲ MỚI
[2026-04-27 08:59:11] [INFO] ========================================
[2026-04-27 08:59:11] [INFO] ⏭️ Bỏ qua thu hoạch (chưa có ảnh mẫu)
[2026-04-27 08:59:11] [INFO] ⏭️ Bỏ qua trồng cây (chưa có ảnh mẫu)
[2026-04-27 08:59:11] [INFO] 📦 Bắt đầu XỬ LÝ ĐƠN HÀNG...
[2026-04-27 08:59:11] [ERROR] Không thể chụp màn hình bằng cả 2 phương pháp!
[2026-04-27 08:59:11] [ERROR] Không chụp được màn hình!
[2026-04-27 08:59:11] [INFO] Đã xử lý 0 đơn hàng
[2026-04-27 08:59:11] [INFO] --- THỐNG KÊ ---
[2026-04-27 08:59:11] [INFO]   Thu hoạch: 0
[2026-04-27 08:59:11] [INFO]   Trồng cây: 0
[2026-04-27 08:59:11] [INFO]   Đơn hàng:  0
[2026-04-27 08:59:11] [INFO]   Lỗi:       40
[2026-04-27 08:59:16] [INFO] ========================================
[2026-04-27 08:59:16] [INFO] 🔄 BẮT ĐẦU CHU KỲ MỚI
[2026-04-27 08:59:16] [INFO] ========================================
[2026-04-27 08:59:16] [INFO] ⏭️ Bỏ qua thu hoạch (chưa có ảnh mẫu)
[2026-04-27 08:59:16] [INFO] ⏭️ Bỏ qua trồng cây (chưa có ảnh mẫu)
[2026-04-27 08:59:16] [INFO] 📦 Bắt đầu XỬ LÝ ĐƠN HÀNG...
[2026-04-27 08:59:16] [ERROR] Không thể chụp màn hình bằng cả 2 phương pháp!
[2026-04-27 08:59:16] [ERROR] Không chụp được màn hình!
[2026-04-27 08:59:16] [INFO] Đã xử lý 0 đơn hàng
[2026-04-27 08:59:16] [INFO] --- THỐNG KÊ ---
[2026-04-27 08:59:16] [INFO]   Thu hoạch: 0
[2026-04-27 08:59:16] [INFO]   Trồng cây: 0
[2026-04-27 08:59:16] [INFO]   Đơn hàng:  0
[2026-04-27 08:59:16] [INFO]   Lỗi:       41
[2026-04-27 08:59:21] [INFO] ========================================
[2026-04-27 08:59:21] [INFO] 🔄 BẮT ĐẦU CHU KỲ MỚI
[2026-04-27 08:59:21] [INFO] ========================================
[2026-04-27 08:59:21] [INFO] ⏭️ Bỏ qua thu hoạch (chưa có ảnh mẫu)
[2026-04-27 08:59:21] [INFO] ⏭️ Bỏ qua trồng cây (chưa có ảnh mẫu)
[2026-04-27 08:59:21] [INFO] 📦 Bắt đầu XỬ LÝ ĐƠN HÀNG...
[2026-04-27 08:59:21] [ERROR] Không thể chụp màn hình bằng cả 2 phương pháp!
[2026-04-27 08:59:21] [ERROR] Không chụp được màn hình!
[2026-04-27 08:59:21] [INFO] Đã xử lý 0 đơn hàng
[2026-04-27 08:59:21] [INFO] --- THỐNG KÊ ---
[2026-04-27 08:59:21] [INFO]   Thu hoạch: 0
[2026-04-27 08:59:21] [INFO]   Trồng cây: 0
[2026-04-27 08:59:21] [INFO]   Đơn hàng:  0
[2026-04-27 08:59:21] [INFO]   Lỗi:       42
[2026-04-27 08:59:26] [INFO] ========================================
[2026-04-27 08:59:26] [INFO] 🔄 BẮT ĐẦU CHU KỲ MỚI
[2026-04-27 08:59:26] [INFO] ========================================
[2026-04-27 08:59:26] [INFO] ⏭️ Bỏ qua thu hoạch (chưa có ảnh mẫu)
[2026-04-27 08:59:26] [INFO] ⏭️ Bỏ qua trồng cây (chưa có ảnh mẫu)
[2026-04-27 08:59:26] [INFO] 📦 Bắt đầu XỬ LÝ ĐƠN HÀNG...
[2026-04-27 08:59:26] [ERROR] Không thể chụp màn hình bằng cả 2 phương pháp!
[2026-04-27 08:59:26] [ERROR] Không chụp được màn hình!
[2026-04-27 08:59:26] [INFO] Đã xử lý 0 đơn hàng
[2026-04-27 08:59:26] [INFO] --- THỐNG KÊ ---
[2026-04-27 08:59:26] [INFO]   Thu hoạch: 0
[2026-04-27 08:59:26] [INFO]   Trồng cây: 0
[2026-04-27 08:59:26] [INFO]   Đơn hàng:  0
[2026-04-27 08:59:26] [INFO]   Lỗi:       43
[2026-04-27 08:59:31] [INFO] ========================================
[2026-04-27 08:59:31] [INFO] 🔄 BẮT ĐẦU CHU KỲ MỚI
[2026-04-27 08:59:31] [INFO] ========================================
[2026-04-27 08:59:31] [INFO] ⏭️ Bỏ qua thu hoạch (chưa có ảnh mẫu)
[2026-04-27 08:59:31] [INFO] ⏭️ Bỏ qua trồng cây (chưa có ảnh mẫu)
[2026-04-27 08:59:31] [INFO] 📦 Bắt đầu XỬ LÝ ĐƠN HÀNG...
[2026-04-27 08:59:31] [ERROR] Không thể chụp màn hình bằng cả 2 phương pháp!
[2026-04-27 08:59:31] [ERROR] Không chụp được màn hình!
[2026-04-27 08:59:31] [INFO] Đã xử lý 0 đơn hàng
[2026-04-27 08:59:31] [INFO] --- THỐNG KÊ ---
[2026-04-27 08:59:31] [INFO]   Thu hoạch: 0
[2026-04-27 08:59:31] [INFO]   Trồng cây: 0
[2026-04-27 08:59:31] [INFO]   Đơn hàng:  0
[2026-04-27 08:59:31] [INFO]   Lỗi:       44
[2026-04-27 08:59:36] [INFO] ========================================
[2026-04-27 08:59:36] [INFO] 🔄 BẮT ĐẦU CHU KỲ MỚI
[2026-04-27 08:59:36] [INFO] ========================================
[2026-04-27 08:59:36] [INFO] ⏭️ Bỏ qua thu hoạch (chưa có ảnh mẫu)
[2026-04-27 08:59:36] [INFO] ⏭️ Bỏ qua trồng cây (chưa có ảnh mẫu)
[2026-04-27 08:59:36] [INFO] 📦 Bắt đầu XỬ LÝ ĐƠN HÀNG...
[2026-04-27 08:59:36] [ERROR] Không thể chụp màn hình bằng cả 2 phương pháp!
[2026-04-27 08:59:36] [ERROR] Không chụp được màn hình!
[2026-04-27 08:59:36] [INFO] Đã xử lý 0 đơn hàng
[2026-04-27 08:59:36] [INFO] --- THỐNG KÊ ---
[2026-04-27 08:59:36] [INFO]   Thu hoạch: 0
[2026-04-27 08:59:36] [INFO]   Trồng cây: 0
[2026-04-27 08:59:36] [INFO]   Đơn hàng:  0
[2026-04-27 08:59:36] [INFO]   Lỗi:       45
[2026-04-27 08:59:41] [INFO] ========================================
[2026-04-27 08:59:41] [INFO] 🔄 BẮT ĐẦU CHU KỲ MỚI
[2026-04-27 08:59:41] [INFO] ========================================
[2026-04-27 08:59:41] [INFO] ⏭️ Bỏ qua thu hoạch (chưa có ảnh mẫu)
[2026-04-27 08:59:41] [INFO] ⏭️ Bỏ qua trồng cây (chưa có ảnh mẫu)
[2026-04-27 08:59:41] [INFO] 📦 Bắt đầu XỬ LÝ ĐƠN HÀNG...
[2026-04-27 08:59:41] [ERROR] Không thể chụp màn hình bằng cả 2 phương pháp!
[2026-04-27 08:59:41] [ERROR] Không chụp được màn hình!
[2026-04-27 08:59:41] [INFO] Đã xử lý 0 đơn hàng
[2026-04-27 08:59:41] [INFO] --- THỐNG KÊ ---
[2026-04-27 08:59:41] [INFO]   Thu hoạch: 0
[2026-04-27 08:59:41] [INFO]   Trồng cây: 0
[2026-04-27 08:59:41] [INFO]   Đơn hàng:  0
[2026-04-27 08:59:41] [INFO]   Lỗi:       46
[2026-04-27 08:59:46] [INFO] ========================================
[2026-04-27 08:59:46] [INFO] 🔄 BẮT ĐẦU CHU KỲ MỚI
[2026-04-27 08:59:46] [INFO] ========================================
[2026-04-27 08:59:46] [INFO] ⏭️ Bỏ qua thu hoạch (chưa có ảnh mẫu)
[2026-04-27 08:59:46] [INFO] ⏭️ Bỏ qua trồng cây (chưa có ảnh mẫu)
[2026-04-27 08:59:46] [INFO] 📦 Bắt đầu XỬ LÝ ĐƠN HÀNG...
[2026-04-27 08:59:46] [ERROR] Không thể chụp màn hình bằng cả 2 phương pháp!
[2026-04-27 08:59:46] [ERROR] Không chụp được màn hình!
[2026-04-27 08:59:46] [INFO] Đã xử lý 0 đơn hàng
[2026-04-27 08:59:46] [INFO] --- THỐNG KÊ ---
[2026-04-27 08:59:46] [INFO]   Thu hoạch: 0
[2026-04-27 08:59:46] [INFO]   Trồng cây: 0
[2026-04-27 08:59:46] [INFO]   Đơn hàng:  0
[2026-04-27 08:59:46] [INFO]   Lỗi:       47
[2026-04-27 08:59:51] [INFO] ========================================
[2026-04-27 08:59:51] [INFO] 🔄 BẮT ĐẦU CHU KỲ MỚI
[2026-04-27 08:59:51] [INFO] ========================================
[2026-04-27 08:59:51] [INFO] ⏭️ Bỏ qua thu hoạch (chưa có ảnh mẫu)
[2026-04-27 08:59:51] [INFO] ⏭️ Bỏ qua trồng cây (chưa có ảnh mẫu)
[2026-04-27 08:59:51] [INFO] 📦 Bắt đầu XỬ LÝ ĐƠN HÀNG...
[2026-04-27 08:59:52] [DEBUG] Screenshot OK: (900, 1600)
[2026-04-27 08:59:53] [INFO] Không tìm thấy dấu chấm than (!) nào
[2026-04-27 08:59:53] [INFO] Đã xử lý 0 đơn hàng
[2026-04-27 08:59:53] [INFO] --- THỐNG KÊ ---
[2026-04-27 08:59:53] [INFO]   Thu hoạch: 0
[2026-04-27 08:59:53] [INFO]   Trồng cây: 0
[2026-04-27 08:59:53] [INFO]   Đơn hàng:  0
[2026-04-27 08:59:53] [INFO]   Lỗi:       47
[2026-04-27 08:59:58] [INFO] ========================================
[2026-04-27 08:59:58] [INFO] 🔄 BẮT ĐẦU CHU KỲ MỚI
[2026-04-27 08:59:58] [INFO] ========================================
[2026-04-27 08:59:58] [INFO] ⏭️ Bỏ qua thu hoạch (chưa có ảnh mẫu)
[2026-04-27 08:59:58] [INFO] ⏭️ Bỏ qua trồng cây (chưa có ảnh mẫu)
[2026-04-27 08:59:58] [INFO] 📦 Bắt đầu XỬ LÝ ĐƠN HÀNG...
[2026-04-27 08:59:59] [DEBUG] Screenshot OK: (900, 1600)
[2026-04-27 08:59:59] [INFO] Không tìm thấy dấu chấm than (!) nào
[2026-04-27 08:59:59] [INFO] Đã xử lý 0 đơn hàng
[2026-04-27 08:59:59] [INFO] --- THỐNG KÊ ---
[2026-04-27 08:59:59] [INFO]   Thu hoạch: 0
[2026-04-27 08:59:59] [INFO]   Trồng cây: 0
[2026-04-27 08:59:59] [INFO]   Đơn hàng:  0
[2026-04-27 08:59:59] [INFO]   Lỗi:       47
[2026-04-27 09:00:04] [INFO] ========================================
[2026-04-27 09:00:04] [INFO] 🔄 BẮT ĐẦU CHU KỲ MỚI
[2026-04-27 09:00:04] [INFO] ========================================
[2026-04-27 09:00:04] [INFO] ⏭️ Bỏ qua thu hoạch (chưa có ảnh mẫu)
[2026-04-27 09:00:04] [INFO] ⏭️ Bỏ qua trồng cây (chưa có ảnh mẫu)
[2026-04-27 09:00:04] [INFO] 📦 Bắt đầu XỬ LÝ ĐƠN HÀNG...
[2026-04-27 09:00:05] [DEBUG] Screenshot OK: (900, 1600)
[2026-04-27 09:00:06] [INFO] Không tìm thấy dấu chấm than (!) nào
[2026-04-27 09:00:06] [INFO] Đã xử lý 0 đơn hàng
[2026-04-27 09:00:06] [INFO] --- THỐNG KÊ ---
[2026-04-27 09:00:06] [INFO]   Thu hoạch: 0
[2026-04-27 09:00:06] [INFO]   Trồng cây: 0
[2026-04-27 09:00:06] [INFO]   Đơn hàng:  0
[2026-04-27 09:00:06] [INFO]   Lỗi:       47
[2026-04-27 09:00:11] [INFO] ========================================
[2026-04-27 09:00:11] [INFO] 🔄 BẮT ĐẦU CHU KỲ MỚI
[2026-04-27 09:00:11] [INFO] ========================================
[2026-04-27 09:00:11] [INFO] ⏭️ Bỏ qua thu hoạch (chưa có ảnh mẫu)
[2026-04-27 09:00:11] [INFO] ⏭️ Bỏ qua trồng cây (chưa có ảnh mẫu)
[2026-04-27 09:00:11] [INFO] 📦 Bắt đầu XỬ LÝ ĐƠN HÀNG...
[2026-04-27 09:00:12] [DEBUG] Screenshot OK: (900, 1600)
[2026-04-27 09:00:12] [INFO] Không tìm thấy dấu chấm than (!) nào
[2026-04-27 09:00:12] [INFO] Đã xử lý 0 đơn hàng
[2026-04-27 09:00:12] [INFO] --- THỐNG KÊ ---
[2026-04-27 09:00:12] [INFO]   Thu hoạch: 0
[2026-04-27 09:00:12] [INFO]   Trồng cây: 0
[2026-04-27 09:00:12] [INFO]   Đơn hàng:  0
[2026-04-27 09:00:12] [INFO]   Lỗi:       47
[2026-04-27 09:00:17] [INFO] ========================================
[2026-04-27 09:00:17] [INFO] 🔄 BẮT ĐẦU CHU KỲ MỚI
[2026-04-27 09:00:17] [INFO] ========================================
[2026-04-27 09:00:17] [INFO] ⏭️ Bỏ qua thu hoạch (chưa có ảnh mẫu)
[2026-04-27 09:00:17] [INFO] ⏭️ Bỏ qua trồng cây (chưa có ảnh mẫu)
[2026-04-27 09:00:17] [INFO] 📦 Bắt đầu XỬ LÝ ĐƠN HÀNG...
[2026-04-27 09:00:18] [DEBUG] Screenshot OK: (900, 1600)
[2026-04-27 09:00:18] [INFO] Không tìm thấy dấu chấm than (!) nào
[2026-04-27 09:00:18] [INFO] Đã xử lý 0 đơn hàng
[2026-04-27 09:00:18] [INFO] --- THỐNG KÊ ---
[2026-04-27 09:00:18] [INFO]   Thu hoạch: 0
[2026-04-27 09:00:18] [INFO]   Trồng cây: 0
[2026-04-27 09:00:18] [INFO]   Đơn hàng:  0
[2026-04-27 09:00:18] [INFO]   Lỗi:       47
[2026-04-27 09:00:23] [INFO] ========================================
[2026-04-27 09:00:23] [INFO] 🔄 BẮT ĐẦU CHU KỲ MỚI
[2026-04-27 09:00:23] [INFO] ========================================
[2026-04-27 09:00:23] [INFO] ⏭️ Bỏ qua thu hoạch (chưa có ảnh mẫu)
[2026-04-27 09:00:23] [INFO] ⏭️ Bỏ qua trồng cây (chưa có ảnh mẫu)
[2026-04-27 09:00:23] [INFO] 📦 Bắt đầu XỬ LÝ ĐƠN HÀNG...
[2026-04-27 09:00:24] [DEBUG] Screenshot OK: (900, 1600)
[2026-04-27 09:00:25] [INFO] Không tìm thấy dấu chấm than (!) nào
[2026-04-27 09:00:25] [INFO] Đã xử lý 0 đơn hàng
[2026-04-27 09:00:25] [INFO] --- THỐNG KÊ ---
[2026-04-27 09:00:25] [INFO]   Thu hoạch: 0
[2026-04-27 09:00:25] [INFO]   Trồng cây: 0
[2026-04-27 09:00:25] [INFO]   Đơn hàng:  0
[2026-04-27 09:00:25] [INFO]   Lỗi:       47
[2026-04-27 09:00:30] [INFO] ========================================
[2026-04-27 09:00:30] [INFO] 🔄 BẮT ĐẦU CHU KỲ MỚI
[2026-04-27 09:00:30] [INFO] ========================================
[2026-04-27 09:00:30] [INFO] ⏭️ Bỏ qua thu hoạch (chưa có ảnh mẫu)
[2026-04-27 09:00:30] [INFO] ⏭️ Bỏ qua trồng cây (chưa có ảnh mẫu)
[2026-04-27 09:00:30] [INFO] 📦 Bắt đầu XỬ LÝ ĐƠN HÀNG...
[2026-04-27 09:00:31] [DEBUG] Screenshot OK: (900, 1600)
[2026-04-27 09:00:31] [INFO] Không tìm thấy dấu chấm than (!) nào
[2026-04-27 09:00:31] [INFO] Đã xử lý 0 đơn hàng
[2026-04-27 09:00:31] [INFO] --- THỐNG KÊ ---
[2026-04-27 09:00:31] [INFO]   Thu hoạch: 0
[2026-04-27 09:00:31] [INFO]   Trồng cây: 0
[2026-04-27 09:00:31] [INFO]   Đơn hàng:  0
[2026-04-27 09:00:31] [INFO]   Lỗi:       47
[2026-04-27 09:00:36] [INFO] ========================================
[2026-04-27 09:00:36] [INFO] 🔄 BẮT ĐẦU CHU KỲ MỚI
[2026-04-27 09:00:36] [INFO] ========================================
[2026-04-27 09:00:36] [INFO] ⏭️ Bỏ qua thu hoạch (chưa có ảnh mẫu)
[2026-04-27 09:00:36] [INFO] ⏭️ Bỏ qua trồng cây (chưa có ảnh mẫu)
[2026-04-27 09:00:36] [INFO] 📦 Bắt đầu XỬ LÝ ĐƠN HÀNG...
[2026-04-27 09:00:37] [DEBUG] Screenshot OK: (900, 1600)
[2026-04-27 09:00:38] [INFO] Không tìm thấy dấu chấm than (!) nào
[2026-04-27 09:00:38] [INFO] Đã xử lý 0 đơn hàng
[2026-04-27 09:00:38] [INFO] --- THỐNG KÊ ---
[2026-04-27 09:00:38] [INFO]   Thu hoạch: 0
[2026-04-27 09:00:38] [INFO]   Trồng cây: 0
[2026-04-27 09:00:38] [INFO]   Đơn hàng:  0
[2026-04-27 09:00:38] [INFO]   Lỗi:       47
[2026-04-27 09:00:43] [INFO] ========================================
[2026-04-27 09:00:43] [INFO] 🔄 BẮT ĐẦU CHU KỲ MỚI
[2026-04-27 09:00:43] [INFO] ========================================
[2026-04-27 09:00:43] [INFO] ⏭️ Bỏ qua thu hoạch (chưa có ảnh mẫu)
[2026-04-27 09:00:43] [INFO] ⏭️ Bỏ qua trồng cây (chưa có ảnh mẫu)
[2026-04-27 09:00:43] [INFO] 📦 Bắt đầu XỬ LÝ ĐƠN HÀNG...
[2026-04-27 09:00:44] [DEBUG] Screenshot OK: (900, 1600)
[2026-04-27 09:00:44] [INFO] Không tìm thấy dấu chấm than (!) nào
[2026-04-27 09:00:44] [INFO] Đã xử lý 0 đơn hàng
[2026-04-27 09:00:44] [INFO] --- THỐNG KÊ ---
[2026-04-27 09:00:44] [INFO]   Thu hoạch: 0
[2026-04-27 09:00:44] [INFO]   Trồng cây: 0
[2026-04-27 09:00:44] [INFO]   Đơn hàng:  0
[2026-04-27 09:00:44] [INFO]   Lỗi:       47
[2026-04-27 09:00:49] [INFO] ========================================
[2026-04-27 09:00:49] [INFO] 🔄 BẮT ĐẦU CHU KỲ MỚI
[2026-04-27 09:00:49] [INFO] ========================================
[2026-04-27 09:00:49] [INFO] ⏭️ Bỏ qua thu hoạch (chưa có ảnh mẫu)
[2026-04-27 09:00:49] [INFO] ⏭️ Bỏ qua trồng cây (chưa có ảnh mẫu)
[2026-04-27 09:00:49] [INFO] 📦 Bắt đầu XỬ LÝ ĐƠN HÀNG...
[2026-04-27 09:00:50] [DEBUG] Screenshot OK: (900, 1600)
[2026-04-27 09:00:50] [INFO] Không tìm thấy dấu chấm than (!) nào
[2026-04-27 09:00:50] [INFO] Đã xử lý 0 đơn hàng
[2026-04-27 09:00:50] [INFO] --- THỐNG KÊ ---
[2026-04-27 09:00:50] [INFO]   Thu hoạch: 0
[2026-04-27 09:00:50] [INFO]   Trồng cây: 0
[2026-04-27 09:00:50] [INFO]   Đơn hàng:  0
[2026-04-27 09:00:50] [INFO]   Lỗi:       47
[2026-04-27 09:01:21] [INFO] Tìm thấy ADB trong PATH
[2026-04-27 09:01:21] [INFO] ==================================================
[2026-04-27 09:01:21] [INFO] 🌱 KHỞI ĐỘNG AUTO GAME - THẾ GIỚI HOA VIÊN
[2026-04-27 09:01:21] [INFO] ==================================================
[2026-04-27 09:01:21] [INFO] Đang kết nối tới 127.0.0.1:5555...
[2026-04-27 09:01:23] [INFO] ✅ Đã kết nối: 127.0.0.1:5555
[2026-04-27 09:01:23] [INFO] Màn hình: 1600x900
[2026-04-27 09:01:23] [INFO] ========================================
[2026-04-27 09:01:23] [INFO] 🔄 BẮT ĐẦU CHU KỲ MỚI
[2026-04-27 09:01:23] [INFO] ========================================
[2026-04-27 09:01:24] [INFO] ⏭️ Bỏ qua thu hoạch (chưa có ảnh mẫu)
[2026-04-27 09:01:24] [INFO] ⏭️ Bỏ qua trồng cây (chưa có ảnh mẫu)
[2026-04-27 09:01:24] [INFO] 📦 Bắt đầu XỬ LÝ ĐƠN HÀNG...
[2026-04-27 09:01:24] [DEBUG] Screenshot OK: (900, 1600)
[2026-04-27 09:01:25] [INFO] Không tìm thấy dấu chấm than (!) nào
[2026-04-27 09:01:25] [INFO] Đã xử lý 0 đơn hàng
[2026-04-27 09:01:25] [INFO] --- THỐNG KÊ ---
[2026-04-27 09:01:25] [INFO]   Thu hoạch: 0
[2026-04-27 09:01:25] [INFO]   Trồng cây: 0
[2026-04-27 09:01:25] [INFO]   Đơn hàng:  0
[2026-04-27 09:01:25] [INFO]   Lỗi:       0
[2026-04-27 09:01:30] [INFO] ========================================
[2026-04-27 09:01:30] [INFO] 🔄 BẮT ĐẦU CHU KỲ MỚI
[2026-04-27 09:01:30] [INFO] ========================================
[2026-04-27 09:01:30] [INFO] ⏭️ Bỏ qua thu hoạch (chưa có ảnh mẫu)
[2026-04-27 09:01:30] [INFO] ⏭️ Bỏ qua trồng cây (chưa có ảnh mẫu)
[2026-04-27 09:01:30] [INFO] 📦 Bắt đầu XỬ LÝ ĐƠN HÀNG...
[2026-04-27 09:01:31] [DEBUG] Screenshot OK: (900, 1600)
[2026-04-27 09:01:31] [INFO] Không tìm thấy dấu chấm than (!) nào
[2026-04-27 09:01:31] [INFO] Đã xử lý 0 đơn hàng
[2026-04-27 09:01:31] [INFO] --- THỐNG KÊ ---
[2026-04-27 09:01:31] [INFO]   Thu hoạch: 0
[2026-04-27 09:01:31] [INFO]   Trồng cây: 0
[2026-04-27 09:01:31] [INFO]   Đơn hàng:  0
[2026-04-27 09:01:31] [INFO]   Lỗi:       0
[2026-04-27 09:01:36] [INFO] ========================================
[2026-04-27 09:01:36] [INFO] 🔄 BẮT ĐẦU CHU KỲ MỚI
[2026-04-27 09:01:36] [INFO] ========================================
[2026-04-27 09:01:36] [INFO] ⏭️ Bỏ qua thu hoạch (chưa có ảnh mẫu)
[2026-04-27 09:01:36] [INFO] ⏭️ Bỏ qua trồng cây (chưa có ảnh mẫu)
[2026-04-27 09:01:36] [INFO] 📦 Bắt đầu XỬ LÝ ĐƠN HÀNG...
[2026-04-27 09:01:37] [DEBUG] Screenshot OK: (900, 1600)
[2026-04-27 09:01:38] [INFO] Không tìm thấy dấu chấm than (!) nào
[2026-04-27 09:01:38] [INFO] Đã xử lý 0 đơn hàng
[2026-04-27 09:01:38] [INFO] --- THỐNG KÊ ---
[2026-04-27 09:01:38] [INFO]   Thu hoạch: 0
[2026-04-27 09:01:38] [INFO]   Trồng cây: 0
[2026-04-27 09:01:38] [INFO]   Đơn hàng:  0
[2026-04-27 09:01:38] [INFO]   Lỗi:       0
[2026-04-27 09:01:43] [INFO] ========================================
[2026-04-27 09:01:43] [INFO] 🔄 BẮT ĐẦU CHU KỲ MỚI
[2026-04-27 09:01:43] [INFO] ========================================
[2026-04-27 09:01:43] [INFO] ⏭️ Bỏ qua thu hoạch (chưa có ảnh mẫu)
[2026-04-27 09:01:43] [INFO] ⏭️ Bỏ qua trồng cây (chưa có ảnh mẫu)
[2026-04-27 09:01:43] [INFO] 📦 Bắt đầu XỬ LÝ ĐƠN HÀNG...
[2026-04-27 09:01:44] [DEBUG] Screenshot OK: (900, 1600)
[2026-04-27 09:01:44] [INFO] Không tìm thấy dấu chấm than (!) nào
[2026-04-27 09:01:44] [INFO] Đã xử lý 0 đơn hàng
[2026-04-27 09:01:44] [INFO] --- THỐNG KÊ ---
[2026-04-27 09:01:44] [INFO]   Thu hoạch: 0
[2026-04-27 09:01:44] [INFO]   Trồng cây: 0
[2026-04-27 09:01:44] [INFO]   Đơn hàng:  0
[2026-04-27 09:01:44] [INFO]   Lỗi:       0
[2026-04-27 09:01:49] [INFO] ========================================
[2026-04-27 09:01:49] [INFO] 🔄 BẮT ĐẦU CHU KỲ MỚI
[2026-04-27 09:01:49] [INFO] ========================================
[2026-04-27 09:01:49] [INFO] ⏭️ Bỏ qua thu hoạch (chưa có ảnh mẫu)
[2026-04-27 09:01:49] [INFO] ⏭️ Bỏ qua trồng cây (chưa có ảnh mẫu)
[2026-04-27 09:01:49] [INFO] 📦 Bắt đầu XỬ LÝ ĐƠN HÀNG...
[2026-04-27 09:01:50] [DEBUG] Screenshot OK: (900, 1600)
[2026-04-27 09:01:50] [INFO] Không tìm thấy dấu chấm than (!) nào
[2026-04-27 09:01:50] [INFO] Đã xử lý 0 đơn hàng
[2026-04-27 09:01:50] [INFO] --- THỐNG KÊ ---
[2026-04-27 09:01:50] [INFO]   Thu hoạch: 0
[2026-04-27 09:01:50] [INFO]   Trồng cây: 0
[2026-04-27 09:01:50] [INFO]   Đơn hàng:  0
[2026-04-27 09:01:50] [INFO]   Lỗi:       0
[2026-04-27 09:01:55] [INFO] ========================================
[2026-04-27 09:01:55] [INFO] 🔄 BẮT ĐẦU CHU KỲ MỚI
[2026-04-27 09:01:55] [INFO] ========================================
[2026-04-27 09:01:55] [INFO] ⏭️ Bỏ qua thu hoạch (chưa có ảnh mẫu)
[2026-04-27 09:01:55] [INFO] ⏭️ Bỏ qua trồng cây (chưa có ảnh mẫu)
[2026-04-27 09:01:55] [INFO] 📦 Bắt đầu XỬ LÝ ĐƠN HÀNG...
[2026-04-27 09:01:56] [DEBUG] Screenshot OK: (900, 1600)
[2026-04-27 09:01:57] [INFO] Không tìm thấy dấu chấm than (!) nào
[2026-04-27 09:01:57] [INFO] Đã xử lý 0 đơn hàng
[2026-04-27 09:01:57] [INFO] --- THỐNG KÊ ---
[2026-04-27 09:01:57] [INFO]   Thu hoạch: 0
[2026-04-27 09:01:57] [INFO]   Trồng cây: 0
[2026-04-27 09:01:57] [INFO]   Đơn hàng:  0
[2026-04-27 09:01:57] [INFO]   Lỗi:       0
[2026-04-27 09:02:02] [INFO] ========================================
[2026-04-27 09:02:02] [INFO] 🔄 BẮT ĐẦU CHU KỲ MỚI
[2026-04-27 09:02:02] [INFO] ========================================
[2026-04-27 09:02:02] [INFO] ⏭️ Bỏ qua thu hoạch (chưa có ảnh mẫu)
[2026-04-27 09:02:02] [INFO] ⏭️ Bỏ qua trồng cây (chưa có ảnh mẫu)
[2026-04-27 09:02:02] [INFO] 📦 Bắt đầu XỬ LÝ ĐƠN HÀNG...
[2026-04-27 09:02:03] [DEBUG] Screenshot OK: (900, 1600)
[2026-04-27 09:02:03] [INFO] Không tìm thấy dấu chấm than (!) nào
[2026-04-27 09:02:03] [INFO] Đã xử lý 0 đơn hàng
[2026-04-27 09:02:03] [INFO] --- THỐNG KÊ ---
[2026-04-27 09:02:03] [INFO]   Thu hoạch: 0
[2026-04-27 09:02:03] [INFO]   Trồng cây: 0
[2026-04-27 09:02:03] [INFO]   Đơn hàng:  0
[2026-04-27 09:02:03] [INFO]   Lỗi:       0
[2026-04-27 09:02:08] [INFO] ========================================
[2026-04-27 09:02:08] [INFO] 🔄 BẮT ĐẦU CHU KỲ MỚI
[2026-04-27 09:02:08] [INFO] ========================================
[2026-04-27 09:02:08] [INFO] ⏭️ Bỏ qua thu hoạch (chưa có ảnh mẫu)
[2026-04-27 09:02:08] [INFO] ⏭️ Bỏ qua trồng cây (chưa có ảnh mẫu)
[2026-04-27 09:02:08] [INFO] 📦 Bắt đầu XỬ LÝ ĐƠN HÀNG...
[2026-04-27 09:02:09] [DEBUG] Screenshot OK: (900, 1600)
[2026-04-27 09:02:09] [INFO] Không tìm thấy dấu chấm than (!) nào
[2026-04-27 09:02:09] [INFO] Đã xử lý 0 đơn hàng
[2026-04-27 09:02:09] [INFO] --- THỐNG KÊ ---
[2026-04-27 09:02:09] [INFO]   Thu hoạch: 0
[2026-04-27 09:02:09] [INFO]   Trồng cây: 0
[2026-04-27 09:02:09] [INFO]   Đơn hàng:  0
[2026-04-27 09:02:09] [INFO]   Lỗi:       0
[2026-04-27 09:02:14] [INFO] ========================================
[2026-04-27 09:02:14] [INFO] 🔄 BẮT ĐẦU CHU KỲ MỚI
[2026-04-27 09:02:14] [INFO] ========================================
[2026-04-27 09:02:14] [INFO] ⏭️ Bỏ qua thu hoạch (chưa có ảnh mẫu)
[2026-04-27 09:02:14] [INFO] ⏭️ Bỏ qua trồng cây (chưa có ảnh mẫu)
[2026-04-27 09:02:14] [INFO] 📦 Bắt đầu XỬ LÝ ĐƠN HÀNG...
[2026-04-27 09:02:15] [DEBUG] Screenshot OK: (900, 1600)
[2026-04-27 09:02:16] [INFO] Không tìm thấy dấu chấm than (!) nào
[2026-04-27 09:02:16] [INFO] Đã xử lý 0 đơn hàng
[2026-04-27 09:02:16] [INFO] --- THỐNG KÊ ---
[2026-04-27 09:02:16] [INFO]   Thu hoạch: 0
[2026-04-27 09:02:16] [INFO]   Trồng cây: 0
[2026-04-27 09:02:16] [INFO]   Đơn hàng:  0
[2026-04-27 09:02:16] [INFO]   Lỗi:       0
[2026-04-27 09:02:21] [INFO] ========================================
[2026-04-27 09:02:21] [INFO] 🔄 BẮT ĐẦU CHU KỲ MỚI
[2026-04-27 09:02:21] [INFO] ========================================
[2026-04-27 09:02:21] [INFO] ⏭️ Bỏ qua thu hoạch (chưa có ảnh mẫu)
[2026-04-27 09:02:21] [INFO] ⏭️ Bỏ qua trồng cây (chưa có ảnh mẫu)
[2026-04-27 09:02:21] [INFO] 📦 Bắt đầu XỬ LÝ ĐƠN HÀNG...
[2026-04-27 09:02:22] [DEBUG] Screenshot OK: (900, 1600)
[2026-04-27 09:02:22] [INFO] Không tìm thấy dấu chấm than (!) nào
[2026-04-27 09:02:22] [INFO] Đã xử lý 0 đơn hàng
[2026-04-27 09:02:22] [INFO] --- THỐNG KÊ ---
[2026-04-27 09:02:22] [INFO]   Thu hoạch: 0
[2026-04-27 09:02:22] [INFO]   Trồng cây: 0
[2026-04-27 09:02:22] [INFO]   Đơn hàng:  0
[2026-04-27 09:02:22] [INFO]   Lỗi:       0
[2026-04-27 09:02:27] [INFO] ========================================
[2026-04-27 09:02:27] [INFO] 🔄 BẮT ĐẦU CHU KỲ MỚI
[2026-04-27 09:02:27] [INFO] ========================================
[2026-04-27 09:02:27] [INFO] ⏭️ Bỏ qua thu hoạch (chưa có ảnh mẫu)
[2026-04-27 09:02:27] [INFO] ⏭️ Bỏ qua trồng cây (chưa có ảnh mẫu)
[2026-04-27 09:02:27] [INFO] 📦 Bắt đầu XỬ LÝ ĐƠN HÀNG...
[2026-04-27 09:02:28] [DEBUG] Screenshot OK: (900, 1600)
[2026-04-27 09:02:28] [INFO] Không tìm thấy dấu chấm than (!) nào
[2026-04-27 09:02:28] [INFO] Đã xử lý 0 đơn hàng
[2026-04-27 09:02:28] [INFO] --- THỐNG KÊ ---
[2026-04-27 09:02:28] [INFO]   Thu hoạch: 0
[2026-04-27 09:02:28] [INFO]   Trồng cây: 0
[2026-04-27 09:02:28] [INFO]   Đơn hàng:  0
[2026-04-27 09:02:28] [INFO]   Lỗi:       0
[2026-04-27 09:02:33] [INFO] ========================================
[2026-04-27 09:02:33] [INFO] 🔄 BẮT ĐẦU CHU KỲ MỚI
[2026-04-27 09:02:33] [INFO] ========================================
[2026-04-27 09:02:33] [INFO] ⏭️ Bỏ qua thu hoạch (chưa có ảnh mẫu)
[2026-04-27 09:02:33] [INFO] ⏭️ Bỏ qua trồng cây (chưa có ảnh mẫu)
[2026-04-27 09:02:33] [INFO] 📦 Bắt đầu XỬ LÝ ĐƠN HÀNG...
[2026-04-27 09:02:34] [DEBUG] Screenshot OK: (900, 1600)
[2026-04-27 09:02:35] [INFO] Không tìm thấy dấu chấm than (!) nào
[2026-04-27 09:02:35] [INFO] Đã xử lý 0 đơn hàng
[2026-04-27 09:02:35] [INFO] --- THỐNG KÊ ---
[2026-04-27 09:02:35] [INFO]   Thu hoạch: 0
[2026-04-27 09:02:35] [INFO]   Trồng cây: 0
[2026-04-27 09:02:35] [INFO]   Đơn hàng:  0
[2026-04-27 09:02:35] [INFO]   Lỗi:       0
[2026-04-27 09:02:40] [INFO] ========================================
[2026-04-27 09:02:40] [INFO] 🔄 BẮT ĐẦU CHU KỲ MỚI
[2026-04-27 09:02:40] [INFO] ========================================
[2026-04-27 09:02:40] [INFO] ⏭️ Bỏ qua thu hoạch (chưa có ảnh mẫu)
[2026-04-27 09:02:40] [INFO] ⏭️ Bỏ qua trồng cây (chưa có ảnh mẫu)
[2026-04-27 09:02:40] [INFO] 📦 Bắt đầu XỬ LÝ ĐƠN HÀNG...
[2026-04-27 09:02:41] [DEBUG] Screenshot OK: (900, 1600)
[2026-04-27 09:02:41] [INFO] Không tìm thấy dấu chấm than (!) nào
[2026-04-27 09:02:41] [INFO] Đã xử lý 0 đơn hàng
[2026-04-27 09:02:41] [INFO] --- THỐNG KÊ ---
[2026-04-27 09:02:41] [INFO]   Thu hoạch: 0
[2026-04-27 09:02:41] [INFO]   Trồng cây: 0
[2026-04-27 09:02:41] [INFO]   Đơn hàng:  0
[2026-04-27 09:02:41] [INFO]   Lỗi:       0
[2026-04-27 09:02:46] [INFO] ========================================
[2026-04-27 09:02:46] [INFO] 🔄 BẮT ĐẦU CHU KỲ MỚI
[2026-04-27 09:02:46] [INFO] ========================================
[2026-04-27 09:02:46] [INFO] ⏭️ Bỏ qua thu hoạch (chưa có ảnh mẫu)
[2026-04-27 09:02:46] [INFO] ⏭️ Bỏ qua trồng cây (chưa có ảnh mẫu)
[2026-04-27 09:02:46] [INFO] 📦 Bắt đầu XỬ LÝ ĐƠN HÀNG...
[2026-04-27 09:02:47] [DEBUG] Screenshot OK: (900, 1600)
[2026-04-27 09:02:47] [INFO] Không tìm thấy dấu chấm than (!) nào
[2026-04-27 09:02:47] [INFO] Đã xử lý 0 đơn hàng
[2026-04-27 09:02:47] [INFO] --- THỐNG KÊ ---
[2026-04-27 09:02:47] [INFO]   Thu hoạch: 0
[2026-04-27 09:02:47] [INFO]   Trồng cây: 0
[2026-04-27 09:02:47] [INFO]   Đơn hàng:  0
[2026-04-27 09:02:47] [INFO]   Lỗi:       0
[2026-04-27 09:02:52] [INFO] ========================================
[2026-04-27 09:02:52] [INFO] 🔄 BẮT ĐẦU CHU KỲ MỚI
[2026-04-27 09:02:52] [INFO] ========================================
[2026-04-27 09:02:52] [INFO] ⏭️ Bỏ qua thu hoạch (chưa có ảnh mẫu)
[2026-04-27 09:02:52] [INFO] ⏭️ Bỏ qua trồng cây (chưa có ảnh mẫu)
[2026-04-27 09:02:52] [INFO] 📦 Bắt đầu XỬ LÝ ĐƠN HÀNG...
[2026-04-27 09:02:53] [DEBUG] Screenshot OK: (900, 1600)
[2026-04-27 09:02:54] [INFO] Không tìm thấy dấu chấm than (!) nào
[2026-04-27 09:02:54] [INFO] Đã xử lý 0 đơn hàng
[2026-04-27 09:02:54] [INFO] --- THỐNG KÊ ---
[2026-04-27 09:02:54] [INFO]   Thu hoạch: 0
[2026-04-27 09:02:54] [INFO]   Trồng cây: 0
[2026-04-27 09:02:54] [INFO]   Đơn hàng:  0
[2026-04-27 09:02:54] [INFO]   Lỗi:       0
[2026-04-27 09:02:59] [INFO] ========================================
[2026-04-27 09:02:59] [INFO] 🔄 BẮT ĐẦU CHU KỲ MỚI
[2026-04-27 09:02:59] [INFO] ========================================
[2026-04-27 09:02:59] [INFO] ⏭️ Bỏ qua thu hoạch (chưa có ảnh mẫu)
[2026-04-27 09:02:59] [INFO] ⏭️ Bỏ qua trồng cây (chưa có ảnh mẫu)
[2026-04-27 09:02:59] [INFO] 📦 Bắt đầu XỬ LÝ ĐƠN HÀNG...
[2026-04-27 09:03:00] [DEBUG] Screenshot OK: (900, 1600)
[2026-04-27 09:03:00] [INFO] Không tìm thấy dấu chấm than (!) nào
[2026-04-27 09:03:00] [INFO] Đã xử lý 0 đơn hàng
[2026-04-27 09:03:00] [INFO] --- THỐNG KÊ ---
[2026-04-27 09:03:00] [INFO]   Thu hoạch: 0
[2026-04-27 09:03:00] [INFO]   Trồng cây: 0
[2026-04-27 09:03:00] [INFO]   Đơn hàng:  0
[2026-04-27 09:03:00] [INFO]   Lỗi:       0
[2026-04-27 09:03:05] [INFO] ========================================
[2026-04-27 09:03:05] [INFO] 🔄 BẮT ĐẦU CHU KỲ MỚI
[2026-04-27 09:03:05] [INFO] ========================================
[2026-04-27 09:03:05] [INFO] ⏭️ Bỏ qua thu hoạch (chưa có ảnh mẫu)
[2026-04-27 09:03:05] [INFO] ⏭️ Bỏ qua trồng cây (chưa có ảnh mẫu)
[2026-04-27 09:03:05] [INFO] 📦 Bắt đầu XỬ LÝ ĐƠN HÀNG...
[2026-04-27 09:03:06] [DEBUG] Screenshot OK: (900, 1600)
[2026-04-27 09:03:06] [INFO] Không tìm thấy dấu chấm than (!) nào
[2026-04-27 09:03:06] [INFO] Đã xử lý 0 đơn hàng
[2026-04-27 09:03:06] [INFO] --- THỐNG KÊ ---
[2026-04-27 09:03:06] [INFO]   Thu hoạch: 0
[2026-04-27 09:03:06] [INFO]   Trồng cây: 0
[2026-04-27 09:03:06] [INFO]   Đơn hàng:  0
[2026-04-27 09:03:06] [INFO]   Lỗi:       0
[2026-04-27 09:03:11] [INFO] ========================================
[2026-04-27 09:03:11] [INFO] 🔄 BẮT ĐẦU CHU KỲ MỚI
[2026-04-27 09:03:11] [INFO] ========================================
[2026-04-27 09:03:11] [INFO] ⏭️ Bỏ qua thu hoạch (chưa có ảnh mẫu)
[2026-04-27 09:03:11] [INFO] ⏭️ Bỏ qua trồng cây (chưa có ảnh mẫu)
[2026-04-27 09:03:11] [INFO] 📦 Bắt đầu XỬ LÝ ĐƠN HÀNG...
[2026-04-27 09:03:12] [DEBUG] Screenshot OK: (900, 1600)
[2026-04-27 09:03:13] [INFO] Không tìm thấy dấu chấm than (!) nào
[2026-04-27 09:03:13] [INFO] Đã xử lý 0 đơn hàng
[2026-04-27 09:03:13] [INFO] --- THỐNG KÊ ---
[2026-04-27 09:03:13] [INFO]   Thu hoạch: 0
[2026-04-27 09:03:13] [INFO]   Trồng cây: 0
[2026-04-27 09:03:13] [INFO]   Đơn hàng:  0
[2026-04-27 09:03:13] [INFO]   Lỗi:       0
[2026-04-27 09:03:18] [INFO] ========================================
[2026-04-27 09:03:18] [INFO] 🔄 BẮT ĐẦU CHU KỲ MỚI
[2026-04-27 09:03:18] [INFO] ========================================
[2026-04-27 09:03:18] [INFO] ⏭️ Bỏ qua thu hoạch (chưa có ảnh mẫu)
[2026-04-27 09:03:18] [INFO] ⏭️ Bỏ qua trồng cây (chưa có ảnh mẫu)
[2026-04-27 09:03:18] [INFO] 📦 Bắt đầu XỬ LÝ ĐƠN HÀNG...
[2026-04-27 09:03:18] [DEBUG] Screenshot OK: (900, 1600)
[2026-04-27 09:03:19] [INFO] Không tìm thấy dấu chấm than (!) nào
[2026-04-27 09:03:19] [INFO] Đã xử lý 0 đơn hàng
[2026-04-27 09:03:19] [INFO] --- THỐNG KÊ ---
[2026-04-27 09:03:19] [INFO]   Thu hoạch: 0
[2026-04-27 09:03:19] [INFO]   Trồng cây: 0
[2026-04-27 09:03:19] [INFO]   Đơn hàng:  0
[2026-04-27 09:03:19] [INFO]   Lỗi:       0
[2026-04-27 09:03:24] [INFO] ========================================
[2026-04-27 09:03:24] [INFO] 🔄 BẮT ĐẦU CHU KỲ MỚI
[2026-04-27 09:03:24] [INFO] ========================================
[2026-04-27 09:03:24] [INFO] ⏭️ Bỏ qua thu hoạch (chưa có ảnh mẫu)
[2026-04-27 09:03:24] [INFO] ⏭️ Bỏ qua trồng cây (chưa có ảnh mẫu)
[2026-04-27 09:03:24] [INFO] 📦 Bắt đầu XỬ LÝ ĐƠN HÀNG...
[2026-04-27 09:03:25] [DEBUG] Screenshot OK: (900, 1600)
[2026-04-27 09:03:25] [INFO] Không tìm thấy dấu chấm than (!) nào
[2026-04-27 09:03:25] [INFO] Đã xử lý 0 đơn hàng
[2026-04-27 09:03:25] [INFO] --- THỐNG KÊ ---
[2026-04-27 09:03:25] [INFO]   Thu hoạch: 0
[2026-04-27 09:03:25] [INFO]   Trồng cây: 0
[2026-04-27 09:03:25] [INFO]   Đơn hàng:  0
[2026-04-27 09:03:25] [INFO]   Lỗi:       0
[2026-04-27 09:03:30] [INFO] ========================================
[2026-04-27 09:03:30] [INFO] 🔄 BẮT ĐẦU CHU KỲ MỚI
[2026-04-27 09:03:30] [INFO] ========================================
[2026-04-27 09:03:30] [INFO] ⏭️ Bỏ qua thu hoạch (chưa có ảnh mẫu)
[2026-04-27 09:03:30] [INFO] ⏭️ Bỏ qua trồng cây (chưa có ảnh mẫu)
[2026-04-27 09:03:30] [INFO] 📦 Bắt đầu XỬ LÝ ĐƠN HÀNG...
[2026-04-27 09:03:31] [DEBUG] Screenshot OK: (900, 1600)
[2026-04-27 09:03:31] [INFO] Không tìm thấy dấu chấm than (!) nào
[2026-04-27 09:03:31] [INFO] Đã xử lý 0 đơn hàng
[2026-04-27 09:03:31] [INFO] --- THỐNG KÊ ---
[2026-04-27 09:03:31] [INFO]   Thu hoạch: 0
[2026-04-27 09:03:31] [INFO]   Trồng cây: 0
[2026-04-27 09:03:31] [INFO]   Đơn hàng:  0
[2026-04-27 09:03:31] [INFO]   Lỗi:       0
[2026-04-27 09:03:36] [INFO] ========================================
[2026-04-27 09:03:36] [INFO] 🔄 BẮT ĐẦU CHU KỲ MỚI
[2026-04-27 09:03:36] [INFO] ========================================
[2026-04-27 09:03:36] [INFO] ⏭️ Bỏ qua thu hoạch (chưa có ảnh mẫu)
[2026-04-27 09:03:36] [INFO] ⏭️ Bỏ qua trồng cây (chưa có ảnh mẫu)
[2026-04-27 09:03:36] [INFO] 📦 Bắt đầu XỬ LÝ ĐƠN HÀNG...
[2026-04-27 09:03:37] [DEBUG] Screenshot OK: (900, 1600)
[2026-04-27 09:03:38] [INFO] Không tìm thấy dấu chấm than (!) nào
[2026-04-27 09:03:38] [INFO] Đã xử lý 0 đơn hàng
[2026-04-27 09:03:38] [INFO] --- THỐNG KÊ ---
[2026-04-27 09:03:38] [INFO]   Thu hoạch: 0
[2026-04-27 09:03:38] [INFO]   Trồng cây: 0
[2026-04-27 09:03:38] [INFO]   Đơn hàng:  0
[2026-04-27 09:03:38] [INFO]   Lỗi:       0
[2026-04-27 09:03:43] [INFO] ========================================
[2026-04-27 09:03:43] [INFO] 🔄 BẮT ĐẦU CHU KỲ MỚI
[2026-04-27 09:03:43] [INFO] ========================================
[2026-04-27 09:03:43] [INFO] ⏭️ Bỏ qua thu hoạch (chưa có ảnh mẫu)
[2026-04-27 09:03:43] [INFO] ⏭️ Bỏ qua trồng cây (chưa có ảnh mẫu)
[2026-04-27 09:03:43] [INFO] 📦 Bắt đầu XỬ LÝ ĐƠN HÀNG...
[2026-04-27 09:03:44] [DEBUG] Screenshot OK: (900, 1600)
[2026-04-27 09:03:44] [INFO] Không tìm thấy dấu chấm than (!) nào
[2026-04-27 09:03:44] [INFO] Đã xử lý 0 đơn hàng
[2026-04-27 09:03:44] [INFO] --- THỐNG KÊ ---
[2026-04-27 09:03:44] [INFO]   Thu hoạch: 0
[2026-04-27 09:03:44] [INFO]   Trồng cây: 0
[2026-04-27 09:03:44] [INFO]   Đơn hàng:  0
[2026-04-27 09:03:44] [INFO]   Lỗi:       0
[2026-04-27 09:03:49] [INFO] ========================================
[2026-04-27 09:03:49] [INFO] 🔄 BẮT ĐẦU CHU KỲ MỚI
[2026-04-27 09:03:49] [INFO] ========================================
[2026-04-27 09:03:49] [INFO] ⏭️ Bỏ qua thu hoạch (chưa có ảnh mẫu)
[2026-04-27 09:03:49] [INFO] ⏭️ Bỏ qua trồng cây (chưa có ảnh mẫu)
[2026-04-27 09:03:49] [INFO] 📦 Bắt đầu XỬ LÝ ĐƠN HÀNG...
[2026-04-27 09:03:50] [DEBUG] Screenshot OK: (900, 1600)
[2026-04-27 09:03:50] [INFO] Không tìm thấy dấu chấm than (!) nào
[2026-04-27 09:03:50] [INFO] Đã xử lý 0 đơn hàng
[2026-04-27 09:03:50] [INFO] --- THỐNG KÊ ---
[2026-04-27 09:03:50] [INFO]   Thu hoạch: 0
[2026-04-27 09:03:50] [INFO]   Trồng cây: 0
[2026-04-27 09:03:50] [INFO]   Đơn hàng:  0
[2026-04-27 09:03:50] [INFO]   Lỗi:       0
[2026-04-27 09:03:55] [INFO] ========================================
[2026-04-27 09:03:55] [INFO] 🔄 BẮT ĐẦU CHU KỲ MỚI
[2026-04-27 09:03:55] [INFO] ========================================
[2026-04-27 09:03:55] [INFO] ⏭️ Bỏ qua thu hoạch (chưa có ảnh mẫu)
[2026-04-27 09:03:55] [INFO] ⏭️ Bỏ qua trồng cây (chưa có ảnh mẫu)
[2026-04-27 09:03:55] [INFO] 📦 Bắt đầu XỬ LÝ ĐƠN HÀNG...
[2026-04-27 09:03:56] [DEBUG] Screenshot OK: (900, 1600)
[2026-04-27 09:03:57] [INFO] Không tìm thấy dấu chấm than (!) nào
[2026-04-27 09:03:57] [INFO] Đã xử lý 0 đơn hàng
[2026-04-27 09:03:57] [INFO] --- THỐNG KÊ ---
[2026-04-27 09:03:57] [INFO]   Thu hoạch: 0
[2026-04-27 09:03:57] [INFO]   Trồng cây: 0
[2026-04-27 09:03:57] [INFO]   Đơn hàng:  0
[2026-04-27 09:03:57] [INFO]   Lỗi:       0
[2026-04-27 09:04:02] [INFO] ========================================
[2026-04-27 09:04:02] [INFO] 🔄 BẮT ĐẦU CHU KỲ MỚI
[2026-04-27 09:04:02] [INFO] ========================================
[2026-04-27 09:04:02] [INFO] ⏭️ Bỏ qua thu hoạch (chưa có ảnh mẫu)
[2026-04-27 09:04:02] [INFO] ⏭️ Bỏ qua trồng cây (chưa có ảnh mẫu)
[2026-04-27 09:04:02] [INFO] 📦 Bắt đầu XỬ LÝ ĐƠN HÀNG...
[2026-04-27 09:04:03] [DEBUG] Screenshot OK: (900, 1600)
[2026-04-27 09:04:03] [INFO] Không tìm thấy dấu chấm than (!) nào
[2026-04-27 09:04:03] [INFO] Đã xử lý 0 đơn hàng
[2026-04-27 09:04:03] [INFO] --- THỐNG KÊ ---
[2026-04-27 09:04:03] [INFO]   Thu hoạch: 0
[2026-04-27 09:04:03] [INFO]   Trồng cây: 0
[2026-04-27 09:04:03] [INFO]   Đơn hàng:  0
[2026-04-27 09:04:03] [INFO]   Lỗi:       0
[2026-04-27 09:04:08] [INFO] ========================================
[2026-04-27 09:04:08] [INFO] 🔄 BẮT ĐẦU CHU KỲ MỚI
[2026-04-27 09:04:08] [INFO] ========================================
[2026-04-27 09:04:08] [INFO] ⏭️ Bỏ qua thu hoạch (chưa có ảnh mẫu)
[2026-04-27 09:04:08] [INFO] ⏭️ Bỏ qua trồng cây (chưa có ảnh mẫu)
[2026-04-27 09:04:08] [INFO] 📦 Bắt đầu XỬ LÝ ĐƠN HÀNG...
[2026-04-27 09:04:09] [DEBUG] Screenshot OK: (900, 1600)
[2026-04-27 09:04:09] [INFO] Không tìm thấy dấu chấm than (!) nào
[2026-04-27 09:04:09] [INFO] Đã xử lý 0 đơn hàng
[2026-04-27 09:04:09] [INFO] --- THỐNG KÊ ---
[2026-04-27 09:04:09] [INFO]   Thu hoạch: 0
[2026-04-27 09:04:09] [INFO]   Trồng cây: 0
[2026-04-27 09:04:09] [INFO]   Đơn hàng:  0
[2026-04-27 09:04:09] [INFO]   Lỗi:       0
[2026-04-27 09:04:14] [INFO] ========================================
[2026-04-27 09:04:14] [INFO] 🔄 BẮT ĐẦU CHU KỲ MỚI
[2026-04-27 09:04:14] [INFO] ========================================
[2026-04-27 09:04:14] [INFO] ⏭️ Bỏ qua thu hoạch (chưa có ảnh mẫu)
[2026-04-27 09:04:14] [INFO] ⏭️ Bỏ qua trồng cây (chưa có ảnh mẫu)
[2026-04-27 09:04:14] [INFO] 📦 Bắt đầu XỬ LÝ ĐƠN HÀNG...
[2026-04-27 09:04:15] [DEBUG] Screenshot OK: (900, 1600)
[2026-04-27 09:04:15] [INFO] Không tìm thấy dấu chấm than (!) nào
[2026-04-27 09:04:15] [INFO] Đã xử lý 0 đơn hàng
[2026-04-27 09:04:15] [INFO] --- THỐNG KÊ ---
[2026-04-27 09:04:15] [INFO]   Thu hoạch: 0
[2026-04-27 09:04:15] [INFO]   Trồng cây: 0
[2026-04-27 09:04:15] [INFO]   Đơn hàng:  0
[2026-04-27 09:04:15] [INFO]   Lỗi:       0
[2026-04-27 09:04:20] [INFO] ========================================
[2026-04-27 09:04:20] [INFO] 🔄 BẮT ĐẦU CHU KỲ MỚI
[2026-04-27 09:04:20] [INFO] ========================================
[2026-04-27 09:04:20] [INFO] ⏭️ Bỏ qua thu hoạch (chưa có ảnh mẫu)
[2026-04-27 09:04:20] [INFO] ⏭️ Bỏ qua trồng cây (chưa có ảnh mẫu)
[2026-04-27 09:04:20] [INFO] 📦 Bắt đầu XỬ LÝ ĐƠN HÀNG...
[2026-04-27 09:04:21] [DEBUG] Screenshot OK: (900, 1600)
[2026-04-27 09:04:22] [INFO] Không tìm thấy dấu chấm than (!) nào
[2026-04-27 09:04:22] [INFO] Đã xử lý 0 đơn hàng
[2026-04-27 09:04:22] [INFO] --- THỐNG KÊ ---
[2026-04-27 09:04:22] [INFO]   Thu hoạch: 0
[2026-04-27 09:04:22] [INFO]   Trồng cây: 0
[2026-04-27 09:04:22] [INFO]   Đơn hàng:  0
[2026-04-27 09:04:22] [INFO]   Lỗi:       0
[2026-04-27 09:04:27] [INFO] ========================================
[2026-04-27 09:04:27] [INFO] 🔄 BẮT ĐẦU CHU KỲ MỚI
[2026-04-27 09:04:27] [INFO] ========================================
[2026-04-27 09:04:27] [INFO] ⏭️ Bỏ qua thu hoạch (chưa có ảnh mẫu)
[2026-04-27 09:04:27] [INFO] ⏭️ Bỏ qua trồng cây (chưa có ảnh mẫu)
[2026-04-27 09:04:27] [INFO] 📦 Bắt đầu XỬ LÝ ĐƠN HÀNG...
[2026-04-27 09:04:28] [DEBUG] Screenshot OK: (900, 1600)
[2026-04-27 09:04:28] [INFO] Không tìm thấy dấu chấm than (!) nào
[2026-04-27 09:04:28] [INFO] Đã xử lý 0 đơn hàng
[2026-04-27 09:04:28] [INFO] --- THỐNG KÊ ---
[2026-04-27 09:04:28] [INFO]   Thu hoạch: 0
[2026-04-27 09:04:28] [INFO]   Trồng cây: 0
[2026-04-27 09:04:28] [INFO]   Đơn hàng:  0
[2026-04-27 09:04:28] [INFO]   Lỗi:       0
[2026-04-27 09:04:33] [INFO] ========================================
[2026-04-27 09:04:33] [INFO] 🔄 BẮT ĐẦU CHU KỲ MỚI
[2026-04-27 09:04:33] [INFO] ========================================
[2026-04-27 09:04:33] [INFO] ⏭️ Bỏ qua thu hoạch (chưa có ảnh mẫu)
[2026-04-27 09:04:33] [INFO] ⏭️ Bỏ qua trồng cây (chưa có ảnh mẫu)
[2026-04-27 09:04:33] [INFO] 📦 Bắt đầu XỬ LÝ ĐƠN HÀNG...
[2026-04-27 09:04:34] [DEBUG] Screenshot OK: (900, 1600)
[2026-04-27 09:04:34] [INFO] Không tìm thấy dấu chấm than (!) nào
[2026-04-27 09:04:34] [INFO] Đã xử lý 0 đơn hàng
[2026-04-27 09:04:34] [INFO] --- THỐNG KÊ ---
[2026-04-27 09:04:34] [INFO]   Thu hoạch: 0
[2026-04-27 09:04:34] [INFO]   Trồng cây: 0
[2026-04-27 09:04:34] [INFO]   Đơn hàng:  0
[2026-04-27 09:04:34] [INFO]   Lỗi:       0
[2026-04-27 09:04:39] [INFO] ========================================
[2026-04-27 09:04:39] [INFO] 🔄 BẮT ĐẦU CHU KỲ MỚI
[2026-04-27 09:04:39] [INFO] ========================================
[2026-04-27 09:04:39] [INFO] ⏭️ Bỏ qua thu hoạch (chưa có ảnh mẫu)
[2026-04-27 09:04:39] [INFO] ⏭️ Bỏ qua trồng cây (chưa có ảnh mẫu)
[2026-04-27 09:04:39] [INFO] 📦 Bắt đầu XỬ LÝ ĐƠN HÀNG...
[2026-04-27 09:04:40] [DEBUG] Screenshot OK: (900, 1600)
[2026-04-27 09:04:41] [INFO] Không tìm thấy dấu chấm than (!) nào
[2026-04-27 09:04:41] [INFO] Đã xử lý 0 đơn hàng
[2026-04-27 09:04:41] [INFO] --- THỐNG KÊ ---
[2026-04-27 09:04:41] [INFO]   Thu hoạch: 0
[2026-04-27 09:04:41] [INFO]   Trồng cây: 0
[2026-04-27 09:04:41] [INFO]   Đơn hàng:  0
[2026-04-27 09:04:41] [INFO]   Lỗi:       0
[2026-04-27 09:04:46] [INFO] ========================================
[2026-04-27 09:04:46] [INFO] 🔄 BẮT ĐẦU CHU KỲ MỚI
[2026-04-27 09:04:46] [INFO] ========================================
[2026-04-27 09:04:46] [INFO] ⏭️ Bỏ qua thu hoạch (chưa có ảnh mẫu)
[2026-04-27 09:04:46] [INFO] ⏭️ Bỏ qua trồng cây (chưa có ảnh mẫu)
[2026-04-27 09:04:46] [INFO] 📦 Bắt đầu XỬ LÝ ĐƠN HÀNG...
[2026-04-27 09:04:47] [DEBUG] Screenshot OK: (900, 1600)
[2026-04-27 09:04:47] [INFO] Không tìm thấy dấu chấm than (!) nào
[2026-04-27 09:04:47] [INFO] Đã xử lý 0 đơn hàng
[2026-04-27 09:04:47] [INFO] --- THỐNG KÊ ---
[2026-04-27 09:04:47] [INFO]   Thu hoạch: 0
[2026-04-27 09:04:47] [INFO]   Trồng cây: 0
[2026-04-27 09:04:47] [INFO]   Đơn hàng:  0
[2026-04-27 09:04:47] [INFO]   Lỗi:       0
[2026-04-27 09:04:52] [INFO] ========================================
[2026-04-27 09:04:52] [INFO] 🔄 BẮT ĐẦU CHU KỲ MỚI
[2026-04-27 09:04:52] [INFO] ========================================
[2026-04-27 09:04:52] [INFO] ⏭️ Bỏ qua thu hoạch (chưa có ảnh mẫu)
[2026-04-27 09:04:52] [INFO] ⏭️ Bỏ qua trồng cây (chưa có ảnh mẫu)
[2026-04-27 09:04:52] [INFO] 📦 Bắt đầu XỬ LÝ ĐƠN HÀNG...
[2026-04-27 09:04:53] [DEBUG] Screenshot OK: (900, 1600)
[2026-04-27 09:04:53] [INFO] Không tìm thấy dấu chấm than (!) nào
[2026-04-27 09:04:53] [INFO] Đã xử lý 0 đơn hàng
[2026-04-27 09:04:53] [INFO] --- THỐNG KÊ ---
[2026-04-27 09:04:53] [INFO]   Thu hoạch: 0
[2026-04-27 09:04:53] [INFO]   Trồng cây: 0
[2026-04-27 09:04:53] [INFO]   Đơn hàng:  0
[2026-04-27 09:04:53] [INFO]   Lỗi:       0
[2026-04-27 09:04:58] [INFO] ========================================
[2026-04-27 09:04:58] [INFO] 🔄 BẮT ĐẦU CHU KỲ MỚI
[2026-04-27 09:04:58] [INFO] ========================================
[2026-04-27 09:04:58] [INFO] ⏭️ Bỏ qua thu hoạch (chưa có ảnh mẫu)
[2026-04-27 09:04:58] [INFO] ⏭️ Bỏ qua trồng cây (chưa có ảnh mẫu)
[2026-04-27 09:04:58] [INFO] 📦 Bắt đầu XỬ LÝ ĐƠN HÀNG...
[2026-04-27 09:04:59] [DEBUG] Screenshot OK: (900, 1600)
[2026-04-27 09:04:59] [INFO] Không tìm thấy dấu chấm than (!) nào
[2026-04-27 09:04:59] [INFO] Đã xử lý 0 đơn hàng
[2026-04-27 09:04:59] [INFO] --- THỐNG KÊ ---
[2026-04-27 09:04:59] [INFO]   Thu hoạch: 0
[2026-04-27 09:04:59] [INFO]   Trồng cây: 0
[2026-04-27 09:04:59] [INFO]   Đơn hàng:  0
[2026-04-27 09:04:59] [INFO]   Lỗi:       0
[2026-04-27 09:05:04] [INFO] ========================================
[2026-04-27 09:05:04] [INFO] 🔄 BẮT ĐẦU CHU KỲ MỚI
[2026-04-27 09:05:04] [INFO] ========================================
[2026-04-27 09:05:04] [INFO] ⏭️ Bỏ qua thu hoạch (chưa có ảnh mẫu)
[2026-04-27 09:05:04] [INFO] ⏭️ Bỏ qua trồng cây (chưa có ảnh mẫu)
[2026-04-27 09:05:04] [INFO] 📦 Bắt đầu XỬ LÝ ĐƠN HÀNG...
[2026-04-27 09:05:05] [DEBUG] Screenshot OK: (900, 1600)
[2026-04-27 09:05:06] [INFO] Không tìm thấy dấu chấm than (!) nào
[2026-04-27 09:05:06] [INFO] Đã xử lý 0 đơn hàng
[2026-04-27 09:05:06] [INFO] --- THỐNG KÊ ---
[2026-04-27 09:05:06] [INFO]   Thu hoạch: 0
[2026-04-27 09:05:06] [INFO]   Trồng cây: 0
[2026-04-27 09:05:06] [INFO]   Đơn hàng:  0
[2026-04-27 09:05:06] [INFO]   Lỗi:       0
[2026-04-27 09:05:06] [DEBUG] Found dau_cham_than_2.png at (204,537) conf=0.608
[2026-04-27 09:05:06] [DEBUG] Found dau_cham_than_2.png at (204,537) conf=0.608
[2026-04-27 09:05:06] [DEBUG] Found dau_cham_than_vang.png at (521,1355) conf=0.515
[2026-04-27 09:05:07] [DEBUG] Found dau_cham_than_vang.png at (521,1355) conf=0.515
[2026-04-27 09:05:11] [INFO] ========================================
[2026-04-27 09:05:11] [INFO] 🔄 BẮT ĐẦU CHU KỲ MỚI
[2026-04-27 09:05:11] [INFO] ========================================
[2026-04-27 09:05:11] [INFO] ⏭️ Bỏ qua thu hoạch (chưa có ảnh mẫu)
[2026-04-27 09:05:11] [INFO] ⏭️ Bỏ qua trồng cây (chưa có ảnh mẫu)
[2026-04-27 09:05:11] [INFO] 📦 Bắt đầu XỬ LÝ ĐƠN HÀNG...
[2026-04-27 09:05:12] [DEBUG] Screenshot OK: (900, 1600)
[2026-04-27 09:05:12] [INFO] Không tìm thấy dấu chấm than (!) nào
[2026-04-27 09:05:12] [INFO] Đã xử lý 0 đơn hàng
[2026-04-27 09:05:12] [INFO] --- THỐNG KÊ ---
[2026-04-27 09:05:12] [INFO]   Thu hoạch: 0
[2026-04-27 09:05:12] [INFO]   Trồng cây: 0
[2026-04-27 09:05:12] [INFO]   Đơn hàng:  0
[2026-04-27 09:05:12] [INFO]   Lỗi:       0
[2026-04-27 09:05:17] [INFO] ========================================
[2026-04-27 09:05:17] [INFO] 🔄 BẮT ĐẦU CHU KỲ MỚI
[2026-04-27 09:05:17] [INFO] ========================================
[2026-04-27 09:05:17] [INFO] ⏭️ Bỏ qua thu hoạch (chưa có ảnh mẫu)
[2026-04-27 09:05:17] [INFO] ⏭️ Bỏ qua trồng cây (chưa có ảnh mẫu)
[2026-04-27 09:05:17] [INFO] 📦 Bắt đầu XỬ LÝ ĐƠN HÀNG...
[2026-04-27 09:05:18] [DEBUG] Screenshot OK: (900, 1600)
[2026-04-27 09:05:18] [INFO] Không tìm thấy dấu chấm than (!) nào
[2026-04-27 09:05:18] [INFO] Đã xử lý 0 đơn hàng
[2026-04-27 09:05:18] [INFO] --- THỐNG KÊ ---
[2026-04-27 09:05:18] [INFO]   Thu hoạch: 0
[2026-04-27 09:05:18] [INFO]   Trồng cây: 0
[2026-04-27 09:05:18] [INFO]   Đơn hàng:  0
[2026-04-27 09:05:18] [INFO]   Lỗi:       0
[2026-04-27 09:05:23] [INFO] ========================================
[2026-04-27 09:05:23] [INFO] 🔄 BẮT ĐẦU CHU KỲ MỚI
[2026-04-27 09:05:23] [INFO] ========================================
[2026-04-27 09:05:23] [INFO] ⏭️ Bỏ qua thu hoạch (chưa có ảnh mẫu)
[2026-04-27 09:05:24] [INFO] ⏭️ Bỏ qua trồng cây (chưa có ảnh mẫu)
[2026-04-27 09:05:24] [INFO] 📦 Bắt đầu XỬ LÝ ĐƠN HÀNG...
[2026-04-27 09:05:25] [DEBUG] Screenshot OK: (900, 1600)
[2026-04-27 09:05:25] [INFO] Không tìm thấy dấu chấm than (!) nào
[2026-04-27 09:05:25] [INFO] Đã xử lý 0 đơn hàng
[2026-04-27 09:05:25] [INFO] --- THỐNG KÊ ---
[2026-04-27 09:05:25] [INFO]   Thu hoạch: 0
[2026-04-27 09:05:25] [INFO]   Trồng cây: 0
[2026-04-27 09:05:25] [INFO]   Đơn hàng:  0
[2026-04-27 09:05:25] [INFO]   Lỗi:       0
[2026-04-27 09:05:30] [INFO] ========================================
[2026-04-27 09:05:30] [INFO] 🔄 BẮT ĐẦU CHU KỲ MỚI
[2026-04-27 09:05:30] [INFO] ========================================
[2026-04-27 09:05:30] [INFO] ⏭️ Bỏ qua thu hoạch (chưa có ảnh mẫu)
[2026-04-27 09:05:30] [INFO] ⏭️ Bỏ qua trồng cây (chưa có ảnh mẫu)
[2026-04-27 09:05:30] [INFO] 📦 Bắt đầu XỬ LÝ ĐƠN HÀNG...
[2026-04-27 09:05:31] [DEBUG] Screenshot OK: (900, 1600)
[2026-04-27 09:05:31] [INFO] Không tìm thấy dấu chấm than (!) nào
[2026-04-27 09:05:31] [INFO] Đã xử lý 0 đơn hàng
[2026-04-27 09:05:31] [INFO] --- THỐNG KÊ ---
[2026-04-27 09:05:31] [INFO]   Thu hoạch: 0
[2026-04-27 09:05:31] [INFO]   Trồng cây: 0
[2026-04-27 09:05:31] [INFO]   Đơn hàng:  0
[2026-04-27 09:05:31] [INFO]   Lỗi:       0
[2026-04-27 09:05:36] [INFO] ========================================
[2026-04-27 09:05:36] [INFO] 🔄 BẮT ĐẦU CHU KỲ MỚI
[2026-04-27 09:05:36] [INFO] ========================================
[2026-04-27 09:05:36] [INFO] ⏭️ Bỏ qua thu hoạch (chưa có ảnh mẫu)
[2026-04-27 09:05:36] [INFO] ⏭️ Bỏ qua trồng cây (chưa có ảnh mẫu)
[2026-04-27 09:05:36] [INFO] 📦 Bắt đầu XỬ LÝ ĐƠN HÀNG...
[2026-04-27 09:05:37] [DEBUG] Screenshot OK: (900, 1600)
[2026-04-27 09:05:37] [INFO] Không tìm thấy dấu chấm than (!) nào
[2026-04-27 09:05:37] [INFO] Đã xử lý 0 đơn hàng
[2026-04-27 09:05:37] [INFO] --- THỐNG KÊ ---
[2026-04-27 09:05:37] [INFO]   Thu hoạch: 0
[2026-04-27 09:05:37] [INFO]   Trồng cây: 0
[2026-04-27 09:05:37] [INFO]   Đơn hàng:  0
[2026-04-27 09:05:37] [INFO]   Lỗi:       0
[2026-04-27 09:05:42] [INFO] ========================================
[2026-04-27 09:05:42] [INFO] 🔄 BẮT ĐẦU CHU KỲ MỚI
[2026-04-27 09:05:42] [INFO] ========================================
[2026-04-27 09:05:42] [INFO] ⏭️ Bỏ qua thu hoạch (chưa có ảnh mẫu)
[2026-04-27 09:05:42] [INFO] ⏭️ Bỏ qua trồng cây (chưa có ảnh mẫu)
[2026-04-27 09:05:42] [INFO] 📦 Bắt đầu XỬ LÝ ĐƠN HÀNG...
[2026-04-27 09:05:43] [DEBUG] Screenshot OK: (900, 1600)
[2026-04-27 09:05:44] [INFO] Không tìm thấy dấu chấm than (!) nào
[2026-04-27 09:05:44] [INFO] Đã xử lý 0 đơn hàng
[2026-04-27 09:05:44] [INFO] --- THỐNG KÊ ---
[2026-04-27 09:05:44] [INFO]   Thu hoạch: 0
[2026-04-27 09:05:44] [INFO]   Trồng cây: 0
[2026-04-27 09:05:44] [INFO]   Đơn hàng:  0
[2026-04-27 09:05:44] [INFO]   Lỗi:       0
[2026-04-27 09:05:49] [INFO] ========================================
[2026-04-27 09:05:49] [INFO] 🔄 BẮT ĐẦU CHU KỲ MỚI
[2026-04-27 09:05:49] [INFO] ========================================
[2026-04-27 09:05:49] [INFO] ⏭️ Bỏ qua thu hoạch (chưa có ảnh mẫu)
[2026-04-27 09:05:49] [INFO] ⏭️ Bỏ qua trồng cây (chưa có ảnh mẫu)
[2026-04-27 09:05:49] [INFO] 📦 Bắt đầu XỬ LÝ ĐƠN HÀNG...
[2026-04-27 09:05:50] [DEBUG] Screenshot OK: (900, 1600)
[2026-04-27 09:05:50] [INFO] Không tìm thấy dấu chấm than (!) nào
[2026-04-27 09:05:50] [INFO] Đã xử lý 0 đơn hàng
[2026-04-27 09:05:50] [INFO] --- THỐNG KÊ ---
[2026-04-27 09:05:50] [INFO]   Thu hoạch: 0
[2026-04-27 09:05:50] [INFO]   Trồng cây: 0
[2026-04-27 09:05:50] [INFO]   Đơn hàng:  0
[2026-04-27 09:05:50] [INFO]   Lỗi:       0
[2026-04-27 09:05:55] [INFO] ========================================
[2026-04-27 09:05:55] [INFO] 🔄 BẮT ĐẦU CHU KỲ MỚI
[2026-04-27 09:05:55] [INFO] ========================================
[2026-04-27 09:05:55] [INFO] ⏭️ Bỏ qua thu hoạch (chưa có ảnh mẫu)
[2026-04-27 09:05:55] [INFO] ⏭️ Bỏ qua trồng cây (chưa có ảnh mẫu)
[2026-04-27 09:05:55] [INFO] 📦 Bắt đầu XỬ LÝ ĐƠN HÀNG...
[2026-04-27 09:05:56] [DEBUG] Screenshot OK: (900, 1600)
[2026-04-27 09:05:57] [INFO] Không tìm thấy dấu chấm than (!) nào
[2026-04-27 09:05:57] [INFO] Đã xử lý 0 đơn hàng
[2026-04-27 09:05:57] [INFO] --- THỐNG KÊ ---
[2026-04-27 09:05:57] [INFO]   Thu hoạch: 0
[2026-04-27 09:05:57] [INFO]   Trồng cây: 0
[2026-04-27 09:05:57] [INFO]   Đơn hàng:  0
[2026-04-27 09:05:57] [INFO]   Lỗi:       0
[2026-04-27 09:06:02] [INFO] ========================================
[2026-04-27 09:06:02] [INFO] 🔄 BẮT ĐẦU CHU KỲ MỚI
[2026-04-27 09:06:02] [INFO] ========================================
[2026-04-27 09:06:02] [INFO] ⏭️ Bỏ qua thu hoạch (chưa có ảnh mẫu)
[2026-04-27 09:06:02] [INFO] ⏭️ Bỏ qua trồng cây (chưa có ảnh mẫu)
[2026-04-27 09:06:02] [INFO] 📦 Bắt đầu XỬ LÝ ĐƠN HÀNG...
[2026-04-27 09:06:03] [DEBUG] Screenshot OK: (900, 1600)
[2026-04-27 09:06:03] [INFO] Không tìm thấy dấu chấm than (!) nào
[2026-04-27 09:06:03] [INFO] Đã xử lý 0 đơn hàng
[2026-04-27 09:06:03] [INFO] --- THỐNG KÊ ---
[2026-04-27 09:06:03] [INFO]   Thu hoạch: 0
[2026-04-27 09:06:03] [INFO]   Trồng cây: 0
[2026-04-27 09:06:03] [INFO]   Đơn hàng:  0
[2026-04-27 09:06:03] [INFO]   Lỗi:       0
[2026-04-27 09:06:08] [INFO] ========================================
[2026-04-27 09:06:08] [INFO] 🔄 BẮT ĐẦU CHU KỲ MỚI
[2026-04-27 09:06:08] [INFO] ========================================
[2026-04-27 09:06:08] [INFO] ⏭️ Bỏ qua thu hoạch (chưa có ảnh mẫu)
[2026-04-27 09:06:08] [INFO] ⏭️ Bỏ qua trồng cây (chưa có ảnh mẫu)
[2026-04-27 09:06:08] [INFO] 📦 Bắt đầu XỬ LÝ ĐƠN HÀNG...
[2026-04-27 09:06:09] [DEBUG] Screenshot OK: (900, 1600)
[2026-04-27 09:06:10] [INFO] Không tìm thấy dấu chấm than (!) nào
[2026-04-27 09:06:10] [INFO] Đã xử lý 0 đơn hàng
[2026-04-27 09:06:10] [INFO] --- THỐNG KÊ ---
[2026-04-27 09:06:10] [INFO]   Thu hoạch: 0
[2026-04-27 09:06:10] [INFO]   Trồng cây: 0
[2026-04-27 09:06:10] [INFO]   Đơn hàng:  0
[2026-04-27 09:06:10] [INFO]   Lỗi:       0
[2026-04-27 09:06:15] [INFO] ========================================
[2026-04-27 09:06:15] [INFO] 🔄 BẮT ĐẦU CHU KỲ MỚI
[2026-04-27 09:06:15] [INFO] ========================================
[2026-04-27 09:06:15] [INFO] ⏭️ Bỏ qua thu hoạch (chưa có ảnh mẫu)
[2026-04-27 09:06:15] [INFO] ⏭️ Bỏ qua trồng cây (chưa có ảnh mẫu)
[2026-04-27 09:06:15] [INFO] 📦 Bắt đầu XỬ LÝ ĐƠN HÀNG...
[2026-04-27 09:06:16] [DEBUG] Screenshot OK: (900, 1600)
[2026-04-27 09:06:16] [INFO] Không tìm thấy dấu chấm than (!) nào
[2026-04-27 09:06:16] [INFO] Đã xử lý 0 đơn hàng
[2026-04-27 09:06:16] [INFO] --- THỐNG KÊ ---
[2026-04-27 09:06:16] [INFO]   Thu hoạch: 0
[2026-04-27 09:06:16] [INFO]   Trồng cây: 0
[2026-04-27 09:06:16] [INFO]   Đơn hàng:  0
[2026-04-27 09:06:16] [INFO]   Lỗi:       0
[2026-04-27 09:06:21] [INFO] ========================================
[2026-04-27 09:06:21] [INFO] 🔄 BẮT ĐẦU CHU KỲ MỚI
[2026-04-27 09:06:21] [INFO] ========================================
[2026-04-27 09:06:21] [INFO] ⏭️ Bỏ qua thu hoạch (chưa có ảnh mẫu)
[2026-04-27 09:06:21] [INFO] ⏭️ Bỏ qua trồng cây (chưa có ảnh mẫu)
[2026-04-27 09:06:21] [INFO] 📦 Bắt đầu XỬ LÝ ĐƠN HÀNG...
[2026-04-27 09:06:22] [DEBUG] Screenshot OK: (900, 1600)
[2026-04-27 09:06:22] [INFO] Không tìm thấy dấu chấm than (!) nào
[2026-04-27 09:06:22] [INFO] Đã xử lý 0 đơn hàng
[2026-04-27 09:06:22] [INFO] --- THỐNG KÊ ---
[2026-04-27 09:06:22] [INFO]   Thu hoạch: 0
[2026-04-27 09:06:22] [INFO]   Trồng cây: 0
[2026-04-27 09:06:22] [INFO]   Đơn hàng:  0
[2026-04-27 09:06:22] [INFO]   Lỗi:       0
[2026-04-27 09:06:27] [INFO] ========================================
[2026-04-27 09:06:27] [INFO] 🔄 BẮT ĐẦU CHU KỲ MỚI
[2026-04-27 09:06:27] [INFO] ========================================
[2026-04-27 09:06:27] [INFO] ⏭️ Bỏ qua thu hoạch (chưa có ảnh mẫu)
[2026-04-27 09:06:27] [INFO] ⏭️ Bỏ qua trồng cây (chưa có ảnh mẫu)
[2026-04-27 09:06:27] [INFO] 📦 Bắt đầu XỬ LÝ ĐƠN HÀNG...
[2026-04-27 09:06:28] [DEBUG] Screenshot OK: (900, 1600)
[2026-04-27 09:06:29] [INFO] Không tìm thấy dấu chấm than (!) nào
[2026-04-27 09:06:29] [INFO] Đã xử lý 0 đơn hàng
[2026-04-27 09:06:29] [INFO] --- THỐNG KÊ ---
[2026-04-27 09:06:29] [INFO]   Thu hoạch: 0
[2026-04-27 09:06:29] [INFO]   Trồng cây: 0
[2026-04-27 09:06:29] [INFO]   Đơn hàng:  0
[2026-04-27 09:06:29] [INFO]   Lỗi:       0
[2026-04-27 09:06:34] [INFO] ========================================
[2026-04-27 09:06:34] [INFO] 🔄 BẮT ĐẦU CHU KỲ MỚI
[2026-04-27 09:06:34] [INFO] ========================================
[2026-04-27 09:06:34] [INFO] ⏭️ Bỏ qua thu hoạch (chưa có ảnh mẫu)
[2026-04-27 09:06:34] [INFO] ⏭️ Bỏ qua trồng cây (chưa có ảnh mẫu)
[2026-04-27 09:06:34] [INFO] 📦 Bắt đầu XỬ LÝ ĐƠN HÀNG...
[2026-04-27 09:06:35] [DEBUG] Screenshot OK: (900, 1600)
[2026-04-27 09:06:35] [INFO] Không tìm thấy dấu chấm than (!) nào
[2026-04-27 09:06:35] [INFO] Đã xử lý 0 đơn hàng
[2026-04-27 09:06:35] [INFO] --- THỐNG KÊ ---
[2026-04-27 09:06:35] [INFO]   Thu hoạch: 0
[2026-04-27 09:06:35] [INFO]   Trồng cây: 0
[2026-04-27 09:06:35] [INFO]   Đơn hàng:  0
[2026-04-27 09:06:35] [INFO]   Lỗi:       0
[2026-04-27 09:06:40] [INFO] ========================================
[2026-04-27 09:06:40] [INFO] 🔄 BẮT ĐẦU CHU KỲ MỚI
[2026-04-27 09:06:40] [INFO] ========================================
[2026-04-27 09:06:40] [INFO] ⏭️ Bỏ qua thu hoạch (chưa có ảnh mẫu)
[2026-04-27 09:06:40] [INFO] ⏭️ Bỏ qua trồng cây (chưa có ảnh mẫu)
[2026-04-27 09:06:40] [INFO] 📦 Bắt đầu XỬ LÝ ĐƠN HÀNG...
[2026-04-27 09:06:41] [DEBUG] Screenshot OK: (900, 1600)
[2026-04-27 09:06:41] [INFO] Không tìm thấy dấu chấm than (!) nào
[2026-04-27 09:06:41] [INFO] Đã xử lý 0 đơn hàng
[2026-04-27 09:06:41] [INFO] --- THỐNG KÊ ---
[2026-04-27 09:06:41] [INFO]   Thu hoạch: 0
[2026-04-27 09:06:41] [INFO]   Trồng cây: 0
[2026-04-27 09:06:41] [INFO]   Đơn hàng:  0
[2026-04-27 09:06:41] [INFO]   Lỗi:       0
[2026-04-27 09:06:46] [INFO] ========================================
[2026-04-27 09:06:46] [INFO] 🔄 BẮT ĐẦU CHU KỲ MỚI
[2026-04-27 09:06:46] [INFO] ========================================
[2026-04-27 09:06:46] [INFO] ⏭️ Bỏ qua thu hoạch (chưa có ảnh mẫu)
[2026-04-27 09:06:46] [INFO] ⏭️ Bỏ qua trồng cây (chưa có ảnh mẫu)
[2026-04-27 09:06:46] [INFO] 📦 Bắt đầu XỬ LÝ ĐƠN HÀNG...
[2026-04-27 09:06:47] [DEBUG] Screenshot OK: (900, 1600)
[2026-04-27 09:06:48] [INFO] Không tìm thấy dấu chấm than (!) nào
[2026-04-27 09:06:48] [INFO] Đã xử lý 0 đơn hàng
[2026-04-27 09:06:48] [INFO] --- THỐNG KÊ ---
[2026-04-27 09:06:48] [INFO]   Thu hoạch: 0
[2026-04-27 09:06:48] [INFO]   Trồng cây: 0
[2026-04-27 09:06:48] [INFO]   Đơn hàng:  0
[2026-04-27 09:06:48] [INFO]   Lỗi:       0
[2026-04-27 09:06:53] [INFO] ========================================
[2026-04-27 09:06:53] [INFO] 🔄 BẮT ĐẦU CHU KỲ MỚI
[2026-04-27 09:06:53] [INFO] ========================================
[2026-04-27 09:06:53] [INFO] ⏭️ Bỏ qua thu hoạch (chưa có ảnh mẫu)
[2026-04-27 09:06:53] [INFO] ⏭️ Bỏ qua trồng cây (chưa có ảnh mẫu)
[2026-04-27 09:06:53] [INFO] 📦 Bắt đầu XỬ LÝ ĐƠN HÀNG...
[2026-04-27 09:06:54] [DEBUG] Screenshot OK: (900, 1600)
[2026-04-27 09:06:54] [INFO] Không tìm thấy dấu chấm than (!) nào
[2026-04-27 09:06:54] [INFO] Đã xử lý 0 đơn hàng
[2026-04-27 09:06:54] [INFO] --- THỐNG KÊ ---
[2026-04-27 09:06:54] [INFO]   Thu hoạch: 0
[2026-04-27 09:06:54] [INFO]   Trồng cây: 0
[2026-04-27 09:06:54] [INFO]   Đơn hàng:  0
[2026-04-27 09:06:54] [INFO]   Lỗi:       0
[2026-04-27 09:06:59] [INFO] ========================================
[2026-04-27 09:06:59] [INFO] 🔄 BẮT ĐẦU CHU KỲ MỚI
[2026-04-27 09:06:59] [INFO] ========================================
[2026-04-27 09:06:59] [INFO] ⏭️ Bỏ qua thu hoạch (chưa có ảnh mẫu)
[2026-04-27 09:06:59] [INFO] ⏭️ Bỏ qua trồng cây (chưa có ảnh mẫu)
[2026-04-27 09:06:59] [INFO] 📦 Bắt đầu XỬ LÝ ĐƠN HÀNG...
[2026-04-27 09:07:00] [DEBUG] Screenshot OK: (900, 1600)
[2026-04-27 09:07:00] [INFO] Không tìm thấy dấu chấm than (!) nào
[2026-04-27 09:07:00] [INFO] Đã xử lý 0 đơn hàng
[2026-04-27 09:07:00] [INFO] --- THỐNG KÊ ---
[2026-04-27 09:07:00] [INFO]   Thu hoạch: 0
[2026-04-27 09:07:00] [INFO]   Trồng cây: 0
[2026-04-27 09:07:00] [INFO]   Đơn hàng:  0
[2026-04-27 09:07:00] [INFO]   Lỗi:       0
[2026-04-27 09:07:05] [INFO] ========================================
[2026-04-27 09:07:05] [INFO] 🔄 BẮT ĐẦU CHU KỲ MỚI
[2026-04-27 09:07:05] [INFO] ========================================
[2026-04-27 09:07:05] [INFO] ⏭️ Bỏ qua thu hoạch (chưa có ảnh mẫu)
[2026-04-27 09:07:05] [INFO] ⏭️ Bỏ qua trồng cây (chưa có ảnh mẫu)
[2026-04-27 09:07:05] [INFO] 📦 Bắt đầu XỬ LÝ ĐƠN HÀNG...
[2026-04-27 09:07:06] [DEBUG] Screenshot OK: (900, 1600)
[2026-04-27 09:07:06] [INFO] Không tìm thấy dấu chấm than (!) nào
[2026-04-27 09:07:06] [INFO] Đã xử lý 0 đơn hàng
[2026-04-27 09:07:06] [INFO] --- THỐNG KÊ ---
[2026-04-27 09:07:06] [INFO]   Thu hoạch: 0
[2026-04-27 09:07:06] [INFO]   Trồng cây: 0
[2026-04-27 09:07:06] [INFO]   Đơn hàng:  0
[2026-04-27 09:07:06] [INFO]   Lỗi:       0
[2026-04-27 09:07:11] [INFO] ========================================
[2026-04-27 09:07:11] [INFO] 🔄 BẮT ĐẦU CHU KỲ MỚI
[2026-04-27 09:07:11] [INFO] ========================================
[2026-04-27 09:07:11] [INFO] ⏭️ Bỏ qua thu hoạch (chưa có ảnh mẫu)
[2026-04-27 09:07:11] [INFO] ⏭️ Bỏ qua trồng cây (chưa có ảnh mẫu)
[2026-04-27 09:07:11] [INFO] 📦 Bắt đầu XỬ LÝ ĐƠN HÀNG...
[2026-04-27 09:07:12] [DEBUG] Screenshot OK: (900, 1600)
[2026-04-27 09:07:13] [INFO] Không tìm thấy dấu chấm than (!) nào
[2026-04-27 09:07:13] [INFO] Đã xử lý 0 đơn hàng
[2026-04-27 09:07:13] [INFO] --- THỐNG KÊ ---
[2026-04-27 09:07:13] [INFO]   Thu hoạch: 0
[2026-04-27 09:07:13] [INFO]   Trồng cây: 0
[2026-04-27 09:07:13] [INFO]   Đơn hàng:  0
[2026-04-27 09:07:13] [INFO]   Lỗi:       0
[2026-04-27 09:07:18] [INFO] ========================================
[2026-04-27 09:07:18] [INFO] 🔄 BẮT ĐẦU CHU KỲ MỚI
[2026-04-27 09:07:18] [INFO] ========================================
[2026-04-27 09:07:18] [INFO] ⏭️ Bỏ qua thu hoạch (chưa có ảnh mẫu)
[2026-04-27 09:07:18] [INFO] ⏭️ Bỏ qua trồng cây (chưa có ảnh mẫu)
[2026-04-27 09:07:18] [INFO] 📦 Bắt đầu XỬ LÝ ĐƠN HÀNG...
[2026-04-27 09:07:19] [DEBUG] Screenshot OK: (900, 1600)
[2026-04-27 09:07:19] [INFO] Không tìm thấy dấu chấm than (!) nào
[2026-04-27 09:07:19] [INFO] Đã xử lý 0 đơn hàng
[2026-04-27 09:07:19] [INFO] --- THỐNG KÊ ---
[2026-04-27 09:07:19] [INFO]   Thu hoạch: 0
[2026-04-27 09:07:19] [INFO]   Trồng cây: 0
[2026-04-27 09:07:19] [INFO]   Đơn hàng:  0
[2026-04-27 09:07:19] [INFO]   Lỗi:       0
[2026-04-27 09:07:24] [INFO] ========================================
[2026-04-27 09:07:24] [INFO] 🔄 BẮT ĐẦU CHU KỲ MỚI
[2026-04-27 09:07:24] [INFO] ========================================
[2026-04-27 09:07:24] [INFO] ⏭️ Bỏ qua thu hoạch (chưa có ảnh mẫu)
[2026-04-27 09:07:24] [INFO] ⏭️ Bỏ qua trồng cây (chưa có ảnh mẫu)
[2026-04-27 09:07:24] [INFO] 📦 Bắt đầu XỬ LÝ ĐƠN HÀNG...
[2026-04-27 09:07:25] [DEBUG] Screenshot OK: (900, 1600)
[2026-04-27 09:07:26] [INFO] Không tìm thấy dấu chấm than (!) nào
[2026-04-27 09:07:26] [INFO] Đã xử lý 0 đơn hàng
[2026-04-27 09:07:26] [INFO] --- THỐNG KÊ ---
[2026-04-27 09:07:26] [INFO]   Thu hoạch: 0
[2026-04-27 09:07:26] [INFO]   Trồng cây: 0
[2026-04-27 09:07:26] [INFO]   Đơn hàng:  0
[2026-04-27 09:07:26] [INFO]   Lỗi:       0
[2026-04-27 09:07:31] [INFO] ========================================
[2026-04-27 09:07:31] [INFO] 🔄 BẮT ĐẦU CHU KỲ MỚI
[2026-04-27 09:07:31] [INFO] ========================================
[2026-04-27 09:07:31] [INFO] ⏭️ Bỏ qua thu hoạch (chưa có ảnh mẫu)
[2026-04-27 09:07:31] [INFO] ⏭️ Bỏ qua trồng cây (chưa có ảnh mẫu)
[2026-04-27 09:07:31] [INFO] 📦 Bắt đầu XỬ LÝ ĐƠN HÀNG...
[2026-04-27 09:07:32] [DEBUG] Screenshot OK: (900, 1600)
[2026-04-27 09:07:32] [INFO] Không tìm thấy dấu chấm than (!) nào
[2026-04-27 09:07:32] [INFO] Đã xử lý 0 đơn hàng
[2026-04-27 09:07:32] [INFO] --- THỐNG KÊ ---
[2026-04-27 09:07:32] [INFO]   Thu hoạch: 0
[2026-04-27 09:07:32] [INFO]   Trồng cây: 0
[2026-04-27 09:07:32] [INFO]   Đơn hàng:  0
[2026-04-27 09:07:32] [INFO]   Lỗi:       0
[2026-04-27 09:07:37] [INFO] ========================================
[2026-04-27 09:07:37] [INFO] 🔄 BẮT ĐẦU CHU KỲ MỚI
[2026-04-27 09:07:37] [INFO] ========================================
[2026-04-27 09:07:37] [INFO] ⏭️ Bỏ qua thu hoạch (chưa có ảnh mẫu)
[2026-04-27 09:07:37] [INFO] ⏭️ Bỏ qua trồng cây (chưa có ảnh mẫu)
[2026-04-27 09:07:37] [INFO] 📦 Bắt đầu XỬ LÝ ĐƠN HÀNG...
[2026-04-27 09:07:38] [DEBUG] Screenshot OK: (900, 1600)
[2026-04-27 09:07:38] [INFO] Không tìm thấy dấu chấm than (!) nào
[2026-04-27 09:07:38] [INFO] Đã xử lý 0 đơn hàng
[2026-04-27 09:07:38] [INFO] --- THỐNG KÊ ---
[2026-04-27 09:07:38] [INFO]   Thu hoạch: 0
[2026-04-27 09:07:38] [INFO]   Trồng cây: 0
[2026-04-27 09:07:38] [INFO]   Đơn hàng:  0
[2026-04-27 09:07:38] [INFO]   Lỗi:       0
[2026-04-27 09:07:43] [INFO] ========================================
[2026-04-27 09:07:43] [INFO] 🔄 BẮT ĐẦU CHU KỲ MỚI
[2026-04-27 09:07:43] [INFO] ========================================
[2026-04-27 09:07:43] [INFO] ⏭️ Bỏ qua thu hoạch (chưa có ảnh mẫu)
[2026-04-27 09:07:43] [INFO] ⏭️ Bỏ qua trồng cây (chưa có ảnh mẫu)
[2026-04-27 09:07:43] [INFO] 📦 Bắt đầu XỬ LÝ ĐƠN HÀNG...
[2026-04-27 09:07:44] [DEBUG] Screenshot OK: (900, 1600)
[2026-04-27 09:07:45] [INFO] Không tìm thấy dấu chấm than (!) nào
[2026-04-27 09:07:45] [INFO] Đã xử lý 0 đơn hàng
[2026-04-27 09:07:45] [INFO] --- THỐNG KÊ ---
[2026-04-27 09:07:45] [INFO]   Thu hoạch: 0
[2026-04-27 09:07:45] [INFO]   Trồng cây: 0
[2026-04-27 09:07:45] [INFO]   Đơn hàng:  0
[2026-04-27 09:07:45] [INFO]   Lỗi:       0
[2026-04-27 09:07:50] [INFO] ========================================
[2026-04-27 09:07:50] [INFO] 🔄 BẮT ĐẦU CHU KỲ MỚI
[2026-04-27 09:07:50] [INFO] ========================================
[2026-04-27 09:07:50] [INFO] ⏭️ Bỏ qua thu hoạch (chưa có ảnh mẫu)
[2026-04-27 09:07:50] [INFO] ⏭️ Bỏ qua trồng cây (chưa có ảnh mẫu)
[2026-04-27 09:07:50] [INFO] 📦 Bắt đầu XỬ LÝ ĐƠN HÀNG...
[2026-04-27 09:07:51] [DEBUG] Screenshot OK: (900, 1600)
[2026-04-27 09:07:51] [INFO] Không tìm thấy dấu chấm than (!) nào
[2026-04-27 09:07:51] [INFO] Đã xử lý 0 đơn hàng
[2026-04-27 09:07:51] [INFO] --- THỐNG KÊ ---
[2026-04-27 09:07:51] [INFO]   Thu hoạch: 0
[2026-04-27 09:07:51] [INFO]   Trồng cây: 0
[2026-04-27 09:07:51] [INFO]   Đơn hàng:  0
[2026-04-27 09:07:51] [INFO]   Lỗi:       0
[2026-04-27 09:07:56] [INFO] ========================================
[2026-04-27 09:07:56] [INFO] 🔄 BẮT ĐẦU CHU KỲ MỚI
[2026-04-27 09:07:56] [INFO] ========================================
[2026-04-27 09:07:56] [INFO] ⏭️ Bỏ qua thu hoạch (chưa có ảnh mẫu)
[2026-04-27 09:07:56] [INFO] ⏭️ Bỏ qua trồng cây (chưa có ảnh mẫu)
[2026-04-27 09:07:56] [INFO] 📦 Bắt đầu XỬ LÝ ĐƠN HÀNG...
[2026-04-27 09:07:57] [DEBUG] Screenshot OK: (900, 1600)
[2026-04-27 09:07:58] [INFO] Không tìm thấy dấu chấm than (!) nào
[2026-04-27 09:07:58] [INFO] Đã xử lý 0 đơn hàng
[2026-04-27 09:07:58] [INFO] --- THỐNG KÊ ---
[2026-04-27 09:07:58] [INFO]   Thu hoạch: 0
[2026-04-27 09:07:58] [INFO]   Trồng cây: 0
[2026-04-27 09:07:58] [INFO]   Đơn hàng:  0
[2026-04-27 09:07:58] [INFO]   Lỗi:       0
[2026-04-27 09:08:03] [INFO] ========================================
[2026-04-27 09:08:03] [INFO] 🔄 BẮT ĐẦU CHU KỲ MỚI
[2026-04-27 09:08:03] [INFO] ========================================
[2026-04-27 09:08:03] [INFO] ⏭️ Bỏ qua thu hoạch (chưa có ảnh mẫu)
[2026-04-27 09:08:03] [INFO] ⏭️ Bỏ qua trồng cây (chưa có ảnh mẫu)
[2026-04-27 09:08:03] [INFO] 📦 Bắt đầu XỬ LÝ ĐƠN HÀNG...
[2026-04-27 09:08:04] [DEBUG] Screenshot OK: (900, 1600)
[2026-04-27 09:08:05] [INFO] Không tìm thấy dấu chấm than (!) nào
[2026-04-27 09:08:05] [INFO] Đã xử lý 0 đơn hàng
[2026-04-27 09:08:05] [INFO] --- THỐNG KÊ ---
[2026-04-27 09:08:05] [INFO]   Thu hoạch: 0
[2026-04-27 09:08:05] [INFO]   Trồng cây: 0
[2026-04-27 09:08:05] [INFO]   Đơn hàng:  0
[2026-04-27 09:08:05] [INFO]   Lỗi:       0
[2026-04-27 09:08:10] [INFO] ========================================
[2026-04-27 09:08:10] [INFO] 🔄 BẮT ĐẦU CHU KỲ MỚI
[2026-04-27 09:08:10] [INFO] ========================================
[2026-04-27 09:08:10] [INFO] ⏭️ Bỏ qua thu hoạch (chưa có ảnh mẫu)
[2026-04-27 09:08:10] [INFO] ⏭️ Bỏ qua trồng cây (chưa có ảnh mẫu)
[2026-04-27 09:08:10] [INFO] 📦 Bắt đầu XỬ LÝ ĐƠN HÀNG...
[2026-04-27 09:08:11] [DEBUG] Screenshot OK: (900, 1600)
[2026-04-27 09:08:12] [INFO] Không tìm thấy dấu chấm than (!) nào
[2026-04-27 09:08:12] [INFO] Đã xử lý 0 đơn hàng
[2026-04-27 09:08:12] [INFO] --- THỐNG KÊ ---
[2026-04-27 09:08:12] [INFO]   Thu hoạch: 0
[2026-04-27 09:08:12] [INFO]   Trồng cây: 0
[2026-04-27 09:08:12] [INFO]   Đơn hàng:  0
[2026-04-27 09:08:12] [INFO]   Lỗi:       0
[2026-04-27 09:08:17] [INFO] ========================================
[2026-04-27 09:08:17] [INFO] 🔄 BẮT ĐẦU CHU KỲ MỚI
[2026-04-27 09:08:17] [INFO] ========================================
[2026-04-27 09:08:17] [INFO] ⏭️ Bỏ qua thu hoạch (chưa có ảnh mẫu)
[2026-04-27 09:08:17] [INFO] ⏭️ Bỏ qua trồng cây (chưa có ảnh mẫu)
[2026-04-27 09:08:17] [INFO] 📦 Bắt đầu XỬ LÝ ĐƠN HÀNG...
[2026-04-27 09:08:18] [DEBUG] Screenshot OK: (900, 1600)
[2026-04-27 09:08:18] [INFO] Không tìm thấy dấu chấm than (!) nào
[2026-04-27 09:08:18] [INFO] Đã xử lý 0 đơn hàng
[2026-04-27 09:08:18] [INFO] --- THỐNG KÊ ---
[2026-04-27 09:08:18] [INFO]   Thu hoạch: 0
[2026-04-27 09:08:18] [INFO]   Trồng cây: 0
[2026-04-27 09:08:18] [INFO]   Đơn hàng:  0
[2026-04-27 09:08:18] [INFO]   Lỗi:       0
[2026-04-27 09:08:23] [INFO] ========================================
[2026-04-27 09:08:23] [INFO] 🔄 BẮT ĐẦU CHU KỲ MỚI
[2026-04-27 09:08:23] [INFO] ========================================
[2026-04-27 09:08:23] [INFO] ⏭️ Bỏ qua thu hoạch (chưa có ảnh mẫu)
[2026-04-27 09:08:23] [INFO] ⏭️ Bỏ qua trồng cây (chưa có ảnh mẫu)
[2026-04-27 09:08:23] [INFO] 📦 Bắt đầu XỬ LÝ ĐƠN HÀNG...
[2026-04-27 09:08:24] [DEBUG] Screenshot OK: (900, 1600)
[2026-04-27 09:08:25] [INFO] Không tìm thấy dấu chấm than (!) nào
[2026-04-27 09:08:25] [INFO] Đã xử lý 0 đơn hàng
[2026-04-27 09:08:25] [INFO] --- THỐNG KÊ ---
[2026-04-27 09:08:25] [INFO]   Thu hoạch: 0
[2026-04-27 09:08:25] [INFO]   Trồng cây: 0
[2026-04-27 09:08:25] [INFO]   Đơn hàng:  0
[2026-04-27 09:08:25] [INFO]   Lỗi:       0
[2026-04-27 09:08:30] [INFO] ========================================
[2026-04-27 09:08:30] [INFO] 🔄 BẮT ĐẦU CHU KỲ MỚI
[2026-04-27 09:08:30] [INFO] ========================================
[2026-04-27 09:08:30] [INFO] ⏭️ Bỏ qua thu hoạch (chưa có ảnh mẫu)
[2026-04-27 09:08:30] [INFO] ⏭️ Bỏ qua trồng cây (chưa có ảnh mẫu)
[2026-04-27 09:08:30] [INFO] 📦 Bắt đầu XỬ LÝ ĐƠN HÀNG...
[2026-04-27 09:08:31] [DEBUG] Screenshot OK: (900, 1600)
[2026-04-27 09:08:32] [INFO] Không tìm thấy dấu chấm than (!) nào
[2026-04-27 09:08:32] [INFO] Đã xử lý 0 đơn hàng
[2026-04-27 09:08:32] [INFO] --- THỐNG KÊ ---
[2026-04-27 09:08:32] [INFO]   Thu hoạch: 0
[2026-04-27 09:08:32] [INFO]   Trồng cây: 0
[2026-04-27 09:08:32] [INFO]   Đơn hàng:  0
[2026-04-27 09:08:32] [INFO]   Lỗi:       0
[2026-04-27 09:08:37] [INFO] ========================================
[2026-04-27 09:08:37] [INFO] 🔄 BẮT ĐẦU CHU KỲ MỚI
[2026-04-27 09:08:37] [INFO] ========================================
[2026-04-27 09:08:37] [INFO] ⏭️ Bỏ qua thu hoạch (chưa có ảnh mẫu)
[2026-04-27 09:08:37] [INFO] ⏭️ Bỏ qua trồng cây (chưa có ảnh mẫu)
[2026-04-27 09:08:37] [INFO] 📦 Bắt đầu XỬ LÝ ĐƠN HÀNG...
[2026-04-27 09:08:38] [DEBUG] Screenshot OK: (900, 1600)
[2026-04-27 09:08:38] [INFO] Không tìm thấy dấu chấm than (!) nào
[2026-04-27 09:08:38] [INFO] Đã xử lý 0 đơn hàng
[2026-04-27 09:08:38] [INFO] --- THỐNG KÊ ---
[2026-04-27 09:08:38] [INFO]   Thu hoạch: 0
[2026-04-27 09:08:38] [INFO]   Trồng cây: 0
[2026-04-27 09:08:38] [INFO]   Đơn hàng:  0
[2026-04-27 09:08:38] [INFO]   Lỗi:       0
[2026-04-27 09:08:43] [INFO] ========================================
[2026-04-27 09:08:43] [INFO] 🔄 BẮT ĐẦU CHU KỲ MỚI
[2026-04-27 09:08:43] [INFO] ========================================
[2026-04-27 09:08:43] [INFO] ⏭️ Bỏ qua thu hoạch (chưa có ảnh mẫu)
[2026-04-27 09:08:43] [INFO] ⏭️ Bỏ qua trồng cây (chưa có ảnh mẫu)
[2026-04-27 09:08:43] [INFO] 📦 Bắt đầu XỬ LÝ ĐƠN HÀNG...
[2026-04-27 09:08:44] [DEBUG] Screenshot OK: (900, 1600)
[2026-04-27 09:08:45] [INFO] Không tìm thấy dấu chấm than (!) nào
[2026-04-27 09:08:45] [INFO] Đã xử lý 0 đơn hàng
[2026-04-27 09:08:45] [INFO] --- THỐNG KÊ ---
[2026-04-27 09:08:45] [INFO]   Thu hoạch: 0
[2026-04-27 09:08:45] [INFO]   Trồng cây: 0
[2026-04-27 09:08:45] [INFO]   Đơn hàng:  0
[2026-04-27 09:08:45] [INFO]   Lỗi:       0
[2026-04-27 09:08:50] [INFO] ========================================
[2026-04-27 09:08:50] [INFO] 🔄 BẮT ĐẦU CHU KỲ MỚI
[2026-04-27 09:08:50] [INFO] ========================================
[2026-04-27 09:08:50] [INFO] ⏭️ Bỏ qua thu hoạch (chưa có ảnh mẫu)
[2026-04-27 09:08:50] [INFO] ⏭️ Bỏ qua trồng cây (chưa có ảnh mẫu)
[2026-04-27 09:08:50] [INFO] 📦 Bắt đầu XỬ LÝ ĐƠN HÀNG...
[2026-04-27 09:08:51] [DEBUG] Screenshot OK: (900, 1600)
[2026-04-27 09:08:51] [INFO] Không tìm thấy dấu chấm than (!) nào
[2026-04-27 09:08:51] [INFO] Đã xử lý 0 đơn hàng
[2026-04-27 09:08:51] [INFO] --- THỐNG KÊ ---
[2026-04-27 09:08:51] [INFO]   Thu hoạch: 0
[2026-04-27 09:08:51] [INFO]   Trồng cây: 0
[2026-04-27 09:08:51] [INFO]   Đơn hàng:  0
[2026-04-27 09:08:51] [INFO]   Lỗi:       0
[2026-04-27 09:08:56] [INFO] ========================================
[2026-04-27 09:08:56] [INFO] 🔄 BẮT ĐẦU CHU KỲ MỚI
[2026-04-27 09:08:56] [INFO] ========================================
[2026-04-27 09:08:56] [INFO] ⏭️ Bỏ qua thu hoạch (chưa có ảnh mẫu)
[2026-04-27 09:08:56] [INFO] ⏭️ Bỏ qua trồng cây (chưa có ảnh mẫu)
[2026-04-27 09:08:56] [INFO] 📦 Bắt đầu XỬ LÝ ĐƠN HÀNG...
[2026-04-27 09:08:57] [DEBUG] Screenshot OK: (900, 1600)
[2026-04-27 09:08:57] [INFO] Không tìm thấy dấu chấm than (!) nào
[2026-04-27 09:08:57] [INFO] Đã xử lý 0 đơn hàng
[2026-04-27 09:08:57] [INFO] --- THỐNG KÊ ---
[2026-04-27 09:08:57] [INFO]   Thu hoạch: 0
[2026-04-27 09:08:57] [INFO]   Trồng cây: 0
[2026-04-27 09:08:57] [INFO]   Đơn hàng:  0
[2026-04-27 09:08:57] [INFO]   Lỗi:       0
[2026-04-27 09:09:02] [INFO] ========================================
[2026-04-27 09:09:02] [INFO] 🔄 BẮT ĐẦU CHU KỲ MỚI
[2026-04-27 09:09:02] [INFO] ========================================
[2026-04-27 09:09:02] [INFO] ⏭️ Bỏ qua thu hoạch (chưa có ảnh mẫu)
[2026-04-27 09:09:02] [INFO] ⏭️ Bỏ qua trồng cây (chưa có ảnh mẫu)
[2026-04-27 09:09:02] [INFO] 📦 Bắt đầu XỬ LÝ ĐƠN HÀNG...
[2026-04-27 09:09:03] [DEBUG] Screenshot OK: (900, 1600)
[2026-04-27 09:09:04] [INFO] Không tìm thấy dấu chấm than (!) nào
[2026-04-27 09:09:04] [INFO] Đã xử lý 0 đơn hàng
[2026-04-27 09:09:04] [INFO] --- THỐNG KÊ ---
[2026-04-27 09:09:04] [INFO]   Thu hoạch: 0
[2026-04-27 09:09:04] [INFO]   Trồng cây: 0
[2026-04-27 09:09:04] [INFO]   Đơn hàng:  0
[2026-04-27 09:09:04] [INFO]   Lỗi:       0
[2026-04-27 09:09:09] [INFO] ========================================
[2026-04-27 09:09:09] [INFO] 🔄 BẮT ĐẦU CHU KỲ MỚI
[2026-04-27 09:09:09] [INFO] ========================================
[2026-04-27 09:09:09] [INFO] ⏭️ Bỏ qua thu hoạch (chưa có ảnh mẫu)
[2026-04-27 09:09:09] [INFO] ⏭️ Bỏ qua trồng cây (chưa có ảnh mẫu)
[2026-04-27 09:09:09] [INFO] 📦 Bắt đầu XỬ LÝ ĐƠN HÀNG...
[2026-04-27 09:09:10] [DEBUG] Screenshot OK: (900, 1600)
[2026-04-27 09:09:10] [INFO] Không tìm thấy dấu chấm than (!) nào
[2026-04-27 09:09:10] [INFO] Đã xử lý 0 đơn hàng
[2026-04-27 09:09:10] [INFO] --- THỐNG KÊ ---
[2026-04-27 09:09:10] [INFO]   Thu hoạch: 0
[2026-04-27 09:09:10] [INFO]   Trồng cây: 0
[2026-04-27 09:09:10] [INFO]   Đơn hàng:  0
[2026-04-27 09:09:10] [INFO]   Lỗi:       0
[2026-04-27 09:09:15] [INFO] ========================================
[2026-04-27 09:09:15] [INFO] 🔄 BẮT ĐẦU CHU KỲ MỚI
[2026-04-27 09:09:15] [INFO] ========================================
[2026-04-27 09:09:15] [INFO] ⏭️ Bỏ qua thu hoạch (chưa có ảnh mẫu)
[2026-04-27 09:09:15] [INFO] ⏭️ Bỏ qua trồng cây (chưa có ảnh mẫu)
[2026-04-27 09:09:15] [INFO] 📦 Bắt đầu XỬ LÝ ĐƠN HÀNG...
[2026-04-27 09:09:16] [DEBUG] Screenshot OK: (900, 1600)
[2026-04-27 09:09:16] [INFO] Không tìm thấy dấu chấm than (!) nào
[2026-04-27 09:09:16] [INFO] Đã xử lý 0 đơn hàng
[2026-04-27 09:09:16] [INFO] --- THỐNG KÊ ---
[2026-04-27 09:09:16] [INFO]   Thu hoạch: 0
[2026-04-27 09:09:16] [INFO]   Trồng cây: 0
[2026-04-27 09:09:16] [INFO]   Đơn hàng:  0
[2026-04-27 09:09:16] [INFO]   Lỗi:       0
[2026-04-27 09:09:21] [INFO] ========================================
[2026-04-27 09:09:21] [INFO] 🔄 BẮT ĐẦU CHU KỲ MỚI
[2026-04-27 09:09:21] [INFO] ========================================
[2026-04-27 09:09:21] [INFO] ⏭️ Bỏ qua thu hoạch (chưa có ảnh mẫu)
[2026-04-27 09:09:21] [INFO] ⏭️ Bỏ qua trồng cây (chưa có ảnh mẫu)
[2026-04-27 09:09:21] [INFO] 📦 Bắt đầu XỬ LÝ ĐƠN HÀNG...
[2026-04-27 09:09:22] [DEBUG] Screenshot OK: (900, 1600)
[2026-04-27 09:09:22] [INFO] Không tìm thấy dấu chấm than (!) nào
[2026-04-27 09:09:22] [INFO] Đã xử lý 0 đơn hàng
[2026-04-27 09:09:22] [INFO] --- THỐNG KÊ ---
[2026-04-27 09:09:22] [INFO]   Thu hoạch: 0
[2026-04-27 09:09:22] [INFO]   Trồng cây: 0
[2026-04-27 09:09:22] [INFO]   Đơn hàng:  0
[2026-04-27 09:09:22] [INFO]   Lỗi:       0
[2026-04-27 09:09:27] [INFO] ========================================
[2026-04-27 09:09:27] [INFO] 🔄 BẮT ĐẦU CHU KỲ MỚI
[2026-04-27 09:09:27] [INFO] ========================================
[2026-04-27 09:09:27] [INFO] ⏭️ Bỏ qua thu hoạch (chưa có ảnh mẫu)
[2026-04-27 09:09:27] [INFO] ⏭️ Bỏ qua trồng cây (chưa có ảnh mẫu)
[2026-04-27 09:09:27] [INFO] 📦 Bắt đầu XỬ LÝ ĐƠN HÀNG...
[2026-04-27 09:09:29] [DEBUG] Screenshot OK: (900, 1600)
[2026-04-27 09:09:29] [INFO] Không tìm thấy dấu chấm than (!) nào
[2026-04-27 09:09:29] [INFO] Đã xử lý 0 đơn hàng
[2026-04-27 09:09:29] [INFO] --- THỐNG KÊ ---
[2026-04-27 09:09:29] [INFO]   Thu hoạch: 0
[2026-04-27 09:09:29] [INFO]   Trồng cây: 0
[2026-04-27 09:09:29] [INFO]   Đơn hàng:  0
[2026-04-27 09:09:29] [INFO]   Lỗi:       0
[2026-04-27 09:09:34] [INFO] ========================================
[2026-04-27 09:09:34] [INFO] 🔄 BẮT ĐẦU CHU KỲ MỚI
[2026-04-27 09:09:34] [INFO] ========================================
[2026-04-27 09:09:34] [INFO] ⏭️ Bỏ qua thu hoạch (chưa có ảnh mẫu)
[2026-04-27 09:09:34] [INFO] ⏭️ Bỏ qua trồng cây (chưa có ảnh mẫu)
[2026-04-27 09:09:34] [INFO] 📦 Bắt đầu XỬ LÝ ĐƠN HÀNG...
[2026-04-27 09:09:35] [DEBUG] Screenshot OK: (900, 1600)
[2026-04-27 09:09:35] [INFO] Không tìm thấy dấu chấm than (!) nào
[2026-04-27 09:09:35] [INFO] Đã xử lý 0 đơn hàng
[2026-04-27 09:09:35] [INFO] --- THỐNG KÊ ---
[2026-04-27 09:09:35] [INFO]   Thu hoạch: 0
[2026-04-27 09:09:35] [INFO]   Trồng cây: 0
[2026-04-27 09:09:35] [INFO]   Đơn hàng:  0
[2026-04-27 09:09:35] [INFO]   Lỗi:       0
[2026-04-27 09:09:40] [INFO] ========================================
[2026-04-27 09:09:40] [INFO] 🔄 BẮT ĐẦU CHU KỲ MỚI
[2026-04-27 09:09:40] [INFO] ========================================
[2026-04-27 09:09:40] [INFO] ⏭️ Bỏ qua thu hoạch (chưa có ảnh mẫu)
[2026-04-27 09:09:40] [INFO] ⏭️ Bỏ qua trồng cây (chưa có ảnh mẫu)
[2026-04-27 09:09:40] [INFO] 📦 Bắt đầu XỬ LÝ ĐƠN HÀNG...
[2026-04-27 09:09:41] [DEBUG] Screenshot OK: (900, 1600)
[2026-04-27 09:09:42] [INFO] Không tìm thấy dấu chấm than (!) nào
[2026-04-27 09:09:42] [INFO] Đã xử lý 0 đơn hàng
[2026-04-27 09:09:42] [INFO] --- THỐNG KÊ ---
[2026-04-27 09:09:42] [INFO]   Thu hoạch: 0
[2026-04-27 09:09:42] [INFO]   Trồng cây: 0
[2026-04-27 09:09:42] [INFO]   Đơn hàng:  0
[2026-04-27 09:09:42] [INFO]   Lỗi:       0
[2026-04-27 09:09:47] [INFO] ========================================
[2026-04-27 09:09:47] [INFO] 🔄 BẮT ĐẦU CHU KỲ MỚI
[2026-04-27 09:09:47] [INFO] ========================================
[2026-04-27 09:09:47] [INFO] ⏭️ Bỏ qua thu hoạch (chưa có ảnh mẫu)
[2026-04-27 09:09:47] [INFO] ⏭️ Bỏ qua trồng cây (chưa có ảnh mẫu)
[2026-04-27 09:09:47] [INFO] 📦 Bắt đầu XỬ LÝ ĐƠN HÀNG...
[2026-04-27 09:09:48] [DEBUG] Screenshot OK: (900, 1600)
[2026-04-27 09:09:48] [INFO] Không tìm thấy dấu chấm than (!) nào
[2026-04-27 09:09:48] [INFO] Đã xử lý 0 đơn hàng
[2026-04-27 09:09:48] [INFO] --- THỐNG KÊ ---
[2026-04-27 09:09:48] [INFO]   Thu hoạch: 0
[2026-04-27 09:09:48] [INFO]   Trồng cây: 0
[2026-04-27 09:09:48] [INFO]   Đơn hàng:  0
[2026-04-27 09:09:48] [INFO]   Lỗi:       0
[2026-04-27 09:09:53] [INFO] ========================================
[2026-04-27 09:09:53] [INFO] 🔄 BẮT ĐẦU CHU KỲ MỚI
[2026-04-27 09:09:53] [INFO] ========================================
[2026-04-27 09:09:53] [INFO] ⏭️ Bỏ qua thu hoạch (chưa có ảnh mẫu)
[2026-04-27 09:09:53] [INFO] ⏭️ Bỏ qua trồng cây (chưa có ảnh mẫu)
[2026-04-27 09:09:53] [INFO] 📦 Bắt đầu XỬ LÝ ĐƠN HÀNG...
[2026-04-27 09:09:54] [DEBUG] Screenshot OK: (900, 1600)
[2026-04-27 09:09:54] [INFO] Không tìm thấy dấu chấm than (!) nào
[2026-04-27 09:09:54] [INFO] Đã xử lý 0 đơn hàng
[2026-04-27 09:09:54] [INFO] --- THỐNG KÊ ---
[2026-04-27 09:09:54] [INFO]   Thu hoạch: 0
[2026-04-27 09:09:54] [INFO]   Trồng cây: 0
[2026-04-27 09:09:54] [INFO]   Đơn hàng:  0
[2026-04-27 09:09:54] [INFO]   Lỗi:       0
[2026-04-27 09:09:59] [INFO] ========================================
[2026-04-27 09:09:59] [INFO] 🔄 BẮT ĐẦU CHU KỲ MỚI
[2026-04-27 09:09:59] [INFO] ========================================
[2026-04-27 09:09:59] [INFO] ⏭️ Bỏ qua thu hoạch (chưa có ảnh mẫu)
[2026-04-27 09:09:59] [INFO] ⏭️ Bỏ qua trồng cây (chưa có ảnh mẫu)
[2026-04-27 09:09:59] [INFO] 📦 Bắt đầu XỬ LÝ ĐƠN HÀNG...
[2026-04-27 09:10:00] [DEBUG] Screenshot OK: (900, 1600)
[2026-04-27 09:10:01] [INFO] Không tìm thấy dấu chấm than (!) nào
[2026-04-27 09:10:01] [INFO] Đã xử lý 0 đơn hàng
[2026-04-27 09:10:01] [INFO] --- THỐNG KÊ ---
[2026-04-27 09:10:01] [INFO]   Thu hoạch: 0
[2026-04-27 09:10:01] [INFO]   Trồng cây: 0
[2026-04-27 09:10:01] [INFO]   Đơn hàng:  0
[2026-04-27 09:10:01] [INFO]   Lỗi:       0
[2026-04-27 09:10:06] [INFO] ========================================
[2026-04-27 09:10:06] [INFO] 🔄 BẮT ĐẦU CHU KỲ MỚI
[2026-04-27 09:10:06] [INFO] ========================================
[2026-04-27 09:10:06] [INFO] ⏭️ Bỏ qua thu hoạch (chưa có ảnh mẫu)
[2026-04-27 09:10:06] [INFO] ⏭️ Bỏ qua trồng cây (chưa có ảnh mẫu)
[2026-04-27 09:10:06] [INFO] 📦 Bắt đầu XỬ LÝ ĐƠN HÀNG...
[2026-04-27 09:10:07] [DEBUG] Screenshot OK: (900, 1600)
[2026-04-27 09:10:07] [INFO] Không tìm thấy dấu chấm than (!) nào
[2026-04-27 09:10:07] [INFO] Đã xử lý 0 đơn hàng
[2026-04-27 09:10:07] [INFO] --- THỐNG KÊ ---
[2026-04-27 09:10:07] [INFO]   Thu hoạch: 0
[2026-04-27 09:10:07] [INFO]   Trồng cây: 0
[2026-04-27 09:10:07] [INFO]   Đơn hàng:  0
[2026-04-27 09:10:07] [INFO]   Lỗi:       0
[2026-04-27 09:10:12] [INFO] ========================================
[2026-04-27 09:10:12] [INFO] 🔄 BẮT ĐẦU CHU KỲ MỚI
[2026-04-27 09:10:12] [INFO] ========================================
[2026-04-27 09:10:12] [INFO] ⏭️ Bỏ qua thu hoạch (chưa có ảnh mẫu)
[2026-04-27 09:10:12] [INFO] ⏭️ Bỏ qua trồng cây (chưa có ảnh mẫu)
[2026-04-27 09:10:12] [INFO] 📦 Bắt đầu XỬ LÝ ĐƠN HÀNG...
[2026-04-27 09:10:13] [DEBUG] Screenshot OK: (900, 1600)
[2026-04-27 09:10:13] [INFO] Không tìm thấy dấu chấm than (!) nào
[2026-04-27 09:10:13] [INFO] Đã xử lý 0 đơn hàng
[2026-04-27 09:10:13] [INFO] --- THỐNG KÊ ---
[2026-04-27 09:10:13] [INFO]   Thu hoạch: 0
[2026-04-27 09:10:13] [INFO]   Trồng cây: 0
[2026-04-27 09:10:13] [INFO]   Đơn hàng:  0
[2026-04-27 09:10:13] [INFO]   Lỗi:       0
[2026-04-27 09:10:18] [INFO] ========================================
[2026-04-27 09:10:18] [INFO] 🔄 BẮT ĐẦU CHU KỲ MỚI
[2026-04-27 09:10:18] [INFO] ========================================
[2026-04-27 09:10:18] [INFO] ⏭️ Bỏ qua thu hoạch (chưa có ảnh mẫu)
[2026-04-27 09:10:18] [INFO] ⏭️ Bỏ qua trồng cây (chưa có ảnh mẫu)
[2026-04-27 09:10:18] [INFO] 📦 Bắt đầu XỬ LÝ ĐƠN HÀNG...
[2026-04-27 09:10:20] [DEBUG] Screenshot OK: (900, 1600)
[2026-04-27 09:10:20] [INFO] Không tìm thấy dấu chấm than (!) nào
[2026-04-27 09:10:20] [INFO] Đã xử lý 0 đơn hàng
[2026-04-27 09:10:20] [INFO] --- THỐNG KÊ ---
[2026-04-27 09:10:20] [INFO]   Thu hoạch: 0
[2026-04-27 09:10:20] [INFO]   Trồng cây: 0
[2026-04-27 09:10:20] [INFO]   Đơn hàng:  0
[2026-04-27 09:10:20] [INFO]   Lỗi:       0
[2026-04-27 09:10:25] [INFO] ========================================
[2026-04-27 09:10:25] [INFO] 🔄 BẮT ĐẦU CHU KỲ MỚI
[2026-04-27 09:10:25] [INFO] ========================================
[2026-04-27 09:10:25] [INFO] ⏭️ Bỏ qua thu hoạch (chưa có ảnh mẫu)
[2026-04-27 09:10:25] [INFO] ⏭️ Bỏ qua trồng cây (chưa có ảnh mẫu)
[2026-04-27 09:10:25] [INFO] 📦 Bắt đầu XỬ LÝ ĐƠN HÀNG...
[2026-04-27 09:10:26] [DEBUG] Screenshot OK: (900, 1600)
[2026-04-27 09:10:26] [INFO] Không tìm thấy dấu chấm than (!) nào
[2026-04-27 09:10:26] [INFO] Đã xử lý 0 đơn hàng
[2026-04-27 09:10:26] [INFO] --- THỐNG KÊ ---
[2026-04-27 09:10:26] [INFO]   Thu hoạch: 0
[2026-04-27 09:10:26] [INFO]   Trồng cây: 0
[2026-04-27 09:10:26] [INFO]   Đơn hàng:  0
[2026-04-27 09:10:26] [INFO]   Lỗi:       0
[2026-04-27 09:10:31] [INFO] ========================================
[2026-04-27 09:10:31] [INFO] 🔄 BẮT ĐẦU CHU KỲ MỚI
[2026-04-27 09:10:31] [INFO] ========================================
[2026-04-27 09:10:31] [INFO] ⏭️ Bỏ qua thu hoạch (chưa có ảnh mẫu)
[2026-04-27 09:10:31] [INFO] ⏭️ Bỏ qua trồng cây (chưa có ảnh mẫu)
[2026-04-27 09:10:31] [INFO] 📦 Bắt đầu XỬ LÝ ĐƠN HÀNG...
[2026-04-27 09:10:32] [DEBUG] Screenshot OK: (900, 1600)
[2026-04-27 09:10:33] [INFO] Không tìm thấy dấu chấm than (!) nào
[2026-04-27 09:10:33] [INFO] Đã xử lý 0 đơn hàng
[2026-04-27 09:10:33] [INFO] --- THỐNG KÊ ---
[2026-04-27 09:10:33] [INFO]   Thu hoạch: 0
[2026-04-27 09:10:33] [INFO]   Trồng cây: 0
[2026-04-27 09:10:33] [INFO]   Đơn hàng:  0
[2026-04-27 09:10:33] [INFO]   Lỗi:       0
[2026-04-27 09:10:38] [INFO] ========================================
[2026-04-27 09:10:38] [INFO] 🔄 BẮT ĐẦU CHU KỲ MỚI
[2026-04-27 09:10:38] [INFO] ========================================
[2026-04-27 09:10:38] [INFO] ⏭️ Bỏ qua thu hoạch (chưa có ảnh mẫu)
[2026-04-27 09:10:38] [INFO] ⏭️ Bỏ qua trồng cây (chưa có ảnh mẫu)
[2026-04-27 09:10:38] [INFO] 📦 Bắt đầu XỬ LÝ ĐƠN HÀNG...
[2026-04-27 09:10:39] [DEBUG] Screenshot OK: (900, 1600)
[2026-04-27 09:10:39] [INFO] Không tìm thấy dấu chấm than (!) nào
[2026-04-27 09:10:39] [INFO] Đã xử lý 0 đơn hàng
[2026-04-27 09:10:39] [INFO] --- THỐNG KÊ ---
[2026-04-27 09:10:39] [INFO]   Thu hoạch: 0
[2026-04-27 09:10:39] [INFO]   Trồng cây: 0
[2026-04-27 09:10:39] [INFO]   Đơn hàng:  0
[2026-04-27 09:10:39] [INFO]   Lỗi:       0
[2026-04-27 09:10:44] [INFO] ========================================
[2026-04-27 09:10:44] [INFO] 🔄 BẮT ĐẦU CHU KỲ MỚI
[2026-04-27 09:10:44] [INFO] ========================================
[2026-04-27 09:10:44] [INFO] ⏭️ Bỏ qua thu hoạch (chưa có ảnh mẫu)
[2026-04-27 09:10:44] [INFO] ⏭️ Bỏ qua trồng cây (chưa có ảnh mẫu)
[2026-04-27 09:10:44] [INFO] 📦 Bắt đầu XỬ LÝ ĐƠN HÀNG...
[2026-04-27 09:10:45] [DEBUG] Screenshot OK: (900, 1600)
[2026-04-27 09:10:45] [INFO] Không tìm thấy dấu chấm than (!) nào
[2026-04-27 09:10:45] [INFO] Đã xử lý 0 đơn hàng
[2026-04-27 09:10:45] [INFO] --- THỐNG KÊ ---
[2026-04-27 09:10:45] [INFO]   Thu hoạch: 0
[2026-04-27 09:10:45] [INFO]   Trồng cây: 0
[2026-04-27 09:10:45] [INFO]   Đơn hàng:  0
[2026-04-27 09:10:45] [INFO]   Lỗi:       0
[2026-04-27 09:10:50] [INFO] ========================================
[2026-04-27 09:10:50] [INFO] 🔄 BẮT ĐẦU CHU KỲ MỚI
[2026-04-27 09:10:50] [INFO] ========================================
[2026-04-27 09:10:50] [INFO] ⏭️ Bỏ qua thu hoạch (chưa có ảnh mẫu)
[2026-04-27 09:10:50] [INFO] ⏭️ Bỏ qua trồng cây (chưa có ảnh mẫu)
[2026-04-27 09:10:50] [INFO] 📦 Bắt đầu XỬ LÝ ĐƠN HÀNG...
[2026-04-27 09:10:51] [DEBUG] Screenshot OK: (900, 1600)
[2026-04-27 09:10:51] [INFO] Không tìm thấy dấu chấm than (!) nào
[2026-04-27 09:10:51] [INFO] Đã xử lý 0 đơn hàng
[2026-04-27 09:10:51] [INFO] --- THỐNG KÊ ---
[2026-04-27 09:10:51] [INFO]   Thu hoạch: 0
[2026-04-27 09:10:51] [INFO]   Trồng cây: 0
[2026-04-27 09:10:51] [INFO]   Đơn hàng:  0
[2026-04-27 09:10:51] [INFO]   Lỗi:       0
[2026-04-27 09:10:56] [INFO] ========================================
[2026-04-27 09:10:56] [INFO] 🔄 BẮT ĐẦU CHU KỲ MỚI
[2026-04-27 09:10:56] [INFO] ========================================
[2026-04-27 09:10:56] [INFO] ⏭️ Bỏ qua thu hoạch (chưa có ảnh mẫu)
[2026-04-27 09:10:56] [INFO] ⏭️ Bỏ qua trồng cây (chưa có ảnh mẫu)
[2026-04-27 09:10:56] [INFO] 📦 Bắt đầu XỬ LÝ ĐƠN HÀNG...
[2026-04-27 09:10:57] [DEBUG] Screenshot OK: (900, 1600)
[2026-04-27 09:10:57] [INFO] Không tìm thấy dấu chấm than (!) nào
[2026-04-27 09:10:57] [INFO] Đã xử lý 0 đơn hàng
[2026-04-27 09:10:57] [INFO] --- THỐNG KÊ ---
[2026-04-27 09:10:57] [INFO]   Thu hoạch: 0
[2026-04-27 09:10:57] [INFO]   Trồng cây: 0
[2026-04-27 09:10:57] [INFO]   Đơn hàng:  0
[2026-04-27 09:10:57] [INFO]   Lỗi:       0
[2026-04-27 09:11:02] [INFO] ========================================
[2026-04-27 09:11:02] [INFO] 🔄 BẮT ĐẦU CHU KỲ MỚI
[2026-04-27 09:11:02] [INFO] ========================================
[2026-04-27 09:11:02] [INFO] ⏭️ Bỏ qua thu hoạch (chưa có ảnh mẫu)
[2026-04-27 09:11:02] [INFO] ⏭️ Bỏ qua trồng cây (chưa có ảnh mẫu)
[2026-04-27 09:11:02] [INFO] 📦 Bắt đầu XỬ LÝ ĐƠN HÀNG...
[2026-04-27 09:11:02] [ERROR] ❌ Thiếu ảnh mẫu dấu chấm than!
[2026-04-27 09:11:02] [ERROR]    Cần file trong images/ui/
[2026-04-27 09:11:02] [INFO] --- THỐNG KÊ ---
[2026-04-27 09:11:02] [INFO]   Thu hoạch: 0
[2026-04-27 09:11:02] [INFO]   Trồng cây: 0
[2026-04-27 09:11:02] [INFO]   Đơn hàng:  0
[2026-04-27 09:11:02] [INFO]   Lỗi:       0
[2026-04-27 09:11:07] [INFO] ========================================
[2026-04-27 09:11:07] [INFO] 🔄 BẮT ĐẦU CHU KỲ MỚI
[2026-04-27 09:11:07] [INFO] ========================================
[2026-04-27 09:11:07] [INFO] ⏭️ Bỏ qua thu hoạch (chưa có ảnh mẫu)
[2026-04-27 09:11:07] [INFO] ⏭️ Bỏ qua trồng cây (chưa có ảnh mẫu)
[2026-04-27 09:11:07] [INFO] 📦 Bắt đầu XỬ LÝ ĐƠN HÀNG...
[2026-04-27 09:11:07] [ERROR] ❌ Thiếu ảnh mẫu dấu chấm than!
[2026-04-27 09:11:07] [ERROR]    Cần file trong images/ui/
[2026-04-27 09:11:07] [INFO] --- THỐNG KÊ ---
[2026-04-27 09:11:07] [INFO]   Thu hoạch: 0
[2026-04-27 09:11:07] [INFO]   Trồng cây: 0
[2026-04-27 09:11:07] [INFO]   Đơn hàng:  0
[2026-04-27 09:11:07] [INFO]   Lỗi:       0
[2026-04-27 09:11:12] [INFO] ========================================
[2026-04-27 09:11:12] [INFO] 🔄 BẮT ĐẦU CHU KỲ MỚI
[2026-04-27 09:11:12] [INFO] ========================================
[2026-04-27 09:11:12] [INFO] ⏭️ Bỏ qua thu hoạch (chưa có ảnh mẫu)
[2026-04-27 09:11:12] [INFO] ⏭️ Bỏ qua trồng cây (chưa có ảnh mẫu)
[2026-04-27 09:11:12] [INFO] 📦 Bắt đầu XỬ LÝ ĐƠN HÀNG...
[2026-04-27 09:11:12] [ERROR] ❌ Thiếu ảnh mẫu dấu chấm than!
[2026-04-27 09:11:12] [ERROR]    Cần file trong images/ui/
[2026-04-27 09:11:12] [INFO] --- THỐNG KÊ ---
[2026-04-27 09:11:12] [INFO]   Thu hoạch: 0
[2026-04-27 09:11:12] [INFO]   Trồng cây: 0
[2026-04-27 09:11:12] [INFO]   Đơn hàng:  0
[2026-04-27 09:11:12] [INFO]   Lỗi:       0
[2026-04-27 09:11:17] [INFO] ========================================
[2026-04-27 09:11:17] [INFO] 🔄 BẮT ĐẦU CHU KỲ MỚI
[2026-04-27 09:11:17] [INFO] ========================================
[2026-04-27 09:11:17] [INFO] ⏭️ Bỏ qua thu hoạch (chưa có ảnh mẫu)
[2026-04-27 09:11:17] [INFO] ⏭️ Bỏ qua trồng cây (chưa có ảnh mẫu)
[2026-04-27 09:11:17] [INFO] 📦 Bắt đầu XỬ LÝ ĐƠN HÀNG...
[2026-04-27 09:11:19] [DEBUG] Screenshot OK: (900, 1600)
[2026-04-27 09:11:19] [INFO] Không tìm thấy dấu chấm than (!) nào
[2026-04-27 09:11:19] [INFO] Đã xử lý 0 đơn hàng
[2026-04-27 09:11:19] [INFO] --- THỐNG KÊ ---
[2026-04-27 09:11:19] [INFO]   Thu hoạch: 0
[2026-04-27 09:11:19] [INFO]   Trồng cây: 0
[2026-04-27 09:11:19] [INFO]   Đơn hàng:  0
[2026-04-27 09:11:19] [INFO]   Lỗi:       0
[2026-04-27 09:11:24] [INFO] ========================================
[2026-04-27 09:11:24] [INFO] 🔄 BẮT ĐẦU CHU KỲ MỚI
[2026-04-27 09:11:24] [INFO] ========================================
[2026-04-27 09:11:24] [INFO] ⏭️ Bỏ qua thu hoạch (chưa có ảnh mẫu)
[2026-04-27 09:11:24] [INFO] ⏭️ Bỏ qua trồng cây (chưa có ảnh mẫu)
[2026-04-27 09:11:24] [INFO] 📦 Bắt đầu XỬ LÝ ĐƠN HÀNG...
[2026-04-27 09:11:25] [DEBUG] Screenshot OK: (900, 1600)
[2026-04-27 09:11:25] [INFO] Không tìm thấy dấu chấm than (!) nào
[2026-04-27 09:11:25] [INFO] Đã xử lý 0 đơn hàng
[2026-04-27 09:11:25] [INFO] --- THỐNG KÊ ---
[2026-04-27 09:11:25] [INFO]   Thu hoạch: 0
[2026-04-27 09:11:25] [INFO]   Trồng cây: 0
[2026-04-27 09:11:25] [INFO]   Đơn hàng:  0
[2026-04-27 09:11:25] [INFO]   Lỗi:       0
[2026-04-27 09:11:30] [INFO] ========================================
[2026-04-27 09:11:30] [INFO] 🔄 BẮT ĐẦU CHU KỲ MỚI
[2026-04-27 09:11:30] [INFO] ========================================
[2026-04-27 09:11:30] [INFO] ⏭️ Bỏ qua thu hoạch (chưa có ảnh mẫu)
[2026-04-27 09:11:30] [INFO] ⏭️ Bỏ qua trồng cây (chưa có ảnh mẫu)
[2026-04-27 09:11:30] [INFO] 📦 Bắt đầu XỬ LÝ ĐƠN HÀNG...
[2026-04-27 09:11:31] [DEBUG] Screenshot OK: (900, 1600)
[2026-04-27 09:11:31] [INFO] Không tìm thấy dấu chấm than (!) nào
[2026-04-27 09:11:31] [INFO] Đã xử lý 0 đơn hàng
[2026-04-27 09:11:31] [INFO] --- THỐNG KÊ ---
[2026-04-27 09:11:31] [INFO]   Thu hoạch: 0
[2026-04-27 09:11:31] [INFO]   Trồng cây: 0
[2026-04-27 09:11:31] [INFO]   Đơn hàng:  0
[2026-04-27 09:11:31] [INFO]   Lỗi:       0
[2026-04-27 09:11:36] [INFO] ========================================
[2026-04-27 09:11:36] [INFO] 🔄 BẮT ĐẦU CHU KỲ MỚI
[2026-04-27 09:11:36] [INFO] ========================================
[2026-04-27 09:11:36] [INFO] ⏭️ Bỏ qua thu hoạch (chưa có ảnh mẫu)
[2026-04-27 09:11:36] [INFO] ⏭️ Bỏ qua trồng cây (chưa có ảnh mẫu)
[2026-04-27 09:11:36] [INFO] 📦 Bắt đầu XỬ LÝ ĐƠN HÀNG...
[2026-04-27 09:11:37] [DEBUG] Screenshot OK: (900, 1600)
[2026-04-27 09:11:37] [INFO] Không tìm thấy dấu chấm than (!) nào
[2026-04-27 09:11:37] [INFO] Đã xử lý 0 đơn hàng
[2026-04-27 09:11:37] [INFO] --- THỐNG KÊ ---
[2026-04-27 09:11:37] [INFO]   Thu hoạch: 0
[2026-04-27 09:11:37] [INFO]   Trồng cây: 0
[2026-04-27 09:11:37] [INFO]   Đơn hàng:  0
[2026-04-27 09:11:37] [INFO]   Lỗi:       0
[2026-04-27 09:11:42] [INFO] ========================================
[2026-04-27 09:11:42] [INFO] 🔄 BẮT ĐẦU CHU KỲ MỚI
[2026-04-27 09:11:42] [INFO] ========================================
[2026-04-27 09:11:42] [INFO] ⏭️ Bỏ qua thu hoạch (chưa có ảnh mẫu)
[2026-04-27 09:11:42] [INFO] ⏭️ Bỏ qua trồng cây (chưa có ảnh mẫu)
[2026-04-27 09:11:42] [INFO] 📦 Bắt đầu XỬ LÝ ĐƠN HÀNG...
[2026-04-27 09:11:43] [DEBUG] Screenshot OK: (900, 1600)
[2026-04-27 09:11:43] [INFO] Không tìm thấy dấu chấm than (!) nào
[2026-04-27 09:11:43] [INFO] Đã xử lý 0 đơn hàng
[2026-04-27 09:11:43] [INFO] --- THỐNG KÊ ---
[2026-04-27 09:11:43] [INFO]   Thu hoạch: 0
[2026-04-27 09:11:43] [INFO]   Trồng cây: 0
[2026-04-27 09:11:43] [INFO]   Đơn hàng:  0
[2026-04-27 09:11:43] [INFO]   Lỗi:       0
[2026-04-27 09:11:48] [INFO] ========================================
[2026-04-27 09:11:48] [INFO] 🔄 BẮT ĐẦU CHU KỲ MỚI
[2026-04-27 09:11:48] [INFO] ========================================
[2026-04-27 09:11:48] [INFO] ⏭️ Bỏ qua thu hoạch (chưa có ảnh mẫu)
[2026-04-27 09:11:48] [INFO] ⏭️ Bỏ qua trồng cây (chưa có ảnh mẫu)
[2026-04-27 09:11:48] [INFO] 📦 Bắt đầu XỬ LÝ ĐƠN HÀNG...
[2026-04-27 09:11:49] [DEBUG] Screenshot OK: (900, 1600)
[2026-04-27 09:11:49] [INFO] Không tìm thấy dấu chấm than (!) nào
[2026-04-27 09:11:49] [INFO] Đã xử lý 0 đơn hàng
[2026-04-27 09:11:49] [INFO] --- THỐNG KÊ ---
[2026-04-27 09:11:49] [INFO]   Thu hoạch: 0
[2026-04-27 09:11:49] [INFO]   Trồng cây: 0
[2026-04-27 09:11:49] [INFO]   Đơn hàng:  0
[2026-04-27 09:11:49] [INFO]   Lỗi:       0
[2026-04-27 09:11:54] [INFO] ========================================
[2026-04-27 09:11:54] [INFO] 🔄 BẮT ĐẦU CHU KỲ MỚI
[2026-04-27 09:11:54] [INFO] ========================================
[2026-04-27 09:11:54] [INFO] ⏭️ Bỏ qua thu hoạch (chưa có ảnh mẫu)
[2026-04-27 09:11:54] [INFO] ⏭️ Bỏ qua trồng cây (chưa có ảnh mẫu)
[2026-04-27 09:11:54] [INFO] 📦 Bắt đầu XỬ LÝ ĐƠN HÀNG...
[2026-04-27 09:11:55] [DEBUG] Screenshot OK: (900, 1600)
[2026-04-27 09:11:55] [INFO] Không tìm thấy dấu chấm than (!) nào
[2026-04-27 09:11:55] [INFO] Đã xử lý 0 đơn hàng
[2026-04-27 09:11:55] [INFO] --- THỐNG KÊ ---
[2026-04-27 09:11:55] [INFO]   Thu hoạch: 0
[2026-04-27 09:11:55] [INFO]   Trồng cây: 0
[2026-04-27 09:11:55] [INFO]   Đơn hàng:  0
[2026-04-27 09:11:55] [INFO]   Lỗi:       0
[2026-04-27 09:12:00] [INFO] ========================================
[2026-04-27 09:12:00] [INFO] 🔄 BẮT ĐẦU CHU KỲ MỚI
[2026-04-27 09:12:00] [INFO] ========================================
[2026-04-27 09:12:00] [INFO] ⏭️ Bỏ qua thu hoạch (chưa có ảnh mẫu)
[2026-04-27 09:12:00] [INFO] ⏭️ Bỏ qua trồng cây (chưa có ảnh mẫu)
[2026-04-27 09:12:00] [INFO] 📦 Bắt đầu XỬ LÝ ĐƠN HÀNG...
[2026-04-27 09:12:01] [DEBUG] Screenshot OK: (900, 1600)
[2026-04-27 09:12:01] [INFO] Không tìm thấy dấu chấm than (!) nào
[2026-04-27 09:12:01] [INFO] Đã xử lý 0 đơn hàng
[2026-04-27 09:12:01] [INFO] --- THỐNG KÊ ---
[2026-04-27 09:12:01] [INFO]   Thu hoạch: 0
[2026-04-27 09:12:01] [INFO]   Trồng cây: 0
[2026-04-27 09:12:01] [INFO]   Đơn hàng:  0
[2026-04-27 09:12:01] [INFO]   Lỗi:       0
[2026-04-27 09:12:06] [INFO] ========================================
[2026-04-27 09:12:06] [INFO] 🔄 BẮT ĐẦU CHU KỲ MỚI
[2026-04-27 09:12:06] [INFO] ========================================
[2026-04-27 09:12:06] [INFO] ⏭️ Bỏ qua thu hoạch (chưa có ảnh mẫu)
[2026-04-27 09:12:06] [INFO] ⏭️ Bỏ qua trồng cây (chưa có ảnh mẫu)
[2026-04-27 09:12:06] [INFO] 📦 Bắt đầu XỬ LÝ ĐƠN HÀNG...
[2026-04-27 09:12:07] [DEBUG] Screenshot OK: (900, 1600)
[2026-04-27 09:12:07] [INFO] Không tìm thấy dấu chấm than (!) nào
[2026-04-27 09:12:07] [INFO] Đã xử lý 0 đơn hàng
[2026-04-27 09:12:07] [INFO] --- THỐNG KÊ ---
[2026-04-27 09:12:07] [INFO]   Thu hoạch: 0
[2026-04-27 09:12:07] [INFO]   Trồng cây: 0
[2026-04-27 09:12:07] [INFO]   Đơn hàng:  0
[2026-04-27 09:12:07] [INFO]   Lỗi:       0
[2026-04-27 09:12:12] [INFO] ========================================
[2026-04-27 09:12:12] [INFO] 🔄 BẮT ĐẦU CHU KỲ MỚI
[2026-04-27 09:12:12] [INFO] ========================================
[2026-04-27 09:12:12] [INFO] ⏭️ Bỏ qua thu hoạch (chưa có ảnh mẫu)
[2026-04-27 09:12:12] [INFO] ⏭️ Bỏ qua trồng cây (chưa có ảnh mẫu)
[2026-04-27 09:12:12] [INFO] 📦 Bắt đầu XỬ LÝ ĐƠN HÀNG...
[2026-04-27 09:12:13] [DEBUG] Screenshot OK: (900, 1600)
[2026-04-27 09:12:14] [INFO] Không tìm thấy dấu chấm than (!) nào
[2026-04-27 09:12:14] [INFO] Đã xử lý 0 đơn hàng
[2026-04-27 09:12:14] [INFO] --- THỐNG KÊ ---
[2026-04-27 09:12:14] [INFO]   Thu hoạch: 0
[2026-04-27 09:12:14] [INFO]   Trồng cây: 0
[2026-04-27 09:12:14] [INFO]   Đơn hàng:  0
[2026-04-27 09:12:14] [INFO]   Lỗi:       0
[2026-04-27 09:12:19] [INFO] ========================================
[2026-04-27 09:12:19] [INFO] 🔄 BẮT ĐẦU CHU KỲ MỚI
[2026-04-27 09:12:19] [INFO] ========================================
[2026-04-27 09:12:19] [INFO] ⏭️ Bỏ qua thu hoạch (chưa có ảnh mẫu)
[2026-04-27 09:12:19] [INFO] ⏭️ Bỏ qua trồng cây (chưa có ảnh mẫu)
[2026-04-27 09:12:19] [INFO] 📦 Bắt đầu XỬ LÝ ĐƠN HÀNG...
[2026-04-27 09:12:19] [DEBUG] Screenshot OK: (900, 1600)
[2026-04-27 09:12:20] [INFO] Không tìm thấy dấu chấm than (!) nào
[2026-04-27 09:12:20] [INFO] Đã xử lý 0 đơn hàng
[2026-04-27 09:12:20] [INFO] --- THỐNG KÊ ---
[2026-04-27 09:12:20] [INFO]   Thu hoạch: 0
[2026-04-27 09:12:20] [INFO]   Trồng cây: 0
[2026-04-27 09:12:20] [INFO]   Đơn hàng:  0
[2026-04-27 09:12:20] [INFO]   Lỗi:       0
[2026-04-27 09:12:25] [INFO] ========================================
[2026-04-27 09:12:25] [INFO] 🔄 BẮT ĐẦU CHU KỲ MỚI
[2026-04-27 09:12:25] [INFO] ========================================
[2026-04-27 09:12:25] [INFO] ⏭️ Bỏ qua thu hoạch (chưa có ảnh mẫu)
[2026-04-27 09:12:25] [INFO] ⏭️ Bỏ qua trồng cây (chưa có ảnh mẫu)
[2026-04-27 09:12:25] [INFO] 📦 Bắt đầu XỬ LÝ ĐƠN HÀNG...
[2026-04-27 09:12:26] [DEBUG] Screenshot OK: (900, 1600)
[2026-04-27 09:12:26] [INFO] Không tìm thấy dấu chấm than (!) nào
[2026-04-27 09:12:26] [INFO] Đã xử lý 0 đơn hàng
[2026-04-27 09:12:26] [INFO] --- THỐNG KÊ ---
[2026-04-27 09:12:26] [INFO]   Thu hoạch: 0
[2026-04-27 09:12:26] [INFO]   Trồng cây: 0
[2026-04-27 09:12:26] [INFO]   Đơn hàng:  0
[2026-04-27 09:12:26] [INFO]   Lỗi:       0
[2026-04-27 09:12:31] [INFO] ========================================
[2026-04-27 09:12:31] [INFO] 🔄 BẮT ĐẦU CHU KỲ MỚI
[2026-04-27 09:12:31] [INFO] ========================================
[2026-04-27 09:12:31] [INFO] ⏭️ Bỏ qua thu hoạch (chưa có ảnh mẫu)
[2026-04-27 09:12:31] [INFO] ⏭️ Bỏ qua trồng cây (chưa có ảnh mẫu)
[2026-04-27 09:12:31] [INFO] 📦 Bắt đầu XỬ LÝ ĐƠN HÀNG...
[2026-04-27 09:12:32] [DEBUG] Screenshot OK: (900, 1600)
[2026-04-27 09:12:32] [INFO] Không tìm thấy dấu chấm than (!) nào
[2026-04-27 09:12:32] [INFO] Đã xử lý 0 đơn hàng
[2026-04-27 09:12:32] [INFO] --- THỐNG KÊ ---
[2026-04-27 09:12:32] [INFO]   Thu hoạch: 0
[2026-04-27 09:12:32] [INFO]   Trồng cây: 0
[2026-04-27 09:12:32] [INFO]   Đơn hàng:  0
[2026-04-27 09:12:32] [INFO]   Lỗi:       0
[2026-04-27 09:12:37] [INFO] ========================================
[2026-04-27 09:12:37] [INFO] 🔄 BẮT ĐẦU CHU KỲ MỚI
[2026-04-27 09:12:37] [INFO] ========================================
[2026-04-27 09:12:37] [INFO] ⏭️ Bỏ qua thu hoạch (chưa có ảnh mẫu)
[2026-04-27 09:12:37] [INFO] ⏭️ Bỏ qua trồng cây (chưa có ảnh mẫu)
[2026-04-27 09:12:37] [INFO] 📦 Bắt đầu XỬ LÝ ĐƠN HÀNG...
[2026-04-27 09:12:38] [DEBUG] Screenshot OK: (900, 1600)
[2026-04-27 09:12:38] [INFO] Không tìm thấy dấu chấm than (!) nào
[2026-04-27 09:12:38] [INFO] Đã xử lý 0 đơn hàng
[2026-04-27 09:12:38] [INFO] --- THỐNG KÊ ---
[2026-04-27 09:12:38] [INFO]   Thu hoạch: 0
[2026-04-27 09:12:38] [INFO]   Trồng cây: 0
[2026-04-27 09:12:38] [INFO]   Đơn hàng:  0
[2026-04-27 09:12:38] [INFO]   Lỗi:       0
[2026-04-27 09:12:43] [INFO] ========================================
[2026-04-27 09:12:43] [INFO] 🔄 BẮT ĐẦU CHU KỲ MỚI
[2026-04-27 09:12:43] [INFO] ========================================
[2026-04-27 09:12:43] [INFO] ⏭️ Bỏ qua thu hoạch (chưa có ảnh mẫu)
[2026-04-27 09:12:43] [INFO] ⏭️ Bỏ qua trồng cây (chưa có ảnh mẫu)
[2026-04-27 09:12:43] [INFO] 📦 Bắt đầu XỬ LÝ ĐƠN HÀNG...
[2026-04-27 09:12:44] [DEBUG] Screenshot OK: (900, 1600)
[2026-04-27 09:12:44] [INFO] Không tìm thấy dấu chấm than (!) nào
[2026-04-27 09:12:44] [INFO] Đã xử lý 0 đơn hàng
[2026-04-27 09:12:44] [INFO] --- THỐNG KÊ ---
[2026-04-27 09:12:44] [INFO]   Thu hoạch: 0
[2026-04-27 09:12:44] [INFO]   Trồng cây: 0
[2026-04-27 09:12:44] [INFO]   Đơn hàng:  0
[2026-04-27 09:12:44] [INFO]   Lỗi:       0
[2026-04-27 09:12:49] [INFO] ========================================
[2026-04-27 09:12:49] [INFO] 🔄 BẮT ĐẦU CHU KỲ MỚI
[2026-04-27 09:12:49] [INFO] ========================================
[2026-04-27 09:12:49] [INFO] ⏭️ Bỏ qua thu hoạch (chưa có ảnh mẫu)
[2026-04-27 09:12:49] [INFO] ⏭️ Bỏ qua trồng cây (chưa có ảnh mẫu)
[2026-04-27 09:12:49] [INFO] 📦 Bắt đầu XỬ LÝ ĐƠN HÀNG...
[2026-04-27 09:12:50] [DEBUG] Screenshot OK: (900, 1600)
[2026-04-27 09:12:50] [INFO] Không tìm thấy dấu chấm than (!) nào
[2026-04-27 09:12:50] [INFO] Đã xử lý 0 đơn hàng
[2026-04-27 09:12:50] [INFO] --- THỐNG KÊ ---
[2026-04-27 09:12:50] [INFO]   Thu hoạch: 0
[2026-04-27 09:12:50] [INFO]   Trồng cây: 0
[2026-04-27 09:12:50] [INFO]   Đơn hàng:  0
[2026-04-27 09:12:50] [INFO]   Lỗi:       0
[2026-04-27 09:12:55] [INFO] ========================================
[2026-04-27 09:12:55] [INFO] 🔄 BẮT ĐẦU CHU KỲ MỚI
[2026-04-27 09:12:55] [INFO] ========================================
[2026-04-27 09:12:55] [INFO] ⏭️ Bỏ qua thu hoạch (chưa có ảnh mẫu)
[2026-04-27 09:12:55] [INFO] ⏭️ Bỏ qua trồng cây (chưa có ảnh mẫu)
[2026-04-27 09:12:55] [INFO] 📦 Bắt đầu XỬ LÝ ĐƠN HÀNG...
[2026-04-27 09:12:56] [DEBUG] Screenshot OK: (900, 1600)
[2026-04-27 09:12:56] [INFO] Không tìm thấy dấu chấm than (!) nào
[2026-04-27 09:12:56] [INFO] Đã xử lý 0 đơn hàng
[2026-04-27 09:12:56] [INFO] --- THỐNG KÊ ---
[2026-04-27 09:12:56] [INFO]   Thu hoạch: 0
[2026-04-27 09:12:56] [INFO]   Trồng cây: 0
[2026-04-27 09:12:56] [INFO]   Đơn hàng:  0
[2026-04-27 09:12:56] [INFO]   Lỗi:       0
[2026-04-27 09:13:01] [INFO] ========================================
[2026-04-27 09:13:01] [INFO] 🔄 BẮT ĐẦU CHU KỲ MỚI
[2026-04-27 09:13:01] [INFO] ========================================
[2026-04-27 09:13:01] [INFO] ⏭️ Bỏ qua thu hoạch (chưa có ảnh mẫu)
[2026-04-27 09:13:01] [INFO] ⏭️ Bỏ qua trồng cây (chưa có ảnh mẫu)
[2026-04-27 09:13:01] [INFO] 📦 Bắt đầu XỬ LÝ ĐƠN HÀNG...
[2026-04-27 09:13:02] [DEBUG] Screenshot OK: (900, 1600)
[2026-04-27 09:13:03] [INFO] Không tìm thấy dấu chấm than (!) nào
[2026-04-27 09:13:03] [INFO] Đã xử lý 0 đơn hàng
[2026-04-27 09:13:03] [INFO] --- THỐNG KÊ ---
[2026-04-27 09:13:03] [INFO]   Thu hoạch: 0
[2026-04-27 09:13:03] [INFO]   Trồng cây: 0
[2026-04-27 09:13:03] [INFO]   Đơn hàng:  0
[2026-04-27 09:13:03] [INFO]   Lỗi:       0
[2026-04-27 09:13:08] [INFO] ========================================
[2026-04-27 09:13:08] [INFO] 🔄 BẮT ĐẦU CHU KỲ MỚI
[2026-04-27 09:13:08] [INFO] ========================================
[2026-04-27 09:13:08] [INFO] ⏭️ Bỏ qua thu hoạch (chưa có ảnh mẫu)
[2026-04-27 09:13:08] [INFO] ⏭️ Bỏ qua trồng cây (chưa có ảnh mẫu)
[2026-04-27 09:13:08] [INFO] 📦 Bắt đầu XỬ LÝ ĐƠN HÀNG...
[2026-04-27 09:13:09] [DEBUG] Screenshot OK: (900, 1600)
[2026-04-27 09:13:09] [INFO] Không tìm thấy dấu chấm than (!) nào
[2026-04-27 09:13:09] [INFO] Đã xử lý 0 đơn hàng
[2026-04-27 09:13:09] [INFO] --- THỐNG KÊ ---
[2026-04-27 09:13:09] [INFO]   Thu hoạch: 0
[2026-04-27 09:13:09] [INFO]   Trồng cây: 0
[2026-04-27 09:13:09] [INFO]   Đơn hàng:  0
[2026-04-27 09:13:09] [INFO]   Lỗi:       0
[2026-04-27 09:13:14] [INFO] ========================================
[2026-04-27 09:13:14] [INFO] 🔄 BẮT ĐẦU CHU KỲ MỚI
[2026-04-27 09:13:14] [INFO] ========================================
[2026-04-27 09:13:14] [INFO] ⏭️ Bỏ qua thu hoạch (chưa có ảnh mẫu)
[2026-04-27 09:13:14] [INFO] ⏭️ Bỏ qua trồng cây (chưa có ảnh mẫu)
[2026-04-27 09:13:14] [INFO] 📦 Bắt đầu XỬ LÝ ĐƠN HÀNG...
[2026-04-27 09:13:15] [DEBUG] Screenshot OK: (900, 1600)
[2026-04-27 09:13:15] [INFO] Không tìm thấy dấu chấm than (!) nào
[2026-04-27 09:13:15] [INFO] Đã xử lý 0 đơn hàng
[2026-04-27 09:13:15] [INFO] --- THỐNG KÊ ---
[2026-04-27 09:13:15] [INFO]   Thu hoạch: 0
[2026-04-27 09:13:15] [INFO]   Trồng cây: 0
[2026-04-27 09:13:15] [INFO]   Đơn hàng:  0
[2026-04-27 09:13:15] [INFO]   Lỗi:       0
[2026-04-27 09:13:20] [INFO] ========================================
[2026-04-27 09:13:20] [INFO] 🔄 BẮT ĐẦU CHU KỲ MỚI
[2026-04-27 09:13:20] [INFO] ========================================
[2026-04-27 09:13:20] [INFO] ⏭️ Bỏ qua thu hoạch (chưa có ảnh mẫu)
[2026-04-27 09:13:20] [INFO] ⏭️ Bỏ qua trồng cây (chưa có ảnh mẫu)
[2026-04-27 09:13:20] [INFO] 📦 Bắt đầu XỬ LÝ ĐƠN HÀNG...
[2026-04-27 09:13:21] [DEBUG] Screenshot OK: (900, 1600)
[2026-04-27 09:13:21] [INFO] Không tìm thấy dấu chấm than (!) nào
[2026-04-27 09:13:21] [INFO] Đã xử lý 0 đơn hàng
[2026-04-27 09:13:21] [INFO] --- THỐNG KÊ ---
[2026-04-27 09:13:21] [INFO]   Thu hoạch: 0
[2026-04-27 09:13:21] [INFO]   Trồng cây: 0
[2026-04-27 09:13:21] [INFO]   Đơn hàng:  0
[2026-04-27 09:13:21] [INFO]   Lỗi:       0
[2026-04-27 09:13:26] [INFO] ========================================
[2026-04-27 09:13:26] [INFO] 🔄 BẮT ĐẦU CHU KỲ MỚI
[2026-04-27 09:13:26] [INFO] ========================================
[2026-04-27 09:13:26] [INFO] ⏭️ Bỏ qua thu hoạch (chưa có ảnh mẫu)
[2026-04-27 09:13:26] [INFO] ⏭️ Bỏ qua trồng cây (chưa có ảnh mẫu)
[2026-04-27 09:13:26] [INFO] 📦 Bắt đầu XỬ LÝ ĐƠN HÀNG...
[2026-04-27 09:13:27] [DEBUG] Screenshot OK: (900, 1600)
[2026-04-27 09:13:27] [INFO] Không tìm thấy dấu chấm than (!) nào
[2026-04-27 09:13:27] [INFO] Đã xử lý 0 đơn hàng
[2026-04-27 09:13:27] [INFO] --- THỐNG KÊ ---
[2026-04-27 09:13:27] [INFO]   Thu hoạch: 0
[2026-04-27 09:13:27] [INFO]   Trồng cây: 0
[2026-04-27 09:13:27] [INFO]   Đơn hàng:  0
[2026-04-27 09:13:27] [INFO]   Lỗi:       0
[2026-04-27 09:13:32] [INFO] ========================================
[2026-04-27 09:13:32] [INFO] 🔄 BẮT ĐẦU CHU KỲ MỚI
[2026-04-27 09:13:32] [INFO] ========================================
[2026-04-27 09:13:32] [INFO] ⏭️ Bỏ qua thu hoạch (chưa có ảnh mẫu)
[2026-04-27 09:13:32] [INFO] ⏭️ Bỏ qua trồng cây (chưa có ảnh mẫu)
[2026-04-27 09:13:32] [INFO] 📦 Bắt đầu XỬ LÝ ĐƠN HÀNG...
[2026-04-27 09:13:33] [DEBUG] Screenshot OK: (900, 1600)
[2026-04-27 09:13:33] [INFO] Không tìm thấy dấu chấm than (!) nào
[2026-04-27 09:13:33] [INFO] Đã xử lý 0 đơn hàng
[2026-04-27 09:13:33] [INFO] --- THỐNG KÊ ---
[2026-04-27 09:13:33] [INFO]   Thu hoạch: 0
[2026-04-27 09:13:33] [INFO]   Trồng cây: 0
[2026-04-27 09:13:33] [INFO]   Đơn hàng:  0
[2026-04-27 09:13:33] [INFO]   Lỗi:       0
[2026-04-27 09:13:38] [INFO] ========================================
[2026-04-27 09:13:38] [INFO] 🔄 BẮT ĐẦU CHU KỲ MỚI
[2026-04-27 09:13:38] [INFO] ========================================
[2026-04-27 09:13:38] [INFO] ⏭️ Bỏ qua thu hoạch (chưa có ảnh mẫu)
[2026-04-27 09:13:38] [INFO] ⏭️ Bỏ qua trồng cây (chưa có ảnh mẫu)
[2026-04-27 09:13:38] [INFO] 📦 Bắt đầu XỬ LÝ ĐƠN HÀNG...
[2026-04-27 09:13:39] [DEBUG] Screenshot OK: (900, 1600)
[2026-04-27 09:13:39] [INFO] Không tìm thấy dấu chấm than (!) nào
[2026-04-27 09:13:39] [INFO] Đã xử lý 0 đơn hàng
[2026-04-27 09:13:39] [INFO] --- THỐNG KÊ ---
[2026-04-27 09:13:39] [INFO]   Thu hoạch: 0
[2026-04-27 09:13:39] [INFO]   Trồng cây: 0
[2026-04-27 09:13:39] [INFO]   Đơn hàng:  0
[2026-04-27 09:13:39] [INFO]   Lỗi:       0
[2026-04-27 09:13:44] [INFO] ========================================
[2026-04-27 09:13:44] [INFO] 🔄 BẮT ĐẦU CHU KỲ MỚI
[2026-04-27 09:13:44] [INFO] ========================================
[2026-04-27 09:13:44] [INFO] ⏭️ Bỏ qua thu hoạch (chưa có ảnh mẫu)
[2026-04-27 09:13:44] [INFO] ⏭️ Bỏ qua trồng cây (chưa có ảnh mẫu)
[2026-04-27 09:13:44] [INFO] 📦 Bắt đầu XỬ LÝ ĐƠN HÀNG...
[2026-04-27 09:13:45] [DEBUG] Screenshot OK: (900, 1600)
[2026-04-27 09:13:45] [INFO] Không tìm thấy dấu chấm than (!) nào
[2026-04-27 09:13:45] [INFO] Đã xử lý 0 đơn hàng
[2026-04-27 09:13:45] [INFO] --- THỐNG KÊ ---
[2026-04-27 09:13:45] [INFO]   Thu hoạch: 0
[2026-04-27 09:13:45] [INFO]   Trồng cây: 0
[2026-04-27 09:13:45] [INFO]   Đơn hàng:  0
[2026-04-27 09:13:45] [INFO]   Lỗi:       0
[2026-04-27 09:13:50] [INFO] ========================================
[2026-04-27 09:13:50] [INFO] 🔄 BẮT ĐẦU CHU KỲ MỚI
[2026-04-27 09:13:50] [INFO] ========================================
[2026-04-27 09:13:50] [INFO] ⏭️ Bỏ qua thu hoạch (chưa có ảnh mẫu)
[2026-04-27 09:13:50] [INFO] ⏭️ Bỏ qua trồng cây (chưa có ảnh mẫu)
[2026-04-27 09:13:50] [INFO] 📦 Bắt đầu XỬ LÝ ĐƠN HÀNG...
[2026-04-27 09:13:51] [DEBUG] Screenshot OK: (900, 1600)
[2026-04-27 09:13:51] [INFO] Không tìm thấy dấu chấm than (!) nào
[2026-04-27 09:13:51] [INFO] Đã xử lý 0 đơn hàng
[2026-04-27 09:13:51] [INFO] --- THỐNG KÊ ---
[2026-04-27 09:13:51] [INFO]   Thu hoạch: 0
[2026-04-27 09:13:51] [INFO]   Trồng cây: 0
[2026-04-27 09:13:51] [INFO]   Đơn hàng:  0
[2026-04-27 09:13:51] [INFO]   Lỗi:       0
[2026-04-27 09:13:56] [INFO] ========================================
[2026-04-27 09:13:56] [INFO] 🔄 BẮT ĐẦU CHU KỲ MỚI
[2026-04-27 09:13:56] [INFO] ========================================
[2026-04-27 09:13:56] [INFO] ⏭️ Bỏ qua thu hoạch (chưa có ảnh mẫu)
[2026-04-27 09:13:56] [INFO] ⏭️ Bỏ qua trồng cây (chưa có ảnh mẫu)
[2026-04-27 09:13:56] [INFO] 📦 Bắt đầu XỬ LÝ ĐƠN HÀNG...
[2026-04-27 09:13:58] [DEBUG] Screenshot OK: (900, 1600)
[2026-04-27 09:13:58] [INFO] Không tìm thấy dấu chấm than (!) nào
[2026-04-27 09:13:58] [INFO] Đã xử lý 0 đơn hàng
[2026-04-27 09:13:58] [INFO] --- THỐNG KÊ ---
[2026-04-27 09:13:58] [INFO]   Thu hoạch: 0
[2026-04-27 09:13:58] [INFO]   Trồng cây: 0
[2026-04-27 09:13:58] [INFO]   Đơn hàng:  0
[2026-04-27 09:13:58] [INFO]   Lỗi:       0
[2026-04-27 09:14:03] [INFO] ========================================
[2026-04-27 09:14:03] [INFO] 🔄 BẮT ĐẦU CHU KỲ MỚI
[2026-04-27 09:14:03] [INFO] ========================================
[2026-04-27 09:14:03] [INFO] ⏭️ Bỏ qua thu hoạch (chưa có ảnh mẫu)
[2026-04-27 09:14:03] [INFO] ⏭️ Bỏ qua trồng cây (chưa có ảnh mẫu)
[2026-04-27 09:14:03] [INFO] 📦 Bắt đầu XỬ LÝ ĐƠN HÀNG...
[2026-04-27 09:14:04] [DEBUG] Screenshot OK: (900, 1600)
[2026-04-27 09:14:04] [INFO] Không tìm thấy dấu chấm than (!) nào
[2026-04-27 09:14:04] [INFO] Đã xử lý 0 đơn hàng
[2026-04-27 09:14:04] [INFO] --- THỐNG KÊ ---
[2026-04-27 09:14:04] [INFO]   Thu hoạch: 0
[2026-04-27 09:14:04] [INFO]   Trồng cây: 0
[2026-04-27 09:14:04] [INFO]   Đơn hàng:  0
[2026-04-27 09:14:04] [INFO]   Lỗi:       0
[2026-04-27 09:14:09] [INFO] ========================================
[2026-04-27 09:14:09] [INFO] 🔄 BẮT ĐẦU CHU KỲ MỚI
[2026-04-27 09:14:09] [INFO] ========================================
[2026-04-27 09:14:09] [INFO] ⏭️ Bỏ qua thu hoạch (chưa có ảnh mẫu)
[2026-04-27 09:14:09] [INFO] ⏭️ Bỏ qua trồng cây (chưa có ảnh mẫu)
[2026-04-27 09:14:09] [INFO] 📦 Bắt đầu XỬ LÝ ĐƠN HÀNG...
[2026-04-27 09:14:10] [DEBUG] Screenshot OK: (900, 1600)
[2026-04-27 09:14:10] [INFO] Không tìm thấy dấu chấm than (!) nào
[2026-04-27 09:14:10] [INFO] Đã xử lý 0 đơn hàng
[2026-04-27 09:14:10] [INFO] --- THỐNG KÊ ---
[2026-04-27 09:14:10] [INFO]   Thu hoạch: 0
[2026-04-27 09:14:10] [INFO]   Trồng cây: 0
[2026-04-27 09:14:10] [INFO]   Đơn hàng:  0
[2026-04-27 09:14:10] [INFO]   Lỗi:       0
[2026-04-27 09:14:15] [INFO] ========================================
[2026-04-27 09:14:15] [INFO] 🔄 BẮT ĐẦU CHU KỲ MỚI
[2026-04-27 09:14:15] [INFO] ========================================
[2026-04-27 09:14:15] [INFO] ⏭️ Bỏ qua thu hoạch (chưa có ảnh mẫu)
[2026-04-27 09:14:15] [INFO] ⏭️ Bỏ qua trồng cây (chưa có ảnh mẫu)
[2026-04-27 09:14:15] [INFO] 📦 Bắt đầu XỬ LÝ ĐƠN HÀNG...
[2026-04-27 09:14:16] [DEBUG] Screenshot OK: (900, 1600)
[2026-04-27 09:14:16] [INFO] Không tìm thấy dấu chấm than (!) nào
[2026-04-27 09:14:16] [INFO] Đã xử lý 0 đơn hàng
[2026-04-27 09:14:16] [INFO] --- THỐNG KÊ ---
[2026-04-27 09:14:16] [INFO]   Thu hoạch: 0
[2026-04-27 09:14:16] [INFO]   Trồng cây: 0
[2026-04-27 09:14:16] [INFO]   Đơn hàng:  0
[2026-04-27 09:14:16] [INFO]   Lỗi:       0
[2026-04-27 09:14:21] [INFO] ========================================
[2026-04-27 09:14:21] [INFO] 🔄 BẮT ĐẦU CHU KỲ MỚI
[2026-04-27 09:14:21] [INFO] ========================================
[2026-04-27 09:14:21] [INFO] ⏭️ Bỏ qua thu hoạch (chưa có ảnh mẫu)
[2026-04-27 09:14:21] [INFO] ⏭️ Bỏ qua trồng cây (chưa có ảnh mẫu)
[2026-04-27 09:14:21] [INFO] 📦 Bắt đầu XỬ LÝ ĐƠN HÀNG...
[2026-04-27 09:14:22] [DEBUG] Screenshot OK: (900, 1600)
[2026-04-27 09:14:22] [INFO] Không tìm thấy dấu chấm than (!) nào
[2026-04-27 09:14:22] [INFO] Đã xử lý 0 đơn hàng
[2026-04-27 09:14:22] [INFO] --- THỐNG KÊ ---
[2026-04-27 09:14:22] [INFO]   Thu hoạch: 0
[2026-04-27 09:14:22] [INFO]   Trồng cây: 0
[2026-04-27 09:14:22] [INFO]   Đơn hàng:  0
[2026-04-27 09:14:22] [INFO]   Lỗi:       0
[2026-04-27 09:14:27] [INFO] ========================================
[2026-04-27 09:14:27] [INFO] 🔄 BẮT ĐẦU CHU KỲ MỚI
[2026-04-27 09:14:27] [INFO] ========================================
[2026-04-27 09:14:27] [INFO] ⏭️ Bỏ qua thu hoạch (chưa có ảnh mẫu)
[2026-04-27 09:14:27] [INFO] ⏭️ Bỏ qua trồng cây (chưa có ảnh mẫu)
[2026-04-27 09:14:27] [INFO] 📦 Bắt đầu XỬ LÝ ĐƠN HÀNG...
[2026-04-27 09:14:28] [DEBUG] Screenshot OK: (900, 1600)
[2026-04-27 09:14:28] [INFO] Không tìm thấy dấu chấm than (!) nào
[2026-04-27 09:14:28] [INFO] Đã xử lý 0 đơn hàng
[2026-04-27 09:14:28] [INFO] --- THỐNG KÊ ---
[2026-04-27 09:14:28] [INFO]   Thu hoạch: 0
[2026-04-27 09:14:28] [INFO]   Trồng cây: 0
[2026-04-27 09:14:28] [INFO]   Đơn hàng:  0
[2026-04-27 09:14:28] [INFO]   Lỗi:       0
[2026-04-27 09:14:33] [INFO] ========================================
[2026-04-27 09:14:33] [INFO] 🔄 BẮT ĐẦU CHU KỲ MỚI
[2026-04-27 09:14:33] [INFO] ========================================
[2026-04-27 09:14:33] [INFO] ⏭️ Bỏ qua thu hoạch (chưa có ảnh mẫu)
[2026-04-27 09:14:33] [INFO] ⏭️ Bỏ qua trồng cây (chưa có ảnh mẫu)
[2026-04-27 09:14:33] [INFO] 📦 Bắt đầu XỬ LÝ ĐƠN HÀNG...
[2026-04-27 09:14:34] [DEBUG] Screenshot OK: (900, 1600)
[2026-04-27 09:14:34] [INFO] Không tìm thấy dấu chấm than (!) nào
[2026-04-27 09:14:34] [INFO] Đã xử lý 0 đơn hàng
[2026-04-27 09:14:34] [INFO] --- THỐNG KÊ ---
[2026-04-27 09:14:34] [INFO]   Thu hoạch: 0
[2026-04-27 09:14:34] [INFO]   Trồng cây: 0
[2026-04-27 09:14:34] [INFO]   Đơn hàng:  0
[2026-04-27 09:14:34] [INFO]   Lỗi:       0
[2026-04-27 09:14:39] [INFO] ========================================
[2026-04-27 09:14:39] [INFO] 🔄 BẮT ĐẦU CHU KỲ MỚI
[2026-04-27 09:14:39] [INFO] ========================================
[2026-04-27 09:14:39] [INFO] ⏭️ Bỏ qua thu hoạch (chưa có ảnh mẫu)
[2026-04-27 09:14:39] [INFO] ⏭️ Bỏ qua trồng cây (chưa có ảnh mẫu)
[2026-04-27 09:14:39] [INFO] 📦 Bắt đầu XỬ LÝ ĐƠN HÀNG...
[2026-04-27 09:14:40] [DEBUG] Screenshot OK: (900, 1600)
[2026-04-27 09:14:40] [INFO] Không tìm thấy dấu chấm than (!) nào
[2026-04-27 09:14:40] [INFO] Đã xử lý 0 đơn hàng
[2026-04-27 09:14:40] [INFO] --- THỐNG KÊ ---
[2026-04-27 09:14:40] [INFO]   Thu hoạch: 0
[2026-04-27 09:14:40] [INFO]   Trồng cây: 0
[2026-04-27 09:14:40] [INFO]   Đơn hàng:  0
[2026-04-27 09:14:40] [INFO]   Lỗi:       0
[2026-04-27 09:14:45] [INFO] ========================================
[2026-04-27 09:14:45] [INFO] 🔄 BẮT ĐẦU CHU KỲ MỚI
[2026-04-27 09:14:45] [INFO] ========================================
[2026-04-27 09:14:45] [INFO] ⏭️ Bỏ qua thu hoạch (chưa có ảnh mẫu)
[2026-04-27 09:14:45] [INFO] ⏭️ Bỏ qua trồng cây (chưa có ảnh mẫu)
[2026-04-27 09:14:45] [INFO] 📦 Bắt đầu XỬ LÝ ĐƠN HÀNG...
[2026-04-27 09:14:46] [DEBUG] Screenshot OK: (900, 1600)
[2026-04-27 09:14:47] [INFO] Không tìm thấy dấu chấm than (!) nào
[2026-04-27 09:14:47] [INFO] Đã xử lý 0 đơn hàng
[2026-04-27 09:14:47] [INFO] --- THỐNG KÊ ---
[2026-04-27 09:14:47] [INFO]   Thu hoạch: 0
[2026-04-27 09:14:47] [INFO]   Trồng cây: 0
[2026-04-27 09:14:47] [INFO]   Đơn hàng:  0
[2026-04-27 09:14:47] [INFO]   Lỗi:       0
[2026-04-27 09:14:52] [INFO] ========================================
[2026-04-27 09:14:52] [INFO] 🔄 BẮT ĐẦU CHU KỲ MỚI
[2026-04-27 09:14:52] [INFO] ========================================
[2026-04-27 09:14:52] [INFO] ⏭️ Bỏ qua thu hoạch (chưa có ảnh mẫu)
[2026-04-27 09:14:52] [INFO] ⏭️ Bỏ qua trồng cây (chưa có ảnh mẫu)
[2026-04-27 09:14:52] [INFO] 📦 Bắt đầu XỬ LÝ ĐƠN HÀNG...
[2026-04-27 09:14:53] [DEBUG] Screenshot OK: (900, 1600)
[2026-04-27 09:14:53] [INFO] Không tìm thấy dấu chấm than (!) nào
[2026-04-27 09:14:53] [INFO] Đã xử lý 0 đơn hàng
[2026-04-27 09:14:53] [INFO] --- THỐNG KÊ ---
[2026-04-27 09:14:53] [INFO]   Thu hoạch: 0
[2026-04-27 09:14:53] [INFO]   Trồng cây: 0
[2026-04-27 09:14:53] [INFO]   Đơn hàng:  0
[2026-04-27 09:14:53] [INFO]   Lỗi:       0
[2026-04-27 09:14:58] [INFO] ========================================
[2026-04-27 09:14:58] [INFO] 🔄 BẮT ĐẦU CHU KỲ MỚI
[2026-04-27 09:14:58] [INFO] ========================================
[2026-04-27 09:14:58] [INFO] ⏭️ Bỏ qua thu hoạch (chưa có ảnh mẫu)
[2026-04-27 09:14:58] [INFO] ⏭️ Bỏ qua trồng cây (chưa có ảnh mẫu)
[2026-04-27 09:14:58] [INFO] 📦 Bắt đầu XỬ LÝ ĐƠN HÀNG...
[2026-04-27 09:14:59] [DEBUG] Screenshot OK: (900, 1600)
[2026-04-27 09:14:59] [INFO] Không tìm thấy dấu chấm than (!) nào
[2026-04-27 09:14:59] [INFO] Đã xử lý 0 đơn hàng
[2026-04-27 09:14:59] [INFO] --- THỐNG KÊ ---
[2026-04-27 09:14:59] [INFO]   Thu hoạch: 0
[2026-04-27 09:14:59] [INFO]   Trồng cây: 0
[2026-04-27 09:14:59] [INFO]   Đơn hàng:  0
[2026-04-27 09:14:59] [INFO]   Lỗi:       0
[2026-04-27 09:15:04] [INFO] ========================================
[2026-04-27 09:15:04] [INFO] 🔄 BẮT ĐẦU CHU KỲ MỚI
[2026-04-27 09:15:04] [INFO] ========================================
[2026-04-27 09:15:04] [INFO] ⏭️ Bỏ qua thu hoạch (chưa có ảnh mẫu)
[2026-04-27 09:15:04] [INFO] ⏭️ Bỏ qua trồng cây (chưa có ảnh mẫu)
[2026-04-27 09:15:04] [INFO] 📦 Bắt đầu XỬ LÝ ĐƠN HÀNG...
[2026-04-27 09:15:05] [DEBUG] Screenshot OK: (900, 1600)
[2026-04-27 09:15:05] [INFO] Không tìm thấy dấu chấm than (!) nào
[2026-04-27 09:15:05] [INFO] Đã xử lý 0 đơn hàng
[2026-04-27 09:15:05] [INFO] --- THỐNG KÊ ---
[2026-04-27 09:15:05] [INFO]   Thu hoạch: 0
[2026-04-27 09:15:05] [INFO]   Trồng cây: 0
[2026-04-27 09:15:05] [INFO]   Đơn hàng:  0
[2026-04-27 09:15:05] [INFO]   Lỗi:       0
[2026-04-27 09:15:10] [INFO] ========================================
[2026-04-27 09:15:10] [INFO] 🔄 BẮT ĐẦU CHU KỲ MỚI
[2026-04-27 09:15:10] [INFO] ========================================
[2026-04-27 09:15:10] [INFO] ⏭️ Bỏ qua thu hoạch (chưa có ảnh mẫu)
[2026-04-27 09:15:10] [INFO] ⏭️ Bỏ qua trồng cây (chưa có ảnh mẫu)
[2026-04-27 09:15:10] [INFO] 📦 Bắt đầu XỬ LÝ ĐƠN HÀNG...
[2026-04-27 09:15:11] [DEBUG] Screenshot OK: (900, 1600)
[2026-04-27 09:15:11] [INFO] Không tìm thấy dấu chấm than (!) nào
[2026-04-27 09:15:11] [INFO] Đã xử lý 0 đơn hàng
[2026-04-27 09:15:11] [INFO] --- THỐNG KÊ ---
[2026-04-27 09:15:11] [INFO]   Thu hoạch: 0
[2026-04-27 09:15:11] [INFO]   Trồng cây: 0
[2026-04-27 09:15:11] [INFO]   Đơn hàng:  0
[2026-04-27 09:15:11] [INFO]   Lỗi:       0
[2026-04-27 09:15:16] [INFO] ========================================
[2026-04-27 09:15:16] [INFO] 🔄 BẮT ĐẦU CHU KỲ MỚI
[2026-04-27 09:15:16] [INFO] ========================================
[2026-04-27 09:15:16] [INFO] ⏭️ Bỏ qua thu hoạch (chưa có ảnh mẫu)
[2026-04-27 09:15:16] [INFO] ⏭️ Bỏ qua trồng cây (chưa có ảnh mẫu)
[2026-04-27 09:15:16] [INFO] 📦 Bắt đầu XỬ LÝ ĐƠN HÀNG...
[2026-04-27 09:15:17] [DEBUG] Screenshot OK: (900, 1600)
[2026-04-27 09:15:17] [INFO] Không tìm thấy dấu chấm than (!) nào
[2026-04-27 09:15:17] [INFO] Đã xử lý 0 đơn hàng
[2026-04-27 09:15:17] [INFO] --- THỐNG KÊ ---
[2026-04-27 09:15:17] [INFO]   Thu hoạch: 0
[2026-04-27 09:15:17] [INFO]   Trồng cây: 0
[2026-04-27 09:15:17] [INFO]   Đơn hàng:  0
[2026-04-27 09:15:17] [INFO]   Lỗi:       0
[2026-04-27 09:15:22] [INFO] ========================================
[2026-04-27 09:15:22] [INFO] 🔄 BẮT ĐẦU CHU KỲ MỚI
[2026-04-27 09:15:22] [INFO] ========================================
[2026-04-27 09:15:22] [INFO] ⏭️ Bỏ qua thu hoạch (chưa có ảnh mẫu)
[2026-04-27 09:15:22] [INFO] ⏭️ Bỏ qua trồng cây (chưa có ảnh mẫu)
[2026-04-27 09:15:22] [INFO] 📦 Bắt đầu XỬ LÝ ĐƠN HÀNG...
[2026-04-27 09:15:23] [DEBUG] Screenshot OK: (900, 1600)
[2026-04-27 09:15:23] [INFO] Không tìm thấy dấu chấm than (!) nào
[2026-04-27 09:15:23] [INFO] Đã xử lý 0 đơn hàng
[2026-04-27 09:15:23] [INFO] --- THỐNG KÊ ---
[2026-04-27 09:15:23] [INFO]   Thu hoạch: 0
[2026-04-27 09:15:23] [INFO]   Trồng cây: 0
[2026-04-27 09:15:23] [INFO]   Đơn hàng:  0
[2026-04-27 09:15:23] [INFO]   Lỗi:       0
[2026-04-27 09:15:28] [INFO] ========================================
[2026-04-27 09:15:28] [INFO] 🔄 BẮT ĐẦU CHU KỲ MỚI
[2026-04-27 09:15:28] [INFO] ========================================
[2026-04-27 09:15:28] [INFO] ⏭️ Bỏ qua thu hoạch (chưa có ảnh mẫu)
[2026-04-27 09:15:28] [INFO] ⏭️ Bỏ qua trồng cây (chưa có ảnh mẫu)
[2026-04-27 09:15:28] [INFO] 📦 Bắt đầu XỬ LÝ ĐƠN HÀNG...
[2026-04-27 09:15:29] [DEBUG] Screenshot OK: (900, 1600)
[2026-04-27 09:15:30] [INFO] Không tìm thấy dấu chấm than (!) nào
[2026-04-27 09:15:30] [INFO] Đã xử lý 0 đơn hàng
[2026-04-27 09:15:30] [INFO] --- THỐNG KÊ ---
[2026-04-27 09:15:30] [INFO]   Thu hoạch: 0
[2026-04-27 09:15:30] [INFO]   Trồng cây: 0
[2026-04-27 09:15:30] [INFO]   Đơn hàng:  0
[2026-04-27 09:15:30] [INFO]   Lỗi:       0
[2026-04-27 09:15:35] [INFO] ========================================
[2026-04-27 09:15:35] [INFO] 🔄 BẮT ĐẦU CHU KỲ MỚI
[2026-04-27 09:15:35] [INFO] ========================================
[2026-04-27 09:15:35] [INFO] ⏭️ Bỏ qua thu hoạch (chưa có ảnh mẫu)
[2026-04-27 09:15:35] [INFO] ⏭️ Bỏ qua trồng cây (chưa có ảnh mẫu)
[2026-04-27 09:15:35] [INFO] 📦 Bắt đầu XỬ LÝ ĐƠN HÀNG...
[2026-04-27 09:15:36] [DEBUG] Screenshot OK: (900, 1600)
[2026-04-27 09:15:36] [INFO] Không tìm thấy dấu chấm than (!) nào
[2026-04-27 09:15:36] [INFO] Đã xử lý 0 đơn hàng
[2026-04-27 09:15:36] [INFO] --- THỐNG KÊ ---
[2026-04-27 09:15:36] [INFO]   Thu hoạch: 0
[2026-04-27 09:15:36] [INFO]   Trồng cây: 0
[2026-04-27 09:15:36] [INFO]   Đơn hàng:  0
[2026-04-27 09:15:36] [INFO]   Lỗi:       0
[2026-04-27 09:15:41] [INFO] ========================================
[2026-04-27 09:15:41] [INFO] 🔄 BẮT ĐẦU CHU KỲ MỚI
[2026-04-27 09:15:41] [INFO] ========================================
[2026-04-27 09:15:41] [INFO] ⏭️ Bỏ qua thu hoạch (chưa có ảnh mẫu)
[2026-04-27 09:15:41] [INFO] ⏭️ Bỏ qua trồng cây (chưa có ảnh mẫu)
[2026-04-27 09:15:41] [INFO] 📦 Bắt đầu XỬ LÝ ĐƠN HÀNG...
[2026-04-27 09:15:42] [DEBUG] Screenshot OK: (900, 1600)
[2026-04-27 09:15:42] [INFO] Không tìm thấy dấu chấm than (!) nào
[2026-04-27 09:15:42] [INFO] Đã xử lý 0 đơn hàng
[2026-04-27 09:15:42] [INFO] --- THỐNG KÊ ---
[2026-04-27 09:15:42] [INFO]   Thu hoạch: 0
[2026-04-27 09:15:42] [INFO]   Trồng cây: 0
[2026-04-27 09:15:42] [INFO]   Đơn hàng:  0
[2026-04-27 09:15:42] [INFO]   Lỗi:       0
[2026-04-27 09:15:47] [INFO] ========================================
[2026-04-27 09:15:47] [INFO] 🔄 BẮT ĐẦU CHU KỲ MỚI
[2026-04-27 09:15:47] [INFO] ========================================
[2026-04-27 09:15:47] [INFO] ⏭️ Bỏ qua thu hoạch (chưa có ảnh mẫu)
[2026-04-27 09:15:47] [INFO] ⏭️ Bỏ qua trồng cây (chưa có ảnh mẫu)
[2026-04-27 09:15:47] [INFO] 📦 Bắt đầu XỬ LÝ ĐƠN HÀNG...
[2026-04-27 09:15:48] [DEBUG] Screenshot OK: (900, 1600)
[2026-04-27 09:15:48] [INFO] Không tìm thấy dấu chấm than (!) nào
[2026-04-27 09:15:48] [INFO] Đã xử lý 0 đơn hàng
[2026-04-27 09:15:48] [INFO] --- THỐNG KÊ ---
[2026-04-27 09:15:48] [INFO]   Thu hoạch: 0
[2026-04-27 09:15:48] [INFO]   Trồng cây: 0
[2026-04-27 09:15:48] [INFO]   Đơn hàng:  0
[2026-04-27 09:15:48] [INFO]   Lỗi:       0
[2026-04-27 09:15:53] [INFO] ========================================
[2026-04-27 09:15:53] [INFO] 🔄 BẮT ĐẦU CHU KỲ MỚI
[2026-04-27 09:15:53] [INFO] ========================================
[2026-04-27 09:15:53] [INFO] ⏭️ Bỏ qua thu hoạch (chưa có ảnh mẫu)
[2026-04-27 09:15:53] [INFO] ⏭️ Bỏ qua trồng cây (chưa có ảnh mẫu)
[2026-04-27 09:15:53] [INFO] 📦 Bắt đầu XỬ LÝ ĐƠN HÀNG...
[2026-04-27 09:15:54] [DEBUG] Screenshot OK: (900, 1600)
[2026-04-27 09:15:54] [INFO] Không tìm thấy dấu chấm than (!) nào
[2026-04-27 09:15:54] [INFO] Đã xử lý 0 đơn hàng
[2026-04-27 09:15:54] [INFO] --- THỐNG KÊ ---
[2026-04-27 09:15:54] [INFO]   Thu hoạch: 0
[2026-04-27 09:15:54] [INFO]   Trồng cây: 0
[2026-04-27 09:15:54] [INFO]   Đơn hàng:  0
[2026-04-27 09:15:54] [INFO]   Lỗi:       0
[2026-04-27 09:15:59] [INFO] ========================================
[2026-04-27 09:15:59] [INFO] 🔄 BẮT ĐẦU CHU KỲ MỚI
[2026-04-27 09:15:59] [INFO] ========================================
[2026-04-27 09:15:59] [INFO] ⏭️ Bỏ qua thu hoạch (chưa có ảnh mẫu)
[2026-04-27 09:15:59] [INFO] ⏭️ Bỏ qua trồng cây (chưa có ảnh mẫu)
[2026-04-27 09:15:59] [INFO] 📦 Bắt đầu XỬ LÝ ĐƠN HÀNG...
[2026-04-27 09:16:00] [DEBUG] Screenshot OK: (900, 1600)
[2026-04-27 09:16:00] [INFO] Không tìm thấy dấu chấm than (!) nào
[2026-04-27 09:16:00] [INFO] Đã xử lý 0 đơn hàng
[2026-04-27 09:16:00] [INFO] --- THỐNG KÊ ---
[2026-04-27 09:16:00] [INFO]   Thu hoạch: 0
[2026-04-27 09:16:00] [INFO]   Trồng cây: 0
[2026-04-27 09:16:00] [INFO]   Đơn hàng:  0
[2026-04-27 09:16:00] [INFO]   Lỗi:       0
[2026-04-27 09:16:03] [INFO] Tìm thấy ADB trong PATH
[2026-04-27 09:16:03] [INFO] Đang kết nối tới 127.0.0.1:5555...
[2026-04-27 09:16:05] [INFO] ✅ Đã kết nối: 127.0.0.1:5555
[2026-04-27 09:16:05] [INFO] ========================================
[2026-04-27 09:16:05] [INFO] 🔄 BẮT ĐẦU CHU KỲ MỚI
[2026-04-27 09:16:05] [INFO] ========================================
[2026-04-27 09:16:05] [INFO] ⏭️ Bỏ qua thu hoạch (chưa có ảnh mẫu)
[2026-04-27 09:16:05] [INFO] ⏭️ Bỏ qua trồng cây (chưa có ảnh mẫu)
[2026-04-27 09:16:05] [INFO] 📦 Bắt đầu XỬ LÝ ĐƠN HÀNG...
[2026-04-27 09:16:06] [DEBUG] Screenshot OK: (900, 1600)
[2026-04-27 09:16:07] [INFO] Không tìm thấy dấu chấm than (!) nào
[2026-04-27 09:16:07] [INFO] Đã xử lý 0 đơn hàng
[2026-04-27 09:16:07] [INFO] --- THỐNG KÊ ---
[2026-04-27 09:16:07] [INFO]   Thu hoạch: 0
[2026-04-27 09:16:07] [INFO]   Trồng cây: 0
[2026-04-27 09:16:07] [INFO]   Đơn hàng:  0
[2026-04-27 09:16:07] [INFO]   Lỗi:       0
[2026-04-27 09:16:12] [INFO] ========================================
[2026-04-27 09:16:12] [INFO] 🔄 BẮT ĐẦU CHU KỲ MỚI
[2026-04-27 09:16:12] [INFO] ========================================
[2026-04-27 09:16:12] [INFO] ⏭️ Bỏ qua thu hoạch (chưa có ảnh mẫu)
[2026-04-27 09:16:12] [INFO] ⏭️ Bỏ qua trồng cây (chưa có ảnh mẫu)
[2026-04-27 09:16:12] [INFO] 📦 Bắt đầu XỬ LÝ ĐƠN HÀNG...
[2026-04-27 09:16:13] [DEBUG] Screenshot OK: (900, 1600)
[2026-04-27 09:16:13] [INFO] Không tìm thấy dấu chấm than (!) nào
[2026-04-27 09:16:13] [INFO] Đã xử lý 0 đơn hàng
[2026-04-27 09:16:13] [INFO] --- THỐNG KÊ ---
[2026-04-27 09:16:13] [INFO]   Thu hoạch: 0
[2026-04-27 09:16:13] [INFO]   Trồng cây: 0
[2026-04-27 09:16:13] [INFO]   Đơn hàng:  0
[2026-04-27 09:16:13] [INFO]   Lỗi:       0
[2026-04-27 09:16:18] [INFO] ========================================
[2026-04-27 09:16:18] [INFO] 🔄 BẮT ĐẦU CHU KỲ MỚI
[2026-04-27 09:16:18] [INFO] ========================================
[2026-04-27 09:16:18] [INFO] ⏭️ Bỏ qua thu hoạch (chưa có ảnh mẫu)
[2026-04-27 09:16:18] [INFO] ⏭️ Bỏ qua trồng cây (chưa có ảnh mẫu)
[2026-04-27 09:16:18] [INFO] 📦 Bắt đầu XỬ LÝ ĐƠN HÀNG...
[2026-04-27 09:16:19] [DEBUG] Screenshot OK: (900, 1600)
[2026-04-27 09:16:19] [INFO] Không tìm thấy dấu chấm than (!) nào
[2026-04-27 09:16:19] [INFO] Đã xử lý 0 đơn hàng
[2026-04-27 09:16:19] [INFO] --- THỐNG KÊ ---
[2026-04-27 09:16:19] [INFO]   Thu hoạch: 0
[2026-04-27 09:16:19] [INFO]   Trồng cây: 0
[2026-04-27 09:16:19] [INFO]   Đơn hàng:  0
[2026-04-27 09:16:19] [INFO]   Lỗi:       0
[2026-04-27 09:16:58] [INFO] Tìm thấy ADB trong PATH
[2026-04-27 09:16:58] [INFO] Đang kết nối tới 127.0.0.1:5555...
[2026-04-27 09:17:00] [INFO] ✅ Đã kết nối: 127.0.0.1:5555
[2026-04-27 09:17:01] [DEBUG] Screenshot OK: (900, 1600)
[2026-04-27 09:17:01] [DEBUG] Found dau_cham_than_do.png at (185,528) conf=0.999
[2026-04-27 09:17:54] [DEBUG] Found dau_cham_than_vang.png at (304,1176) conf=0.984
[2026-04-27 09:19:33] [DEBUG] Found dau_cham_than_do.png at (185,528) conf=0.999
[2026-04-27 09:20:27] [DEBUG] Found dau_cham_than_vang.png at (304,1176) conf=0.984
[2026-04-27 09:21:52] [DEBUG] Found dau_cham_than_do.png at (185,528) conf=0.999
[2026-04-27 09:22:44] [DEBUG] Found dau_cham_than_vang.png at (304,1176) conf=0.984
[2026-04-27 09:25:56] [DEBUG] Found dau_cham_than_do.png at (185,528) conf=0.999
[2026-04-27 09:25:57] [DEBUG] Found dau_cham_than_vang.png at (304,1176) conf=0.984
[2026-04-27 09:28:35] [INFO] Tìm thấy ADB trong PATH
[2026-04-27 09:28:35] [INFO] ==================================================
[2026-04-27 09:28:35] [INFO] 🌱 KHỞI ĐỘNG AUTO GAME - THẾ GIỚI HOA VIÊN
[2026-04-27 09:28:35] [INFO] ==================================================
[2026-04-27 09:28:35] [INFO] Đang kết nối tới 127.0.0.1:5555...
[2026-04-27 09:28:37] [INFO] ✅ Đã kết nối: 127.0.0.1:5555
[2026-04-27 09:28:37] [INFO] Màn hình: 1600x900
[2026-04-27 09:28:37] [INFO] ========================================
[2026-04-27 09:28:37] [INFO] 🔄 BẮT ĐẦU CHU KỲ MỚI
[2026-04-27 09:28:37] [INFO] ========================================
[2026-04-27 09:28:37] [INFO] ⏭️ Bỏ qua thu hoạch (chưa có ảnh mẫu)
[2026-04-27 09:28:37] [INFO] ⏭️ Bỏ qua trồng cây (chưa có ảnh mẫu)
[2026-04-27 09:28:37] [INFO] 📦 Bắt đầu XỬ LÝ ĐƠN HÀNG...
[2026-04-27 09:28:38] [DEBUG] Screenshot OK: (900, 1600)
[2026-04-27 09:28:38] [INFO] Tìm thấy 2 dấu (!): 2 đỏ, 0 vàng
[2026-04-27 09:28:38] [INFO]   🔴 Click dấu (!) red tại (185, 528) conf=1.00
[2026-04-27 09:28:39] [DEBUG] Tap: (185, 528)
[2026-04-27 09:28:43] [DEBUG] Screenshot OK: (900, 1600)
[2026-04-27 09:28:43] [DEBUG] Found btn_chua_co_hang.png at (275,1277) conf=1.000
[2026-04-27 09:28:44] [DEBUG] Tap: (275, 1277)
[2026-04-27 09:28:44] [INFO] Tap btn_chua_co_hang.png at (275,1277)
[2026-04-27 09:28:44] [INFO]   ✅ Đã click 'Chưa có hàng'
[2026-04-27 09:28:45] [INFO]   ✅ Xử lý đơn #1
[2026-04-27 09:28:46] [INFO]   🔴 Click dấu (!) red tại (679, 552) conf=1.00
[2026-04-27 09:28:46] [DEBUG] Tap: (679, 552)
[2026-04-27 09:28:50] [DEBUG] Screenshot OK: (900, 1600)
[2026-04-27 09:28:50] [DEBUG] Found btn_chua_co_hang.png at (275,1277) conf=1.000
[2026-04-27 09:28:51] [DEBUG] Tap: (275, 1277)
[2026-04-27 09:28:51] [INFO] Tap btn_chua_co_hang.png at (275,1277)
[2026-04-27 09:28:51] [INFO]   ✅ Đã click 'Chưa có hàng'
[2026-04-27 09:28:52] [INFO]   ✅ Xử lý đơn #2
[2026-04-27 09:28:56] [DEBUG] Screenshot OK: (900, 1600)
[2026-04-27 09:28:56] [INFO] Đã xử lý 2 đơn hàng
[2026-04-27 09:28:56] [INFO] --- THỐNG KÊ ---
[2026-04-27 09:28:56] [INFO]   Thu hoạch: 0
[2026-04-27 09:28:56] [INFO]   Trồng cây: 0
[2026-04-27 09:28:56] [INFO]   Đơn hàng:  2
[2026-04-27 09:28:56] [INFO]   Lỗi:       0
[2026-04-27 09:29:01] [INFO] ========================================
[2026-04-27 09:29:01] [INFO] 🔄 BẮT ĐẦU CHU KỲ MỚI
[2026-04-27 09:29:01] [INFO] ========================================
[2026-04-27 09:29:01] [INFO] ⏭️ Bỏ qua thu hoạch (chưa có ảnh mẫu)
[2026-04-27 09:29:01] [INFO] ⏭️ Bỏ qua trồng cây (chưa có ảnh mẫu)
[2026-04-27 09:29:01] [INFO] 📦 Bắt đầu XỬ LÝ ĐƠN HÀNG...
[2026-04-27 09:29:02] [DEBUG] Screenshot OK: (900, 1600)
[2026-04-27 09:29:03] [INFO] Không tìm thấy dấu chấm than (!) nào
[2026-04-27 09:29:03] [INFO] Đã xử lý 0 đơn hàng
[2026-04-27 09:29:03] [INFO] --- THỐNG KÊ ---
[2026-04-27 09:29:03] [INFO]   Thu hoạch: 0
[2026-04-27 09:29:03] [INFO]   Trồng cây: 0
[2026-04-27 09:29:03] [INFO]   Đơn hàng:  2
[2026-04-27 09:29:03] [INFO]   Lỗi:       0
[2026-04-27 09:29:08] [INFO] ========================================
[2026-04-27 09:29:08] [INFO] 🔄 BẮT ĐẦU CHU KỲ MỚI
[2026-04-27 09:29:08] [INFO] ========================================
[2026-04-27 09:29:08] [INFO] ⏭️ Bỏ qua thu hoạch (chưa có ảnh mẫu)
[2026-04-27 09:29:08] [INFO] ⏭️ Bỏ qua trồng cây (chưa có ảnh mẫu)
[2026-04-27 09:29:08] [INFO] 📦 Bắt đầu XỬ LÝ ĐƠN HÀNG...
[2026-04-27 09:29:09] [DEBUG] Screenshot OK: (900, 1600)
[2026-04-27 09:29:10] [INFO] Không tìm thấy dấu chấm than (!) nào
[2026-04-27 09:29:10] [INFO] Đã xử lý 0 đơn hàng
[2026-04-27 09:29:10] [INFO] --- THỐNG KÊ ---
[2026-04-27 09:29:10] [INFO]   Thu hoạch: 0
[2026-04-27 09:29:10] [INFO]   Trồng cây: 0
[2026-04-27 09:29:10] [INFO]   Đơn hàng:  2
[2026-04-27 09:29:10] [INFO]   Lỗi:       0
[2026-04-27 09:29:15] [INFO] ========================================
[2026-04-27 09:29:15] [INFO] 🔄 BẮT ĐẦU CHU KỲ MỚI
[2026-04-27 09:29:15] [INFO] ========================================
[2026-04-27 09:29:15] [INFO] ⏭️ Bỏ qua thu hoạch (chưa có ảnh mẫu)
[2026-04-27 09:29:15] [INFO] ⏭️ Bỏ qua trồng cây (chưa có ảnh mẫu)
[2026-04-27 09:29:15] [INFO] 📦 Bắt đầu XỬ LÝ ĐƠN HÀNG...
[2026-04-27 09:29:16] [DEBUG] Screenshot OK: (900, 1600)
[2026-04-27 09:29:16] [INFO] Không tìm thấy dấu chấm than (!) nào
[2026-04-27 09:29:16] [INFO] Đã xử lý 0 đơn hàng
[2026-04-27 09:29:16] [INFO] --- THỐNG KÊ ---
[2026-04-27 09:29:16] [INFO]   Thu hoạch: 0
[2026-04-27 09:29:16] [INFO]   Trồng cây: 0
[2026-04-27 09:29:16] [INFO]   Đơn hàng:  2
[2026-04-27 09:29:16] [INFO]   Lỗi:       0
[2026-04-27 09:29:21] [INFO] ========================================
[2026-04-27 09:29:21] [INFO] 🔄 BẮT ĐẦU CHU KỲ MỚI
[2026-04-27 09:29:21] [INFO] ========================================
[2026-04-27 09:29:21] [INFO] ⏭️ Bỏ qua thu hoạch (chưa có ảnh mẫu)
[2026-04-27 09:29:21] [INFO] ⏭️ Bỏ qua trồng cây (chưa có ảnh mẫu)
[2026-04-27 09:29:21] [INFO] 📦 Bắt đầu XỬ LÝ ĐƠN HÀNG...
[2026-04-27 09:29:22] [DEBUG] Screenshot OK: (900, 1600)
[2026-04-27 09:29:23] [INFO] Không tìm thấy dấu chấm than (!) nào
[2026-04-27 09:29:23] [INFO] Đã xử lý 0 đơn hàng
[2026-04-27 09:29:23] [INFO] --- THỐNG KÊ ---
[2026-04-27 09:29:23] [INFO]   Thu hoạch: 0
[2026-04-27 09:29:23] [INFO]   Trồng cây: 0
[2026-04-27 09:29:23] [INFO]   Đơn hàng:  2
[2026-04-27 09:29:23] [INFO]   Lỗi:       0
[2026-04-27 09:29:28] [INFO] ========================================
[2026-04-27 09:29:28] [INFO] 🔄 BẮT ĐẦU CHU KỲ MỚI
[2026-04-27 09:29:28] [INFO] ========================================
[2026-04-27 09:29:28] [INFO] ⏭️ Bỏ qua thu hoạch (chưa có ảnh mẫu)
[2026-04-27 09:29:28] [INFO] ⏭️ Bỏ qua trồng cây (chưa có ảnh mẫu)
[2026-04-27 09:29:28] [INFO] 📦 Bắt đầu XỬ LÝ ĐƠN HÀNG...
[2026-04-27 09:29:29] [DEBUG] Screenshot OK: (900, 1600)
[2026-04-27 09:29:29] [INFO] Không tìm thấy dấu chấm than (!) nào
[2026-04-27 09:29:29] [INFO] Đã xử lý 0 đơn hàng
[2026-04-27 09:29:29] [INFO] --- THỐNG KÊ ---
[2026-04-27 09:29:29] [INFO]   Thu hoạch: 0
[2026-04-27 09:29:29] [INFO]   Trồng cây: 0
[2026-04-27 09:29:29] [INFO]   Đơn hàng:  2
[2026-04-27 09:29:29] [INFO]   Lỗi:       0
[2026-04-27 09:29:34] [INFO] ========================================
[2026-04-27 09:29:34] [INFO] 🔄 BẮT ĐẦU CHU KỲ MỚI
[2026-04-27 09:29:34] [INFO] ========================================
[2026-04-27 09:29:34] [INFO] ⏭️ Bỏ qua thu hoạch (chưa có ảnh mẫu)
[2026-04-27 09:29:34] [INFO] ⏭️ Bỏ qua trồng cây (chưa có ảnh mẫu)
[2026-04-27 09:29:34] [INFO] 📦 Bắt đầu XỬ LÝ ĐƠN HÀNG...
[2026-04-27 09:29:35] [DEBUG] Screenshot OK: (900, 1600)
[2026-04-27 09:29:36] [INFO] Không tìm thấy dấu chấm than (!) nào
[2026-04-27 09:29:36] [INFO] Đã xử lý 0 đơn hàng
[2026-04-27 09:29:36] [INFO] --- THỐNG KÊ ---
[2026-04-27 09:29:36] [INFO]   Thu hoạch: 0
[2026-04-27 09:29:36] [INFO]   Trồng cây: 0
[2026-04-27 09:29:36] [INFO]   Đơn hàng:  2
[2026-04-27 09:29:36] [INFO]   Lỗi:       0
[2026-04-27 09:29:41] [INFO] ========================================
[2026-04-27 09:29:41] [INFO] 🔄 BẮT ĐẦU CHU KỲ MỚI
[2026-04-27 09:29:41] [INFO] ========================================
[2026-04-27 09:29:41] [INFO] ⏭️ Bỏ qua thu hoạch (chưa có ảnh mẫu)
[2026-04-27 09:29:41] [INFO] ⏭️ Bỏ qua trồng cây (chưa có ảnh mẫu)
[2026-04-27 09:29:41] [INFO] 📦 Bắt đầu XỬ LÝ ĐƠN HÀNG...
[2026-04-27 09:29:41] [DEBUG] Screenshot OK: (900, 1600)
[2026-04-27 09:29:42] [INFO] Không tìm thấy dấu chấm than (!) nào
[2026-04-27 09:29:42] [INFO] Đã xử lý 0 đơn hàng
[2026-04-27 09:29:42] [INFO] --- THỐNG KÊ ---
[2026-04-27 09:29:42] [INFO]   Thu hoạch: 0
[2026-04-27 09:29:42] [INFO]   Trồng cây: 0
[2026-04-27 09:29:42] [INFO]   Đơn hàng:  2
[2026-04-27 09:29:42] [INFO]   Lỗi:       0
[2026-04-27 09:29:47] [INFO] ========================================
[2026-04-27 09:29:47] [INFO] 🔄 BẮT ĐẦU CHU KỲ MỚI
[2026-04-27 09:29:47] [INFO] ========================================
[2026-04-27 09:29:47] [INFO] ⏭️ Bỏ qua thu hoạch (chưa có ảnh mẫu)
[2026-04-27 09:29:47] [INFO] ⏭️ Bỏ qua trồng cây (chưa có ảnh mẫu)
[2026-04-27 09:29:47] [INFO] 📦 Bắt đầu XỬ LÝ ĐƠN HÀNG...
[2026-04-27 09:29:48] [DEBUG] Screenshot OK: (900, 1600)
[2026-04-27 09:29:48] [INFO] Không tìm thấy dấu chấm than (!) nào
[2026-04-27 09:29:48] [INFO] Đã xử lý 0 đơn hàng
[2026-04-27 09:29:48] [INFO] --- THỐNG KÊ ---
[2026-04-27 09:29:48] [INFO]   Thu hoạch: 0
[2026-04-27 09:29:48] [INFO]   Trồng cây: 0
[2026-04-27 09:29:48] [INFO]   Đơn hàng:  2
[2026-04-27 09:29:48] [INFO]   Lỗi:       0
[2026-04-27 09:29:53] [INFO] ========================================
[2026-04-27 09:29:53] [INFO] 🔄 BẮT ĐẦU CHU KỲ MỚI
[2026-04-27 09:29:53] [INFO] ========================================
[2026-04-27 09:29:53] [INFO] ⏭️ Bỏ qua thu hoạch (chưa có ảnh mẫu)
[2026-04-27 09:29:53] [INFO] ⏭️ Bỏ qua trồng cây (chưa có ảnh mẫu)
[2026-04-27 09:29:53] [INFO] 📦 Bắt đầu XỬ LÝ ĐƠN HÀNG...
[2026-04-27 09:29:54] [DEBUG] Screenshot OK: (900, 1600)
[2026-04-27 09:29:55] [INFO] Không tìm thấy dấu chấm than (!) nào
[2026-04-27 09:29:55] [INFO] Đã xử lý 0 đơn hàng
[2026-04-27 09:29:55] [INFO] --- THỐNG KÊ ---
[2026-04-27 09:29:55] [INFO]   Thu hoạch: 0
[2026-04-27 09:29:55] [INFO]   Trồng cây: 0
[2026-04-27 09:29:55] [INFO]   Đơn hàng:  2
[2026-04-27 09:29:55] [INFO]   Lỗi:       0
[2026-04-27 09:30:00] [INFO] ========================================
[2026-04-27 09:30:00] [INFO] 🔄 BẮT ĐẦU CHU KỲ MỚI
[2026-04-27 09:30:00] [INFO] ========================================
[2026-04-27 09:30:00] [INFO] ⏭️ Bỏ qua thu hoạch (chưa có ảnh mẫu)
[2026-04-27 09:30:00] [INFO] ⏭️ Bỏ qua trồng cây (chưa có ảnh mẫu)
[2026-04-27 09:30:00] [INFO] 📦 Bắt đầu XỬ LÝ ĐƠN HÀNG...
[2026-04-27 09:30:01] [DEBUG] Screenshot OK: (900, 1600)
[2026-04-27 09:30:01] [INFO] Không tìm thấy dấu chấm than (!) nào
[2026-04-27 09:30:01] [INFO] Đã xử lý 0 đơn hàng
[2026-04-27 09:30:01] [INFO] --- THỐNG KÊ ---
[2026-04-27 09:30:01] [INFO]   Thu hoạch: 0
[2026-04-27 09:30:01] [INFO]   Trồng cây: 0
[2026-04-27 09:30:01] [INFO]   Đơn hàng:  2
[2026-04-27 09:30:01] [INFO]   Lỗi:       0
[2026-04-27 09:30:06] [INFO] ========================================
[2026-04-27 09:30:06] [INFO] 🔄 BẮT ĐẦU CHU KỲ MỚI
[2026-04-27 09:30:06] [INFO] ========================================
[2026-04-27 09:30:06] [INFO] ⏭️ Bỏ qua thu hoạch (chưa có ảnh mẫu)
[2026-04-27 09:30:06] [INFO] ⏭️ Bỏ qua trồng cây (chưa có ảnh mẫu)
[2026-04-27 09:30:06] [INFO] 📦 Bắt đầu XỬ LÝ ĐƠN HÀNG...
[2026-04-27 09:30:07] [DEBUG] Screenshot OK: (900, 1600)
[2026-04-27 09:30:08] [INFO] Không tìm thấy dấu chấm than (!) nào
[2026-04-27 09:30:08] [INFO] Đã xử lý 0 đơn hàng
[2026-04-27 09:30:08] [INFO] --- THỐNG KÊ ---
[2026-04-27 09:30:08] [INFO]   Thu hoạch: 0
[2026-04-27 09:30:08] [INFO]   Trồng cây: 0
[2026-04-27 09:30:08] [INFO]   Đơn hàng:  2
[2026-04-27 09:30:08] [INFO]   Lỗi:       0
[2026-04-27 09:30:13] [INFO] ========================================
[2026-04-27 09:30:13] [INFO] 🔄 BẮT ĐẦU CHU KỲ MỚI
[2026-04-27 09:30:13] [INFO] ========================================
[2026-04-27 09:30:13] [INFO] ⏭️ Bỏ qua thu hoạch (chưa có ảnh mẫu)
[2026-04-27 09:30:13] [INFO] ⏭️ Bỏ qua trồng cây (chưa có ảnh mẫu)
[2026-04-27 09:30:13] [INFO] 📦 Bắt đầu XỬ LÝ ĐƠN HÀNG...
[2026-04-27 09:30:13] [DEBUG] Screenshot OK: (900, 1600)
[2026-04-27 09:30:14] [INFO] Không tìm thấy dấu chấm than (!) nào
[2026-04-27 09:30:14] [INFO] Đã xử lý 0 đơn hàng
[2026-04-27 09:30:14] [INFO] --- THỐNG KÊ ---
[2026-04-27 09:30:14] [INFO]   Thu hoạch: 0
[2026-04-27 09:30:14] [INFO]   Trồng cây: 0
[2026-04-27 09:30:14] [INFO]   Đơn hàng:  2
[2026-04-27 09:30:14] [INFO]   Lỗi:       0
[2026-04-27 09:30:19] [INFO] ========================================
[2026-04-27 09:30:19] [INFO] 🔄 BẮT ĐẦU CHU KỲ MỚI
[2026-04-27 09:30:19] [INFO] ========================================
[2026-04-27 09:30:19] [INFO] ⏭️ Bỏ qua thu hoạch (chưa có ảnh mẫu)
[2026-04-27 09:30:19] [INFO] ⏭️ Bỏ qua trồng cây (chưa có ảnh mẫu)
[2026-04-27 09:30:19] [INFO] 📦 Bắt đầu XỬ LÝ ĐƠN HÀNG...
[2026-04-27 09:30:20] [DEBUG] Screenshot OK: (900, 1600)
[2026-04-27 09:30:20] [INFO] Tìm thấy 1 dấu (!): 1 đỏ, 0 vàng
[2026-04-27 09:30:20] [INFO]   🔴 Click dấu (!) red tại (185, 500) conf=1.00
[2026-04-27 09:30:21] [DEBUG] Tap: (185, 500)
[2026-04-27 09:30:25] [DEBUG] Screenshot OK: (900, 1600)
[2026-04-27 09:30:25] [DEBUG] Found btn_chua_co_hang.png at (275,1277) conf=1.000
[2026-04-27 09:30:25] [DEBUG] Tap: (275, 1277)
[2026-04-27 09:30:25] [INFO] Tap btn_chua_co_hang.png at (275,1277)
[2026-04-27 09:30:25] [INFO]   ✅ Đã click 'Chưa có hàng'
[2026-04-27 09:30:26] [INFO]   ✅ Xử lý đơn #1
[2026-04-27 09:30:30] [DEBUG] Screenshot OK: (900, 1600)
[2026-04-27 09:30:31] [INFO] Đã xử lý 1 đơn hàng
[2026-04-27 09:30:31] [INFO] --- THỐNG KÊ ---
[2026-04-27 09:30:31] [INFO]   Thu hoạch: 0
[2026-04-27 09:30:31] [INFO]   Trồng cây: 0
[2026-04-27 09:30:31] [INFO]   Đơn hàng:  3
[2026-04-27 09:30:31] [INFO]   Lỗi:       0
[2026-04-27 09:30:36] [INFO] ========================================
[2026-04-27 09:30:36] [INFO] 🔄 BẮT ĐẦU CHU KỲ MỚI
[2026-04-27 09:30:36] [INFO] ========================================
[2026-04-27 09:30:36] [INFO] ⏭️ Bỏ qua thu hoạch (chưa có ảnh mẫu)
[2026-04-27 09:30:36] [INFO] ⏭️ Bỏ qua trồng cây (chưa có ảnh mẫu)
[2026-04-27 09:30:36] [INFO] 📦 Bắt đầu XỬ LÝ ĐƠN HÀNG...
[2026-04-27 09:30:37] [DEBUG] Screenshot OK: (900, 1600)
[2026-04-27 09:30:37] [INFO] Không tìm thấy dấu chấm than (!) nào
[2026-04-27 09:30:37] [INFO] Đã xử lý 0 đơn hàng
[2026-04-27 09:30:37] [INFO] --- THỐNG KÊ ---
[2026-04-27 09:30:37] [INFO]   Thu hoạch: 0
[2026-04-27 09:30:37] [INFO]   Trồng cây: 0
[2026-04-27 09:30:37] [INFO]   Đơn hàng:  3
[2026-04-27 09:30:37] [INFO]   Lỗi:       0
[2026-04-27 09:30:42] [INFO] ========================================
[2026-04-27 09:30:42] [INFO] 🔄 BẮT ĐẦU CHU KỲ MỚI
[2026-04-27 09:30:42] [INFO] ========================================
[2026-04-27 09:30:42] [INFO] ⏭️ Bỏ qua thu hoạch (chưa có ảnh mẫu)
[2026-04-27 09:30:42] [INFO] ⏭️ Bỏ qua trồng cây (chưa có ảnh mẫu)
[2026-04-27 09:30:42] [INFO] 📦 Bắt đầu XỬ LÝ ĐƠN HÀNG...
[2026-04-27 09:30:43] [DEBUG] Screenshot OK: (900, 1600)
[2026-04-27 09:30:44] [INFO] Không tìm thấy dấu chấm than (!) nào
[2026-04-27 09:30:44] [INFO] Đã xử lý 0 đơn hàng
[2026-04-27 09:30:44] [INFO] --- THỐNG KÊ ---
[2026-04-27 09:30:44] [INFO]   Thu hoạch: 0
[2026-04-27 09:30:44] [INFO]   Trồng cây: 0
[2026-04-27 09:30:44] [INFO]   Đơn hàng:  3
[2026-04-27 09:30:44] [INFO]   Lỗi:       0
[2026-04-27 09:30:49] [INFO] ========================================
[2026-04-27 09:30:49] [INFO] 🔄 BẮT ĐẦU CHU KỲ MỚI
[2026-04-27 09:30:49] [INFO] ========================================
[2026-04-27 09:30:49] [INFO] ⏭️ Bỏ qua thu hoạch (chưa có ảnh mẫu)
[2026-04-27 09:30:49] [INFO] ⏭️ Bỏ qua trồng cây (chưa có ảnh mẫu)
[2026-04-27 09:30:49] [INFO] 📦 Bắt đầu XỬ LÝ ĐƠN HÀNG...
[2026-04-27 09:30:50] [DEBUG] Screenshot OK: (900, 1600)
[2026-04-27 09:30:50] [INFO] Không tìm thấy dấu chấm than (!) nào
[2026-04-27 09:30:50] [INFO] Đã xử lý 0 đơn hàng
[2026-04-27 09:30:50] [INFO] --- THỐNG KÊ ---
[2026-04-27 09:30:50] [INFO]   Thu hoạch: 0
[2026-04-27 09:30:50] [INFO]   Trồng cây: 0
[2026-04-27 09:30:50] [INFO]   Đơn hàng:  3
[2026-04-27 09:30:50] [INFO]   Lỗi:       0
[2026-04-27 09:30:55] [INFO] ========================================
[2026-04-27 09:30:55] [INFO] 🔄 BẮT ĐẦU CHU KỲ MỚI
[2026-04-27 09:30:55] [INFO] ========================================
[2026-04-27 09:30:55] [INFO] ⏭️ Bỏ qua thu hoạch (chưa có ảnh mẫu)
[2026-04-27 09:30:55] [INFO] ⏭️ Bỏ qua trồng cây (chưa có ảnh mẫu)
[2026-04-27 09:30:55] [INFO] 📦 Bắt đầu XỬ LÝ ĐƠN HÀNG...
[2026-04-27 09:30:56] [DEBUG] Screenshot OK: (900, 1600)
[2026-04-27 09:30:57] [INFO] Không tìm thấy dấu chấm than (!) nào
[2026-04-27 09:30:57] [INFO] Đã xử lý 0 đơn hàng
[2026-04-27 09:30:57] [INFO] --- THỐNG KÊ ---
[2026-04-27 09:30:57] [INFO]   Thu hoạch: 0
[2026-04-27 09:30:57] [INFO]   Trồng cây: 0
[2026-04-27 09:30:57] [INFO]   Đơn hàng:  3
[2026-04-27 09:30:57] [INFO]   Lỗi:       0
[2026-04-27 09:31:02] [INFO] ========================================
[2026-04-27 09:31:02] [INFO] 🔄 BẮT ĐẦU CHU KỲ MỚI
[2026-04-27 09:31:02] [INFO] ========================================
[2026-04-27 09:31:02] [INFO] ⏭️ Bỏ qua thu hoạch (chưa có ảnh mẫu)
[2026-04-27 09:31:02] [INFO] ⏭️ Bỏ qua trồng cây (chưa có ảnh mẫu)
[2026-04-27 09:31:02] [INFO] 📦 Bắt đầu XỬ LÝ ĐƠN HÀNG...
[2026-04-27 09:31:03] [DEBUG] Screenshot OK: (900, 1600)
[2026-04-27 09:31:03] [INFO] Không tìm thấy dấu chấm than (!) nào
[2026-04-27 09:31:03] [INFO] Đã xử lý 0 đơn hàng
[2026-04-27 09:31:03] [INFO] --- THỐNG KÊ ---
[2026-04-27 09:31:03] [INFO]   Thu hoạch: 0
[2026-04-27 09:31:03] [INFO]   Trồng cây: 0
[2026-04-27 09:31:03] [INFO]   Đơn hàng:  3
[2026-04-27 09:31:03] [INFO]   Lỗi:       0
[2026-04-27 09:31:08] [INFO] ========================================
[2026-04-27 09:31:08] [INFO] 🔄 BẮT ĐẦU CHU KỲ MỚI
[2026-04-27 09:31:08] [INFO] ========================================
[2026-04-27 09:31:08] [INFO] ⏭️ Bỏ qua thu hoạch (chưa có ảnh mẫu)
[2026-04-27 09:31:08] [INFO] ⏭️ Bỏ qua trồng cây (chưa có ảnh mẫu)
[2026-04-27 09:31:08] [INFO] 📦 Bắt đầu XỬ LÝ ĐƠN HÀNG...
[2026-04-27 09:31:09] [DEBUG] Screenshot OK: (900, 1600)
[2026-04-27 09:31:09] [INFO] Không tìm thấy dấu chấm than (!) nào
[2026-04-27 09:31:09] [INFO] Đã xử lý 0 đơn hàng
[2026-04-27 09:31:09] [INFO] --- THỐNG KÊ ---
[2026-04-27 09:31:09] [INFO]   Thu hoạch: 0
[2026-04-27 09:31:09] [INFO]   Trồng cây: 0
[2026-04-27 09:31:09] [INFO]   Đơn hàng:  3
[2026-04-27 09:31:09] [INFO]   Lỗi:       0
[2026-04-27 09:31:14] [INFO] ========================================
[2026-04-27 09:31:14] [INFO] 🔄 BẮT ĐẦU CHU KỲ MỚI
[2026-04-27 09:31:14] [INFO] ========================================
[2026-04-27 09:31:14] [INFO] ⏭️ Bỏ qua thu hoạch (chưa có ảnh mẫu)
[2026-04-27 09:31:14] [INFO] ⏭️ Bỏ qua trồng cây (chưa có ảnh mẫu)
[2026-04-27 09:31:14] [INFO] 📦 Bắt đầu XỬ LÝ ĐƠN HÀNG...
[2026-04-27 09:31:16] [DEBUG] Screenshot OK: (900, 1600)
[2026-04-27 09:31:16] [INFO] Không tìm thấy dấu chấm than (!) nào
[2026-04-27 09:31:16] [INFO] Đã xử lý 0 đơn hàng
[2026-04-27 09:31:16] [INFO] --- THỐNG KÊ ---
[2026-04-27 09:31:16] [INFO]   Thu hoạch: 0
[2026-04-27 09:31:16] [INFO]   Trồng cây: 0
[2026-04-27 09:31:16] [INFO]   Đơn hàng:  3
[2026-04-27 09:31:16] [INFO]   Lỗi:       0
[2026-04-27 09:31:21] [INFO] ========================================
[2026-04-27 09:31:21] [INFO] 🔄 BẮT ĐẦU CHU KỲ MỚI
[2026-04-27 09:31:21] [INFO] ========================================
[2026-04-27 09:31:21] [INFO] ⏭️ Bỏ qua thu hoạch (chưa có ảnh mẫu)
[2026-04-27 09:31:21] [INFO] ⏭️ Bỏ qua trồng cây (chưa có ảnh mẫu)
[2026-04-27 09:31:21] [INFO] 📦 Bắt đầu XỬ LÝ ĐƠN HÀNG...
[2026-04-27 09:31:22] [DEBUG] Screenshot OK: (900, 1600)
[2026-04-27 09:31:23] [INFO] Không tìm thấy dấu chấm than (!) nào
[2026-04-27 09:31:23] [INFO] Đã xử lý 0 đơn hàng
[2026-04-27 09:31:23] [INFO] --- THỐNG KÊ ---
[2026-04-27 09:31:23] [INFO]   Thu hoạch: 0
[2026-04-27 09:31:23] [INFO]   Trồng cây: 0
[2026-04-27 09:31:23] [INFO]   Đơn hàng:  3
[2026-04-27 09:31:23] [INFO]   Lỗi:       0
[2026-04-27 09:31:28] [INFO] ========================================
[2026-04-27 09:31:28] [INFO] 🔄 BẮT ĐẦU CHU KỲ MỚI
[2026-04-27 09:31:28] [INFO] ========================================
[2026-04-27 09:31:28] [INFO] ⏭️ Bỏ qua thu hoạch (chưa có ảnh mẫu)
[2026-04-27 09:31:28] [INFO] ⏭️ Bỏ qua trồng cây (chưa có ảnh mẫu)
[2026-04-27 09:31:28] [INFO] 📦 Bắt đầu XỬ LÝ ĐƠN HÀNG...
[2026-04-27 09:31:29] [DEBUG] Screenshot OK: (900, 1600)
[2026-04-27 09:31:29] [INFO] Không tìm thấy dấu chấm than (!) nào
[2026-04-27 09:31:29] [INFO] Đã xử lý 0 đơn hàng
[2026-04-27 09:31:29] [INFO] --- THỐNG KÊ ---
[2026-04-27 09:31:29] [INFO]   Thu hoạch: 0
[2026-04-27 09:31:29] [INFO]   Trồng cây: 0
[2026-04-27 09:31:29] [INFO]   Đơn hàng:  3
[2026-04-27 09:31:29] [INFO]   Lỗi:       0
[2026-04-27 09:31:34] [INFO] ========================================
[2026-04-27 09:31:34] [INFO] 🔄 BẮT ĐẦU CHU KỲ MỚI
[2026-04-27 09:31:34] [INFO] ========================================
[2026-04-27 09:31:34] [INFO] ⏭️ Bỏ qua thu hoạch (chưa có ảnh mẫu)
[2026-04-27 09:31:34] [INFO] ⏭️ Bỏ qua trồng cây (chưa có ảnh mẫu)
[2026-04-27 09:31:34] [INFO] 📦 Bắt đầu XỬ LÝ ĐƠN HÀNG...
[2026-04-27 09:31:35] [DEBUG] Screenshot OK: (900, 1600)
[2026-04-27 09:31:35] [INFO] Không tìm thấy dấu chấm than (!) nào
[2026-04-27 09:31:35] [INFO] Đã xử lý 0 đơn hàng
[2026-04-27 09:31:35] [INFO] --- THỐNG KÊ ---
[2026-04-27 09:31:35] [INFO]   Thu hoạch: 0
[2026-04-27 09:31:35] [INFO]   Trồng cây: 0
[2026-04-27 09:31:35] [INFO]   Đơn hàng:  3
[2026-04-27 09:31:35] [INFO]   Lỗi:       0
[2026-04-27 09:31:40] [INFO] ========================================
[2026-04-27 09:31:40] [INFO] 🔄 BẮT ĐẦU CHU KỲ MỚI
[2026-04-27 09:31:40] [INFO] ========================================
[2026-04-27 09:31:40] [INFO] ⏭️ Bỏ qua thu hoạch (chưa có ảnh mẫu)
[2026-04-27 09:31:40] [INFO] ⏭️ Bỏ qua trồng cây (chưa có ảnh mẫu)
[2026-04-27 09:31:40] [INFO] 📦 Bắt đầu XỬ LÝ ĐƠN HÀNG...
[2026-04-27 09:31:41] [DEBUG] Screenshot OK: (900, 1600)
[2026-04-27 09:31:42] [INFO] Không tìm thấy dấu chấm than (!) nào
[2026-04-27 09:31:42] [INFO] Đã xử lý 0 đơn hàng
[2026-04-27 09:31:42] [INFO] --- THỐNG KÊ ---
[2026-04-27 09:31:42] [INFO]   Thu hoạch: 0
[2026-04-27 09:31:42] [INFO]   Trồng cây: 0
[2026-04-27 09:31:42] [INFO]   Đơn hàng:  3
[2026-04-27 09:31:42] [INFO]   Lỗi:       0
[2026-04-27 09:31:47] [INFO] ========================================
[2026-04-27 09:31:47] [INFO] 🔄 BẮT ĐẦU CHU KỲ MỚI
[2026-04-27 09:31:47] [INFO] ========================================
[2026-04-27 09:31:47] [INFO] ⏭️ Bỏ qua thu hoạch (chưa có ảnh mẫu)
[2026-04-27 09:31:47] [INFO] ⏭️ Bỏ qua trồng cây (chưa có ảnh mẫu)
[2026-04-27 09:31:47] [INFO] 📦 Bắt đầu XỬ LÝ ĐƠN HÀNG...
[2026-04-27 09:31:48] [DEBUG] Screenshot OK: (900, 1600)
[2026-04-27 09:31:48] [INFO] Không tìm thấy dấu chấm than (!) nào
[2026-04-27 09:31:48] [INFO] Đã xử lý 0 đơn hàng
[2026-04-27 09:31:48] [INFO] --- THỐNG KÊ ---
[2026-04-27 09:31:48] [INFO]   Thu hoạch: 0
[2026-04-27 09:31:48] [INFO]   Trồng cây: 0
[2026-04-27 09:31:48] [INFO]   Đơn hàng:  3
[2026-04-27 09:31:48] [INFO]   Lỗi:       0
[2026-04-27 09:31:53] [INFO] ========================================
[2026-04-27 09:31:53] [INFO] 🔄 BẮT ĐẦU CHU KỲ MỚI
[2026-04-27 09:31:53] [INFO] ========================================
[2026-04-27 09:31:53] [INFO] ⏭️ Bỏ qua thu hoạch (chưa có ảnh mẫu)
[2026-04-27 09:31:53] [INFO] ⏭️ Bỏ qua trồng cây (chưa có ảnh mẫu)
[2026-04-27 09:31:53] [INFO] 📦 Bắt đầu XỬ LÝ ĐƠN HÀNG...
[2026-04-27 09:31:54] [DEBUG] Screenshot OK: (900, 1600)
[2026-04-27 09:31:55] [INFO] Không tìm thấy dấu chấm than (!) nào
[2026-04-27 09:31:55] [INFO] Đã xử lý 0 đơn hàng
[2026-04-27 09:31:55] [INFO] --- THỐNG KÊ ---
[2026-04-27 09:31:55] [INFO]   Thu hoạch: 0
[2026-04-27 09:31:55] [INFO]   Trồng cây: 0
[2026-04-27 09:31:55] [INFO]   Đơn hàng:  3
[2026-04-27 09:31:55] [INFO]   Lỗi:       0
[2026-04-27 09:32:00] [INFO] ========================================
[2026-04-27 09:32:00] [INFO] 🔄 BẮT ĐẦU CHU KỲ MỚI
[2026-04-27 09:32:00] [INFO] ========================================
[2026-04-27 09:32:00] [INFO] ⏭️ Bỏ qua thu hoạch (chưa có ảnh mẫu)
[2026-04-27 09:32:00] [INFO] ⏭️ Bỏ qua trồng cây (chưa có ảnh mẫu)
[2026-04-27 09:32:00] [INFO] 📦 Bắt đầu XỬ LÝ ĐƠN HÀNG...
[2026-04-27 09:32:01] [DEBUG] Screenshot OK: (900, 1600)
[2026-04-27 09:32:01] [INFO] Không tìm thấy dấu chấm than (!) nào
[2026-04-27 09:32:01] [INFO] Đã xử lý 0 đơn hàng
[2026-04-27 09:32:01] [INFO] --- THỐNG KÊ ---
[2026-04-27 09:32:01] [INFO]   Thu hoạch: 0
[2026-04-27 09:32:01] [INFO]   Trồng cây: 0
[2026-04-27 09:32:01] [INFO]   Đơn hàng:  3
[2026-04-27 09:32:01] [INFO]   Lỗi:       0
[2026-04-27 09:36:25] [INFO] Tìm thấy ADB trong PATH
[2026-04-27 09:36:25] [INFO] Đang kết nối tới 127.0.0.1:5555...
[2026-04-27 09:36:27] [INFO] ✅ Đã kết nối: 127.0.0.1:5555
[2026-04-27 09:36:28] [DEBUG] Screenshot OK: (900, 1600)
