[2026-04-29 07:29:18] [INFO] Tìm thấy ADB trong PATH
[2026-04-29 07:29:18] [INFO] ==================================================
[2026-04-29 07:29:18] [INFO] 🌱 KHỞI ĐỘNG AUTO GAME - THẾ GIỚI HOA VIÊN
[2026-04-29 07:29:18] [INFO] ==================================================
[2026-04-29 07:29:18] [INFO] Đang kết nối tới 127.0.0.1:5555...
[2026-04-29 07:29:20] [INFO] ✅ Đã kết nối: 127.0.0.1:5555
[2026-04-29 07:29:20] [INFO] Màn hình: 1600x900
[2026-04-29 07:29:20] [INFO] ========================================
[2026-04-29 07:29:20] [INFO] 🔄 BẮT ĐẦU CHU KỲ MỚI
[2026-04-29 07:29:20] [INFO] ========================================
[2026-04-29 07:29:20] [INFO] ⏭️ Bỏ qua thu hoạch (chưa có ảnh mẫu)
[2026-04-29 07:29:20] [INFO] ⏭️ Bỏ qua trồng cây (chưa có ảnh mẫu)
[2026-04-29 07:29:20] [INFO] 📦 Bắt đầu XỬ LÝ ĐƠN HÀNG...
[2026-04-29 07:29:22] [DEBUG] Screenshot OK: (900, 1600)
[2026-04-29 07:29:22] [INFO] Tìm thấy 3 dấu (!): 0 đỏ, 3 vàng
[2026-04-29 07:29:22] [INFO]   🟡 Click dấu (!) yellow tại (186, 659) conf=0.98
[2026-04-29 07:29:23] [DEBUG] Tap: (186, 659)
[2026-04-29 07:29:27] [DEBUG] Screenshot OK: (900, 1600)
[2026-04-29 07:29:27] [DEBUG] Found btn_den_lam.png at (597,1277) conf=1.000
[2026-04-29 07:29:28] [DEBUG] Tap: (597, 1277)
[2026-04-29 07:29:28] [INFO] Tap btn_den_lam.png at (597,1277)
[2026-04-29 07:29:28] [INFO]   🔨 Đã click 'Đến làm'
[2026-04-29 07:29:31] [DEBUG] Screenshot OK: (900, 1600)
[2026-04-29 07:29:31] [DEBUG] Found btn_lam.png at (445,1477) conf=1.000
[2026-04-29 07:29:31] [DEBUG] Tap: (445, 1477)
[2026-04-29 07:29:31] [INFO]   ✅ Đã click 'Làm' tại (445, 1477)
[2026-04-29 07:29:35] [DEBUG] Screenshot OK: (900, 1600)
[2026-04-29 07:29:36] [WARNING]   Nhấn Back để đóng
[2026-04-29 07:29:36] [DEBUG] Key event: 4
[2026-04-29 07:29:40] [DEBUG] Screenshot OK: (900, 1600)
[2026-04-29 07:29:40] [WARNING]   Không tìm thấy nút 'Giao'
[2026-04-29 07:29:40] [INFO]   ✅ Xử lý đơn #1
[2026-04-29 07:29:41] [INFO]   🟡 Click dấu (!) yellow tại (680, 679) conf=0.98
[2026-04-29 07:29:41] [DEBUG] Tap: (680, 679)
[2026-04-29 07:29:45] [DEBUG] Screenshot OK: (900, 1600)
[2026-04-29 07:29:46] [DEBUG] Screenshot OK: (900, 1600)
[2026-04-29 07:29:47] [WARNING]   Nhấn Back để đóng
[2026-04-29 07:29:47] [DEBUG] Key event: 4
[2026-04-29 07:29:48] [INFO]   ✅ Xử lý đơn #2
[2026-04-29 07:29:49] [INFO]   🟡 Click dấu (!) yellow tại (564, 347) conf=0.98
[2026-04-29 07:29:49] [DEBUG] Tap: (564, 347)
[2026-04-29 07:29:53] [DEBUG] Screenshot OK: (900, 1600)
[2026-04-29 07:29:54] [DEBUG] Screenshot OK: (900, 1600)
[2026-04-29 07:29:54] [DEBUG] Found btn_close.png at (835,330) conf=1.000
[2026-04-29 07:29:55] [DEBUG] Tap: (835, 330)
[2026-04-29 07:29:55] [INFO] Tap btn_close.png at (835,330)
[2026-04-29 07:29:55] [INFO]   ❌ Đã đóng popup
[2026-04-29 07:29:56] [INFO]   ✅ Xử lý đơn #3
[2026-04-29 07:30:00] [DEBUG] Screenshot OK: (900, 1600)
[2026-04-29 07:30:01] [INFO] Tìm thấy 2 dấu (!): 0 đỏ, 2 vàng
[2026-04-29 07:30:01] [INFO]   🟡 Click dấu (!) yellow tại (683, 679) conf=0.98
[2026-04-29 07:30:01] [DEBUG] Tap: (683, 679)
[2026-04-29 07:30:05] [DEBUG] Screenshot OK: (900, 1600)
[2026-04-29 07:30:05] [DEBUG] Found btn_den_lam.png at (597,1277) conf=1.000
[2026-04-29 07:30:05] [DEBUG] Tap: (597, 1277)
[2026-04-29 07:30:06] [INFO] Tap btn_den_lam.png at (597,1277)
[2026-04-29 07:30:06] [INFO]   🔨 Đã click 'Đến làm'
[2026-04-29 07:30:08] [DEBUG] Screenshot OK: (900, 1600)
[2026-04-29 07:30:08] [DEBUG] Found btn_lam.png at (445,1477) conf=1.000
[2026-04-29 07:30:09] [DEBUG] Tap: (445, 1477)
[2026-04-29 07:30:09] [INFO]   ✅ Đã click 'Làm' tại (445, 1477)
[2026-04-29 07:30:13] [DEBUG] Screenshot OK: (900, 1600)
[2026-04-29 07:30:13] [WARNING]   Nhấn Back để đóng
[2026-04-29 07:30:13] [DEBUG] Key event: 4
[2026-04-29 07:30:17] [DEBUG] Screenshot OK: (900, 1600)
[2026-04-29 07:30:17] [WARNING]   Không tìm thấy nút 'Giao'
[2026-04-29 07:30:17] [INFO]   ✅ Xử lý đơn #4
[2026-04-29 07:30:18] [INFO]   🟡 Click dấu (!) yellow tại (568, 347) conf=0.98
[2026-04-29 07:30:19] [DEBUG] Tap: (568, 347)
[2026-04-29 07:30:23] [DEBUG] Screenshot OK: (900, 1600)
[2026-04-29 07:30:24] [DEBUG] Screenshot OK: (900, 1600)
[2026-04-29 07:30:24] [WARNING]   Nhấn Back để đóng
[2026-04-29 07:30:24] [DEBUG] Key event: 4
[2026-04-29 07:30:25] [INFO]   ✅ Xử lý đơn #5
[2026-04-29 07:30:29] [DEBUG] Screenshot OK: (900, 1600)
[2026-04-29 07:30:30] [INFO] Đã xử lý 5 đơn hàng
[2026-04-29 07:30:30] [INFO] --- THỐNG KÊ ---
[2026-04-29 07:30:30] [INFO]   Thu hoạch: 0
[2026-04-29 07:30:30] [INFO]   Trồng cây: 0
[2026-04-29 07:30:30] [INFO]   Đơn hàng:  5
[2026-04-29 07:30:30] [INFO]   Lỗi:       0
[2026-04-29 07:30:35] [INFO] ========================================
[2026-04-29 07:30:35] [INFO] 🔄 BẮT ĐẦU CHU KỲ MỚI
[2026-04-29 07:30:35] [INFO] ========================================
[2026-04-29 07:30:35] [INFO] ⏭️ Bỏ qua thu hoạch (chưa có ảnh mẫu)
[2026-04-29 07:30:35] [INFO] ⏭️ Bỏ qua trồng cây (chưa có ảnh mẫu)
[2026-04-29 07:30:35] [INFO] 📦 Bắt đầu XỬ LÝ ĐƠN HÀNG...
[2026-04-29 07:30:36] [DEBUG] Screenshot OK: (900, 1600)
[2026-04-29 07:30:36] [INFO] Không tìm thấy dấu chấm than (!) nào
[2026-04-29 07:30:36] [INFO] Đã xử lý 0 đơn hàng
[2026-04-29 07:30:36] [INFO] --- THỐNG KÊ ---
[2026-04-29 07:30:36] [INFO]   Thu hoạch: 0
[2026-04-29 07:30:36] [INFO]   Trồng cây: 0
[2026-04-29 07:30:36] [INFO]   Đơn hàng:  5
[2026-04-29 07:30:36] [INFO]   Lỗi:       0
[2026-04-29 07:30:41] [INFO] ========================================
[2026-04-29 07:30:41] [INFO] 🔄 BẮT ĐẦU CHU KỲ MỚI
[2026-04-29 07:30:41] [INFO] ========================================
[2026-04-29 07:30:41] [INFO] ⏭️ Bỏ qua thu hoạch (chưa có ảnh mẫu)
[2026-04-29 07:30:41] [INFO] ⏭️ Bỏ qua trồng cây (chưa có ảnh mẫu)
[2026-04-29 07:30:41] [INFO] 📦 Bắt đầu XỬ LÝ ĐƠN HÀNG...
[2026-04-29 07:30:43] [DEBUG] Screenshot OK: (900, 1600)
[2026-04-29 07:30:43] [INFO] Tìm thấy 1 dấu (!): 0 đỏ, 1 vàng
[2026-04-29 07:30:43] [INFO]   🟡 Click dấu (!) yellow tại (568, 347) conf=0.98
[2026-04-29 07:30:44] [DEBUG] Tap: (568, 347)
[2026-04-29 07:30:48] [DEBUG] Screenshot OK: (900, 1600)
[2026-04-29 07:30:48] [DEBUG] Found btn_den_lam.png at (611,1277) conf=0.984
[2026-04-29 07:30:48] [DEBUG] Tap: (611, 1277)
[2026-04-29 07:30:49] [INFO] Tap btn_den_lam.png at (611,1277)
[2026-04-29 07:30:49] [INFO]   🔨 Đã click 'Đến làm'
[2026-04-29 07:30:51] [DEBUG] Screenshot OK: (900, 1600)
[2026-04-29 07:30:51] [DEBUG] Found btn_lam.png at (445,1477) conf=1.000
[2026-04-29 07:30:52] [DEBUG] Tap: (445, 1477)
[2026-04-29 07:30:52] [INFO]   ✅ Đã click 'Làm' tại (445, 1477)
[2026-04-29 07:30:56] [DEBUG] Screenshot OK: (900, 1600)
[2026-04-29 07:30:56] [DEBUG] Found btn_close.png at (835,330) conf=1.000
[2026-04-29 07:30:56] [DEBUG] Tap: (835, 330)
[2026-04-29 07:30:56] [INFO] Tap btn_close.png at (835,330)
[2026-04-29 07:30:56] [INFO]   ❌ Đã đóng popup
[2026-04-29 07:31:00] [DEBUG] Screenshot OK: (900, 1600)
[2026-04-29 07:31:01] [WARNING]   Không tìm thấy nút 'Giao'
[2026-04-29 07:31:01] [INFO]   ✅ Xử lý đơn #1
[2026-04-29 07:31:05] [DEBUG] Screenshot OK: (900, 1600)
[2026-04-29 07:31:05] [INFO] Đã xử lý 1 đơn hàng
[2026-04-29 07:31:05] [INFO] --- THỐNG KÊ ---
[2026-04-29 07:31:05] [INFO]   Thu hoạch: 0
[2026-04-29 07:31:05] [INFO]   Trồng cây: 0
[2026-04-29 07:31:05] [INFO]   Đơn hàng:  6
[2026-04-29 07:31:05] [INFO]   Lỗi:       0
[2026-04-29 07:31:10] [INFO] ========================================
[2026-04-29 07:31:10] [INFO] 🔄 BẮT ĐẦU CHU KỲ MỚI
[2026-04-29 07:31:10] [INFO] ========================================
[2026-04-29 07:31:10] [INFO] ⏭️ Bỏ qua thu hoạch (chưa có ảnh mẫu)
[2026-04-29 07:31:10] [INFO] ⏭️ Bỏ qua trồng cây (chưa có ảnh mẫu)
[2026-04-29 07:31:10] [INFO] 📦 Bắt đầu XỬ LÝ ĐƠN HÀNG...
[2026-04-29 07:31:11] [DEBUG] Screenshot OK: (900, 1600)
[2026-04-29 07:31:12] [INFO] Không tìm thấy dấu chấm than (!) nào
[2026-04-29 07:31:12] [INFO] Đã xử lý 0 đơn hàng
[2026-04-29 07:31:12] [INFO] --- THỐNG KÊ ---
[2026-04-29 07:31:12] [INFO]   Thu hoạch: 0
[2026-04-29 07:31:12] [INFO]   Trồng cây: 0
[2026-04-29 07:31:12] [INFO]   Đơn hàng:  6
[2026-04-29 07:31:12] [INFO]   Lỗi:       0
[2026-04-29 07:31:17] [INFO] ========================================
[2026-04-29 07:31:17] [INFO] 🔄 BẮT ĐẦU CHU KỲ MỚI
[2026-04-29 07:31:17] [INFO] ========================================
[2026-04-29 07:31:17] [INFO] ⏭️ Bỏ qua thu hoạch (chưa có ảnh mẫu)
[2026-04-29 07:31:17] [INFO] ⏭️ Bỏ qua trồng cây (chưa có ảnh mẫu)
[2026-04-29 07:31:17] [INFO] 📦 Bắt đầu XỬ LÝ ĐƠN HÀNG...
[2026-04-29 07:31:18] [DEBUG] Screenshot OK: (900, 1600)
[2026-04-29 07:31:19] [INFO] Không tìm thấy dấu chấm than (!) nào
[2026-04-29 07:31:19] [INFO] Đã xử lý 0 đơn hàng
[2026-04-29 07:31:19] [INFO] --- THỐNG KÊ ---
[2026-04-29 07:31:19] [INFO]   Thu hoạch: 0
[2026-04-29 07:31:19] [INFO]   Trồng cây: 0
[2026-04-29 07:31:19] [INFO]   Đơn hàng:  6
[2026-04-29 07:31:19] [INFO]   Lỗi:       0
[2026-04-29 07:31:24] [INFO] ========================================
[2026-04-29 07:31:24] [INFO] 🔄 BẮT ĐẦU CHU KỲ MỚI
[2026-04-29 07:31:24] [INFO] ========================================
[2026-04-29 07:31:24] [INFO] ⏭️ Bỏ qua thu hoạch (chưa có ảnh mẫu)
[2026-04-29 07:31:24] [INFO] ⏭️ Bỏ qua trồng cây (chưa có ảnh mẫu)
[2026-04-29 07:31:24] [INFO] 📦 Bắt đầu XỬ LÝ ĐƠN HÀNG...
[2026-04-29 07:31:25] [DEBUG] Screenshot OK: (900, 1600)
[2026-04-29 07:31:26] [INFO] Không tìm thấy dấu chấm than (!) nào
[2026-04-29 07:31:26] [INFO] Đã xử lý 0 đơn hàng
[2026-04-29 07:31:26] [INFO] --- THỐNG KÊ ---
[2026-04-29 07:31:26] [INFO]   Thu hoạch: 0
[2026-04-29 07:31:26] [INFO]   Trồng cây: 0
[2026-04-29 07:31:26] [INFO]   Đơn hàng:  6
[2026-04-29 07:31:26] [INFO]   Lỗi:       0
[2026-04-29 07:31:31] [INFO] ========================================
[2026-04-29 07:31:31] [INFO] 🔄 BẮT ĐẦU CHU KỲ MỚI
[2026-04-29 07:31:31] [INFO] ========================================
[2026-04-29 07:31:31] [INFO] ⏭️ Bỏ qua thu hoạch (chưa có ảnh mẫu)
[2026-04-29 07:31:31] [INFO] ⏭️ Bỏ qua trồng cây (chưa có ảnh mẫu)
[2026-04-29 07:31:31] [INFO] 📦 Bắt đầu XỬ LÝ ĐƠN HÀNG...
[2026-04-29 07:31:32] [DEBUG] Screenshot OK: (900, 1600)
[2026-04-29 07:31:33] [INFO] Không tìm thấy dấu chấm than (!) nào
[2026-04-29 07:31:33] [INFO] Đã xử lý 0 đơn hàng
[2026-04-29 07:31:33] [INFO] --- THỐNG KÊ ---
[2026-04-29 07:31:33] [INFO]   Thu hoạch: 0
[2026-04-29 07:31:33] [INFO]   Trồng cây: 0
[2026-04-29 07:31:33] [INFO]   Đơn hàng:  6
[2026-04-29 07:31:33] [INFO]   Lỗi:       0
[2026-04-29 07:31:38] [INFO] ========================================
[2026-04-29 07:31:38] [INFO] 🔄 BẮT ĐẦU CHU KỲ MỚI
[2026-04-29 07:31:38] [INFO] ========================================
[2026-04-29 07:31:38] [INFO] ⏭️ Bỏ qua thu hoạch (chưa có ảnh mẫu)
[2026-04-29 07:31:38] [INFO] ⏭️ Bỏ qua trồng cây (chưa có ảnh mẫu)
[2026-04-29 07:31:38] [INFO] 📦 Bắt đầu XỬ LÝ ĐƠN HÀNG...
[2026-04-29 07:31:39] [DEBUG] Screenshot OK: (900, 1600)
[2026-04-29 07:31:39] [INFO] Không tìm thấy dấu chấm than (!) nào
[2026-04-29 07:31:39] [INFO] Đã xử lý 0 đơn hàng
[2026-04-29 07:31:39] [INFO] --- THỐNG KÊ ---
[2026-04-29 07:31:39] [INFO]   Thu hoạch: 0
[2026-04-29 07:31:39] [INFO]   Trồng cây: 0
[2026-04-29 07:31:39] [INFO]   Đơn hàng:  6
[2026-04-29 07:31:39] [INFO]   Lỗi:       0
[2026-04-29 07:31:44] [INFO] ========================================
[2026-04-29 07:31:44] [INFO] 🔄 BẮT ĐẦU CHU KỲ MỚI
[2026-04-29 07:31:44] [INFO] ========================================
[2026-04-29 07:31:44] [INFO] ⏭️ Bỏ qua thu hoạch (chưa có ảnh mẫu)
[2026-04-29 07:31:44] [INFO] ⏭️ Bỏ qua trồng cây (chưa có ảnh mẫu)
[2026-04-29 07:31:44] [INFO] 📦 Bắt đầu XỬ LÝ ĐƠN HÀNG...
[2026-04-29 07:31:45] [DEBUG] Screenshot OK: (900, 1600)
[2026-04-29 07:31:46] [INFO] Không tìm thấy dấu chấm than (!) nào
[2026-04-29 07:31:46] [INFO] Đã xử lý 0 đơn hàng
[2026-04-29 07:31:46] [INFO] --- THỐNG KÊ ---
[2026-04-29 07:31:46] [INFO]   Thu hoạch: 0
[2026-04-29 07:31:46] [INFO]   Trồng cây: 0
[2026-04-29 07:31:46] [INFO]   Đơn hàng:  6
[2026-04-29 07:31:46] [INFO]   Lỗi:       0
[2026-04-29 07:31:51] [INFO] ========================================
[2026-04-29 07:31:51] [INFO] 🔄 BẮT ĐẦU CHU KỲ MỚI
[2026-04-29 07:31:51] [INFO] ========================================
[2026-04-29 07:31:51] [INFO] ⏭️ Bỏ qua thu hoạch (chưa có ảnh mẫu)
[2026-04-29 07:31:51] [INFO] ⏭️ Bỏ qua trồng cây (chưa có ảnh mẫu)
[2026-04-29 07:31:51] [INFO] 📦 Bắt đầu XỬ LÝ ĐƠN HÀNG...
[2026-04-29 07:31:52] [DEBUG] Screenshot OK: (900, 1600)
[2026-04-29 07:31:52] [INFO] Không tìm thấy dấu chấm than (!) nào
[2026-04-29 07:31:52] [INFO] Đã xử lý 0 đơn hàng
[2026-04-29 07:31:52] [INFO] --- THỐNG KÊ ---
[2026-04-29 07:31:52] [INFO]   Thu hoạch: 0
[2026-04-29 07:31:52] [INFO]   Trồng cây: 0
[2026-04-29 07:31:52] [INFO]   Đơn hàng:  6
[2026-04-29 07:31:52] [INFO]   Lỗi:       0
[2026-04-29 07:31:57] [INFO] ========================================
[2026-04-29 07:31:57] [INFO] 🔄 BẮT ĐẦU CHU KỲ MỚI
[2026-04-29 07:31:57] [INFO] ========================================
[2026-04-29 07:31:57] [INFO] ⏭️ Bỏ qua thu hoạch (chưa có ảnh mẫu)
[2026-04-29 07:31:57] [INFO] ⏭️ Bỏ qua trồng cây (chưa có ảnh mẫu)
[2026-04-29 07:31:57] [INFO] 📦 Bắt đầu XỬ LÝ ĐƠN HÀNG...
[2026-04-29 07:31:58] [DEBUG] Screenshot OK: (900, 1600)
[2026-04-29 07:31:59] [INFO] Không tìm thấy dấu chấm than (!) nào
[2026-04-29 07:31:59] [INFO] Đã xử lý 0 đơn hàng
[2026-04-29 07:31:59] [INFO] --- THỐNG KÊ ---
[2026-04-29 07:31:59] [INFO]   Thu hoạch: 0
[2026-04-29 07:31:59] [INFO]   Trồng cây: 0
[2026-04-29 07:31:59] [INFO]   Đơn hàng:  6
[2026-04-29 07:31:59] [INFO]   Lỗi:       0
[2026-04-29 07:32:04] [INFO] ========================================
[2026-04-29 07:32:04] [INFO] 🔄 BẮT ĐẦU CHU KỲ MỚI
[2026-04-29 07:32:04] [INFO] ========================================
[2026-04-29 07:32:04] [INFO] ⏭️ Bỏ qua thu hoạch (chưa có ảnh mẫu)
[2026-04-29 07:32:04] [INFO] ⏭️ Bỏ qua trồng cây (chưa có ảnh mẫu)
[2026-04-29 07:32:04] [INFO] 📦 Bắt đầu XỬ LÝ ĐƠN HÀNG...
[2026-04-29 07:32:05] [DEBUG] Screenshot OK: (900, 1600)
[2026-04-29 07:32:05] [INFO] Không tìm thấy dấu chấm than (!) nào
[2026-04-29 07:32:05] [INFO] Đã xử lý 0 đơn hàng
[2026-04-29 07:32:05] [INFO] --- THỐNG KÊ ---
[2026-04-29 07:32:05] [INFO]   Thu hoạch: 0
[2026-04-29 07:32:05] [INFO]   Trồng cây: 0
[2026-04-29 07:32:05] [INFO]   Đơn hàng:  6
[2026-04-29 07:32:05] [INFO]   Lỗi:       0
[2026-04-29 07:32:10] [INFO] ========================================
[2026-04-29 07:32:10] [INFO] 🔄 BẮT ĐẦU CHU KỲ MỚI
[2026-04-29 07:32:10] [INFO] ========================================
[2026-04-29 07:32:10] [INFO] ⏭️ Bỏ qua thu hoạch (chưa có ảnh mẫu)
[2026-04-29 07:32:10] [INFO] ⏭️ Bỏ qua trồng cây (chưa có ảnh mẫu)
[2026-04-29 07:32:10] [INFO] 📦 Bắt đầu XỬ LÝ ĐƠN HÀNG...
[2026-04-29 07:32:11] [DEBUG] Screenshot OK: (900, 1600)
[2026-04-29 07:32:12] [INFO] Không tìm thấy dấu chấm than (!) nào
[2026-04-29 07:32:12] [INFO] Đã xử lý 0 đơn hàng
[2026-04-29 07:32:12] [INFO] --- THỐNG KÊ ---
[2026-04-29 07:32:12] [INFO]   Thu hoạch: 0
[2026-04-29 07:32:12] [INFO]   Trồng cây: 0
[2026-04-29 07:32:12] [INFO]   Đơn hàng:  6
[2026-04-29 07:32:12] [INFO]   Lỗi:       0
[2026-04-29 07:32:17] [INFO] ========================================
[2026-04-29 07:32:17] [INFO] 🔄 BẮT ĐẦU CHU KỲ MỚI
[2026-04-29 07:32:17] [INFO] ========================================
[2026-04-29 07:32:17] [INFO] ⏭️ Bỏ qua thu hoạch (chưa có ảnh mẫu)
[2026-04-29 07:32:17] [INFO] ⏭️ Bỏ qua trồng cây (chưa có ảnh mẫu)
[2026-04-29 07:32:17] [INFO] 📦 Bắt đầu XỬ LÝ ĐƠN HÀNG...
[2026-04-29 07:32:18] [DEBUG] Screenshot OK: (900, 1600)
[2026-04-29 07:32:18] [INFO] Không tìm thấy dấu chấm than (!) nào
[2026-04-29 07:32:18] [INFO] Đã xử lý 0 đơn hàng
[2026-04-29 07:32:18] [INFO] --- THỐNG KÊ ---
[2026-04-29 07:32:18] [INFO]   Thu hoạch: 0
[2026-04-29 07:32:18] [INFO]   Trồng cây: 0
[2026-04-29 07:32:18] [INFO]   Đơn hàng:  6
[2026-04-29 07:32:18] [INFO]   Lỗi:       0
[2026-04-29 07:32:23] [INFO] ========================================
[2026-04-29 07:32:23] [INFO] 🔄 BẮT ĐẦU CHU KỲ MỚI
[2026-04-29 07:32:23] [INFO] ========================================
[2026-04-29 07:32:23] [INFO] ⏭️ Bỏ qua thu hoạch (chưa có ảnh mẫu)
[2026-04-29 07:32:23] [INFO] ⏭️ Bỏ qua trồng cây (chưa có ảnh mẫu)
[2026-04-29 07:32:23] [INFO] 📦 Bắt đầu XỬ LÝ ĐƠN HÀNG...
[2026-04-29 07:32:25] [DEBUG] Screenshot OK: (900, 1600)
[2026-04-29 07:32:25] [INFO] Không tìm thấy dấu chấm than (!) nào
[2026-04-29 07:32:25] [INFO] Đã xử lý 0 đơn hàng
[2026-04-29 07:32:25] [INFO] --- THỐNG KÊ ---
[2026-04-29 07:32:25] [INFO]   Thu hoạch: 0
[2026-04-29 07:32:25] [INFO]   Trồng cây: 0
[2026-04-29 07:32:25] [INFO]   Đơn hàng:  6
[2026-04-29 07:32:25] [INFO]   Lỗi:       0
[2026-04-29 07:32:30] [INFO] ========================================
[2026-04-29 07:32:30] [INFO] 🔄 BẮT ĐẦU CHU KỲ MỚI
[2026-04-29 07:32:30] [INFO] ========================================
[2026-04-29 07:32:30] [INFO] ⏭️ Bỏ qua thu hoạch (chưa có ảnh mẫu)
[2026-04-29 07:32:30] [INFO] ⏭️ Bỏ qua trồng cây (chưa có ảnh mẫu)
[2026-04-29 07:32:30] [INFO] 📦 Bắt đầu XỬ LÝ ĐƠN HÀNG...
[2026-04-29 07:32:31] [DEBUG] Screenshot OK: (900, 1600)
[2026-04-29 07:32:32] [INFO] Không tìm thấy dấu chấm than (!) nào
[2026-04-29 07:32:32] [INFO] Đã xử lý 0 đơn hàng
[2026-04-29 07:32:32] [INFO] --- THỐNG KÊ ---
[2026-04-29 07:32:32] [INFO]   Thu hoạch: 0
[2026-04-29 07:32:32] [INFO]   Trồng cây: 0
[2026-04-29 07:32:32] [INFO]   Đơn hàng:  6
[2026-04-29 07:32:32] [INFO]   Lỗi:       0
[2026-04-29 07:32:37] [INFO] ========================================
[2026-04-29 07:32:37] [INFO] 🔄 BẮT ĐẦU CHU KỲ MỚI
[2026-04-29 07:32:37] [INFO] ========================================
[2026-04-29 07:32:37] [INFO] ⏭️ Bỏ qua thu hoạch (chưa có ảnh mẫu)
[2026-04-29 07:32:37] [INFO] ⏭️ Bỏ qua trồng cây (chưa có ảnh mẫu)
[2026-04-29 07:32:37] [INFO] 📦 Bắt đầu XỬ LÝ ĐƠN HÀNG...
[2026-04-29 07:32:37] [DEBUG] Screenshot OK: (900, 1600)
[2026-04-29 07:32:38] [INFO] Không tìm thấy dấu chấm than (!) nào
[2026-04-29 07:32:38] [INFO] Đã xử lý 0 đơn hàng
[2026-04-29 07:32:38] [INFO] --- THỐNG KÊ ---
[2026-04-29 07:32:38] [INFO]   Thu hoạch: 0
[2026-04-29 07:32:38] [INFO]   Trồng cây: 0
[2026-04-29 07:32:38] [INFO]   Đơn hàng:  6
[2026-04-29 07:32:38] [INFO]   Lỗi:       0
[2026-04-29 07:32:43] [INFO] ========================================
[2026-04-29 07:32:43] [INFO] 🔄 BẮT ĐẦU CHU KỲ MỚI
[2026-04-29 07:32:43] [INFO] ========================================
[2026-04-29 07:32:43] [INFO] ⏭️ Bỏ qua thu hoạch (chưa có ảnh mẫu)
[2026-04-29 07:32:43] [INFO] ⏭️ Bỏ qua trồng cây (chưa có ảnh mẫu)
[2026-04-29 07:32:43] [INFO] 📦 Bắt đầu XỬ LÝ ĐƠN HÀNG...
[2026-04-29 07:32:44] [DEBUG] Screenshot OK: (900, 1600)
[2026-04-29 07:32:45] [INFO] Không tìm thấy dấu chấm than (!) nào
[2026-04-29 07:32:45] [INFO] Đã xử lý 0 đơn hàng
[2026-04-29 07:32:45] [INFO] --- THỐNG KÊ ---
[2026-04-29 07:32:45] [INFO]   Thu hoạch: 0
[2026-04-29 07:32:45] [INFO]   Trồng cây: 0
[2026-04-29 07:32:45] [INFO]   Đơn hàng:  6
[2026-04-29 07:32:45] [INFO]   Lỗi:       0
[2026-04-29 07:32:50] [INFO] ========================================
[2026-04-29 07:32:50] [INFO] 🔄 BẮT ĐẦU CHU KỲ MỚI
[2026-04-29 07:32:50] [INFO] ========================================
[2026-04-29 07:32:50] [INFO] ⏭️ Bỏ qua thu hoạch (chưa có ảnh mẫu)
[2026-04-29 07:32:50] [INFO] ⏭️ Bỏ qua trồng cây (chưa có ảnh mẫu)
[2026-04-29 07:32:50] [INFO] 📦 Bắt đầu XỬ LÝ ĐƠN HÀNG...
[2026-04-29 07:32:51] [DEBUG] Screenshot OK: (900, 1600)
[2026-04-29 07:32:51] [INFO] Không tìm thấy dấu chấm than (!) nào
[2026-04-29 07:32:51] [INFO] Đã xử lý 0 đơn hàng
[2026-04-29 07:32:51] [INFO] --- THỐNG KÊ ---
[2026-04-29 07:32:51] [INFO]   Thu hoạch: 0
[2026-04-29 07:32:51] [INFO]   Trồng cây: 0
[2026-04-29 07:32:51] [INFO]   Đơn hàng:  6
[2026-04-29 07:32:51] [INFO]   Lỗi:       0
[2026-04-29 07:32:56] [INFO] ========================================
[2026-04-29 07:32:56] [INFO] 🔄 BẮT ĐẦU CHU KỲ MỚI
[2026-04-29 07:32:56] [INFO] ========================================
[2026-04-29 07:32:56] [INFO] ⏭️ Bỏ qua thu hoạch (chưa có ảnh mẫu)
[2026-04-29 07:32:56] [INFO] ⏭️ Bỏ qua trồng cây (chưa có ảnh mẫu)
[2026-04-29 07:32:56] [INFO] 📦 Bắt đầu XỬ LÝ ĐƠN HÀNG...
[2026-04-29 07:32:57] [DEBUG] Screenshot OK: (900, 1600)
[2026-04-29 07:32:58] [INFO] Không tìm thấy dấu chấm than (!) nào
[2026-04-29 07:32:58] [INFO] Đã xử lý 0 đơn hàng
[2026-04-29 07:32:58] [INFO] --- THỐNG KÊ ---
[2026-04-29 07:32:58] [INFO]   Thu hoạch: 0
[2026-04-29 07:32:58] [INFO]   Trồng cây: 0
[2026-04-29 07:32:58] [INFO]   Đơn hàng:  6
[2026-04-29 07:32:58] [INFO]   Lỗi:       0
[2026-04-29 07:33:03] [INFO] ========================================
[2026-04-29 07:33:03] [INFO] 🔄 BẮT ĐẦU CHU KỲ MỚI
[2026-04-29 07:33:03] [INFO] ========================================
[2026-04-29 07:33:03] [INFO] ⏭️ Bỏ qua thu hoạch (chưa có ảnh mẫu)
[2026-04-29 07:33:03] [INFO] ⏭️ Bỏ qua trồng cây (chưa có ảnh mẫu)
[2026-04-29 07:33:03] [INFO] 📦 Bắt đầu XỬ LÝ ĐƠN HÀNG...
[2026-04-29 07:33:04] [DEBUG] Screenshot OK: (900, 1600)
[2026-04-29 07:33:04] [INFO] Không tìm thấy dấu chấm than (!) nào
[2026-04-29 07:33:04] [INFO] Đã xử lý 0 đơn hàng
[2026-04-29 07:33:04] [INFO] --- THỐNG KÊ ---
[2026-04-29 07:33:04] [INFO]   Thu hoạch: 0
[2026-04-29 07:33:04] [INFO]   Trồng cây: 0
[2026-04-29 07:33:04] [INFO]   Đơn hàng:  6
[2026-04-29 07:33:04] [INFO]   Lỗi:       0
[2026-04-29 07:33:09] [INFO] ========================================
[2026-04-29 07:33:09] [INFO] 🔄 BẮT ĐẦU CHU KỲ MỚI
[2026-04-29 07:33:09] [INFO] ========================================
[2026-04-29 07:33:09] [INFO] ⏭️ Bỏ qua thu hoạch (chưa có ảnh mẫu)
[2026-04-29 07:33:09] [INFO] ⏭️ Bỏ qua trồng cây (chưa có ảnh mẫu)
[2026-04-29 07:33:09] [INFO] 📦 Bắt đầu XỬ LÝ ĐƠN HÀNG...
[2026-04-29 07:33:10] [DEBUG] Screenshot OK: (900, 1600)
[2026-04-29 07:33:11] [INFO] Không tìm thấy dấu chấm than (!) nào
[2026-04-29 07:33:11] [INFO] Đã xử lý 0 đơn hàng
[2026-04-29 07:33:11] [INFO] --- THỐNG KÊ ---
[2026-04-29 07:33:11] [INFO]   Thu hoạch: 0
[2026-04-29 07:33:11] [INFO]   Trồng cây: 0
[2026-04-29 07:33:11] [INFO]   Đơn hàng:  6
[2026-04-29 07:33:11] [INFO]   Lỗi:       0
[2026-04-29 07:33:16] [INFO] ========================================
[2026-04-29 07:33:16] [INFO] 🔄 BẮT ĐẦU CHU KỲ MỚI
[2026-04-29 07:33:16] [INFO] ========================================
[2026-04-29 07:33:16] [INFO] ⏭️ Bỏ qua thu hoạch (chưa có ảnh mẫu)
[2026-04-29 07:33:16] [INFO] ⏭️ Bỏ qua trồng cây (chưa có ảnh mẫu)
[2026-04-29 07:33:16] [INFO] 📦 Bắt đầu XỬ LÝ ĐƠN HÀNG...
[2026-04-29 07:33:17] [DEBUG] Screenshot OK: (900, 1600)
[2026-04-29 07:33:18] [INFO] Không tìm thấy dấu chấm than (!) nào
[2026-04-29 07:33:18] [INFO] Đã xử lý 0 đơn hàng
[2026-04-29 07:33:18] [INFO] --- THỐNG KÊ ---
[2026-04-29 07:33:18] [INFO]   Thu hoạch: 0
[2026-04-29 07:33:18] [INFO]   Trồng cây: 0
[2026-04-29 07:33:18] [INFO]   Đơn hàng:  6
[2026-04-29 07:33:18] [INFO]   Lỗi:       0
[2026-04-29 07:33:23] [INFO] ========================================
[2026-04-29 07:33:23] [INFO] 🔄 BẮT ĐẦU CHU KỲ MỚI
[2026-04-29 07:33:23] [INFO] ========================================
[2026-04-29 07:33:23] [INFO] ⏭️ Bỏ qua thu hoạch (chưa có ảnh mẫu)
[2026-04-29 07:33:23] [INFO] ⏭️ Bỏ qua trồng cây (chưa có ảnh mẫu)
[2026-04-29 07:33:23] [INFO] 📦 Bắt đầu XỬ LÝ ĐƠN HÀNG...
[2026-04-29 07:33:24] [DEBUG] Screenshot OK: (900, 1600)
[2026-04-29 07:33:24] [INFO] Không tìm thấy dấu chấm than (!) nào
[2026-04-29 07:33:24] [INFO] Đã xử lý 0 đơn hàng
[2026-04-29 07:33:24] [INFO] --- THỐNG KÊ ---
[2026-04-29 07:33:24] [INFO]   Thu hoạch: 0
[2026-04-29 07:33:24] [INFO]   Trồng cây: 0
[2026-04-29 07:33:24] [INFO]   Đơn hàng:  6
[2026-04-29 07:33:24] [INFO]   Lỗi:       0
[2026-04-29 07:33:29] [INFO] ========================================
[2026-04-29 07:33:29] [INFO] 🔄 BẮT ĐẦU CHU KỲ MỚI
[2026-04-29 07:33:29] [INFO] ========================================
[2026-04-29 07:33:29] [INFO] ⏭️ Bỏ qua thu hoạch (chưa có ảnh mẫu)
[2026-04-29 07:33:29] [INFO] ⏭️ Bỏ qua trồng cây (chưa có ảnh mẫu)
[2026-04-29 07:33:29] [INFO] 📦 Bắt đầu XỬ LÝ ĐƠN HÀNG...
[2026-04-29 07:33:30] [DEBUG] Screenshot OK: (900, 1600)
[2026-04-29 07:33:31] [INFO] Không tìm thấy dấu chấm than (!) nào
[2026-04-29 07:33:31] [INFO] Đã xử lý 0 đơn hàng
[2026-04-29 07:33:31] [INFO] --- THỐNG KÊ ---
[2026-04-29 07:33:31] [INFO]   Thu hoạch: 0
[2026-04-29 07:33:31] [INFO]   Trồng cây: 0
[2026-04-29 07:33:31] [INFO]   Đơn hàng:  6
[2026-04-29 07:33:31] [INFO]   Lỗi:       0
[2026-04-29 07:33:36] [INFO] ========================================
[2026-04-29 07:33:36] [INFO] 🔄 BẮT ĐẦU CHU KỲ MỚI
[2026-04-29 07:33:36] [INFO] ========================================
[2026-04-29 07:33:36] [INFO] ⏭️ Bỏ qua thu hoạch (chưa có ảnh mẫu)
[2026-04-29 07:33:36] [INFO] ⏭️ Bỏ qua trồng cây (chưa có ảnh mẫu)
[2026-04-29 07:33:36] [INFO] 📦 Bắt đầu XỬ LÝ ĐƠN HÀNG...
[2026-04-29 07:33:37] [DEBUG] Screenshot OK: (900, 1600)
[2026-04-29 07:33:37] [INFO] Không tìm thấy dấu chấm than (!) nào
[2026-04-29 07:33:37] [INFO] Đã xử lý 0 đơn hàng
[2026-04-29 07:33:37] [INFO] --- THỐNG KÊ ---
[2026-04-29 07:33:37] [INFO]   Thu hoạch: 0
[2026-04-29 07:33:37] [INFO]   Trồng cây: 0
[2026-04-29 07:33:37] [INFO]   Đơn hàng:  6
[2026-04-29 07:33:37] [INFO]   Lỗi:       0
[2026-04-29 07:33:42] [INFO] ========================================
[2026-04-29 07:33:42] [INFO] 🔄 BẮT ĐẦU CHU KỲ MỚI
[2026-04-29 07:33:42] [INFO] ========================================
[2026-04-29 07:33:42] [INFO] ⏭️ Bỏ qua thu hoạch (chưa có ảnh mẫu)
[2026-04-29 07:33:42] [INFO] ⏭️ Bỏ qua trồng cây (chưa có ảnh mẫu)
[2026-04-29 07:33:42] [INFO] 📦 Bắt đầu XỬ LÝ ĐƠN HÀNG...
[2026-04-29 07:33:43] [DEBUG] Screenshot OK: (900, 1600)
[2026-04-29 07:33:44] [INFO] Không tìm thấy dấu chấm than (!) nào
[2026-04-29 07:33:44] [INFO] Đã xử lý 0 đơn hàng
[2026-04-29 07:33:44] [INFO] --- THỐNG KÊ ---
[2026-04-29 07:33:44] [INFO]   Thu hoạch: 0
[2026-04-29 07:33:44] [INFO]   Trồng cây: 0
[2026-04-29 07:33:44] [INFO]   Đơn hàng:  6
[2026-04-29 07:33:44] [INFO]   Lỗi:       0
[2026-04-29 07:33:49] [INFO] ========================================
[2026-04-29 07:33:49] [INFO] 🔄 BẮT ĐẦU CHU KỲ MỚI
[2026-04-29 07:33:49] [INFO] ========================================
[2026-04-29 07:33:49] [INFO] ⏭️ Bỏ qua thu hoạch (chưa có ảnh mẫu)
[2026-04-29 07:33:49] [INFO] ⏭️ Bỏ qua trồng cây (chưa có ảnh mẫu)
[2026-04-29 07:33:49] [INFO] 📦 Bắt đầu XỬ LÝ ĐƠN HÀNG...
[2026-04-29 07:33:50] [DEBUG] Screenshot OK: (900, 1600)
[2026-04-29 07:33:51] [INFO] Không tìm thấy dấu chấm than (!) nào
[2026-04-29 07:33:51] [INFO] Đã xử lý 0 đơn hàng
[2026-04-29 07:33:51] [INFO] --- THỐNG KÊ ---
[2026-04-29 07:33:51] [INFO]   Thu hoạch: 0
[2026-04-29 07:33:51] [INFO]   Trồng cây: 0
[2026-04-29 07:33:51] [INFO]   Đơn hàng:  6
[2026-04-29 07:33:51] [INFO]   Lỗi:       0
[2026-04-29 07:33:56] [INFO] ========================================
[2026-04-29 07:33:56] [INFO] 🔄 BẮT ĐẦU CHU KỲ MỚI
[2026-04-29 07:33:56] [INFO] ========================================
[2026-04-29 07:33:56] [INFO] ⏭️ Bỏ qua thu hoạch (chưa có ảnh mẫu)
[2026-04-29 07:33:56] [INFO] ⏭️ Bỏ qua trồng cây (chưa có ảnh mẫu)
[2026-04-29 07:33:56] [INFO] 📦 Bắt đầu XỬ LÝ ĐƠN HÀNG...
[2026-04-29 07:33:57] [DEBUG] Screenshot OK: (900, 1600)
[2026-04-29 07:33:57] [INFO] Không tìm thấy dấu chấm than (!) nào
[2026-04-29 07:33:57] [INFO] Đã xử lý 0 đơn hàng
[2026-04-29 07:33:57] [INFO] --- THỐNG KÊ ---
[2026-04-29 07:33:57] [INFO]   Thu hoạch: 0
[2026-04-29 07:33:57] [INFO]   Trồng cây: 0
[2026-04-29 07:33:57] [INFO]   Đơn hàng:  6
[2026-04-29 07:33:57] [INFO]   Lỗi:       0
[2026-04-29 07:34:02] [INFO] ========================================
[2026-04-29 07:34:02] [INFO] 🔄 BẮT ĐẦU CHU KỲ MỚI
[2026-04-29 07:34:02] [INFO] ========================================
[2026-04-29 07:34:02] [INFO] ⏭️ Bỏ qua thu hoạch (chưa có ảnh mẫu)
[2026-04-29 07:34:02] [INFO] ⏭️ Bỏ qua trồng cây (chưa có ảnh mẫu)
[2026-04-29 07:34:02] [INFO] 📦 Bắt đầu XỬ LÝ ĐƠN HÀNG...
[2026-04-29 07:34:03] [DEBUG] Screenshot OK: (900, 1600)
[2026-04-29 07:34:04] [INFO] Không tìm thấy dấu chấm than (!) nào
[2026-04-29 07:34:04] [INFO] Đã xử lý 0 đơn hàng
[2026-04-29 07:34:04] [INFO] --- THỐNG KÊ ---
[2026-04-29 07:34:04] [INFO]   Thu hoạch: 0
[2026-04-29 07:34:04] [INFO]   Trồng cây: 0
[2026-04-29 07:34:04] [INFO]   Đơn hàng:  6
[2026-04-29 07:34:04] [INFO]   Lỗi:       0
[2026-04-29 07:34:09] [INFO] ========================================
[2026-04-29 07:34:09] [INFO] 🔄 BẮT ĐẦU CHU KỲ MỚI
[2026-04-29 07:34:09] [INFO] ========================================
[2026-04-29 07:34:09] [INFO] ⏭️ Bỏ qua thu hoạch (chưa có ảnh mẫu)
[2026-04-29 07:34:09] [INFO] ⏭️ Bỏ qua trồng cây (chưa có ảnh mẫu)
[2026-04-29 07:34:09] [INFO] 📦 Bắt đầu XỬ LÝ ĐƠN HÀNG...
[2026-04-29 07:34:10] [DEBUG] Screenshot OK: (900, 1600)
[2026-04-29 07:34:10] [INFO] Không tìm thấy dấu chấm than (!) nào
[2026-04-29 07:34:10] [INFO] Đã xử lý 0 đơn hàng
[2026-04-29 07:34:10] [INFO] --- THỐNG KÊ ---
[2026-04-29 07:34:10] [INFO]   Thu hoạch: 0
[2026-04-29 07:34:10] [INFO]   Trồng cây: 0
[2026-04-29 07:34:10] [INFO]   Đơn hàng:  6
[2026-04-29 07:34:10] [INFO]   Lỗi:       0
[2026-04-29 07:34:15] [INFO] ========================================
[2026-04-29 07:34:15] [INFO] 🔄 BẮT ĐẦU CHU KỲ MỚI
[2026-04-29 07:34:15] [INFO] ========================================
[2026-04-29 07:34:15] [INFO] ⏭️ Bỏ qua thu hoạch (chưa có ảnh mẫu)
[2026-04-29 07:34:15] [INFO] ⏭️ Bỏ qua trồng cây (chưa có ảnh mẫu)
[2026-04-29 07:34:15] [INFO] 📦 Bắt đầu XỬ LÝ ĐƠN HÀNG...
[2026-04-29 07:34:16] [DEBUG] Screenshot OK: (900, 1600)
[2026-04-29 07:34:17] [INFO] Không tìm thấy dấu chấm than (!) nào
[2026-04-29 07:34:17] [INFO] Đã xử lý 0 đơn hàng
[2026-04-29 07:34:17] [INFO] --- THỐNG KÊ ---
[2026-04-29 07:34:17] [INFO]   Thu hoạch: 0
[2026-04-29 07:34:17] [INFO]   Trồng cây: 0
[2026-04-29 07:34:17] [INFO]   Đơn hàng:  6
[2026-04-29 07:34:17] [INFO]   Lỗi:       0
[2026-04-29 07:34:22] [INFO] ========================================
[2026-04-29 07:34:22] [INFO] 🔄 BẮT ĐẦU CHU KỲ MỚI
[2026-04-29 07:34:22] [INFO] ========================================
[2026-04-29 07:34:22] [INFO] ⏭️ Bỏ qua thu hoạch (chưa có ảnh mẫu)
[2026-04-29 07:34:22] [INFO] ⏭️ Bỏ qua trồng cây (chưa có ảnh mẫu)
[2026-04-29 07:34:22] [INFO] 📦 Bắt đầu XỬ LÝ ĐƠN HÀNG...
[2026-04-29 07:34:23] [DEBUG] Screenshot OK: (900, 1600)
[2026-04-29 07:34:24] [INFO] Không tìm thấy dấu chấm than (!) nào
[2026-04-29 07:34:24] [INFO] Đã xử lý 0 đơn hàng
[2026-04-29 07:34:24] [INFO] --- THỐNG KÊ ---
[2026-04-29 07:34:24] [INFO]   Thu hoạch: 0
[2026-04-29 07:34:24] [INFO]   Trồng cây: 0
[2026-04-29 07:34:24] [INFO]   Đơn hàng:  6
[2026-04-29 07:34:24] [INFO]   Lỗi:       0
[2026-04-29 07:34:29] [INFO] ========================================
[2026-04-29 07:34:29] [INFO] 🔄 BẮT ĐẦU CHU KỲ MỚI
[2026-04-29 07:34:29] [INFO] ========================================
[2026-04-29 07:34:29] [INFO] ⏭️ Bỏ qua thu hoạch (chưa có ảnh mẫu)
[2026-04-29 07:34:29] [INFO] ⏭️ Bỏ qua trồng cây (chưa có ảnh mẫu)
[2026-04-29 07:34:29] [INFO] 📦 Bắt đầu XỬ LÝ ĐƠN HÀNG...
[2026-04-29 07:34:30] [DEBUG] Screenshot OK: (900, 1600)
[2026-04-29 07:34:30] [INFO] Không tìm thấy dấu chấm than (!) nào
[2026-04-29 07:34:30] [INFO] Đã xử lý 0 đơn hàng
[2026-04-29 07:34:30] [INFO] --- THỐNG KÊ ---
[2026-04-29 07:34:30] [INFO]   Thu hoạch: 0
[2026-04-29 07:34:30] [INFO]   Trồng cây: 0
[2026-04-29 07:34:30] [INFO]   Đơn hàng:  6
[2026-04-29 07:34:30] [INFO]   Lỗi:       0
[2026-04-29 07:34:35] [INFO] ========================================
[2026-04-29 07:34:35] [INFO] 🔄 BẮT ĐẦU CHU KỲ MỚI
[2026-04-29 07:34:35] [INFO] ========================================
[2026-04-29 07:34:35] [INFO] ⏭️ Bỏ qua thu hoạch (chưa có ảnh mẫu)
[2026-04-29 07:34:35] [INFO] ⏭️ Bỏ qua trồng cây (chưa có ảnh mẫu)
[2026-04-29 07:34:35] [INFO] 📦 Bắt đầu XỬ LÝ ĐƠN HÀNG...
[2026-04-29 07:34:36] [DEBUG] Screenshot OK: (900, 1600)
[2026-04-29 07:34:37] [INFO] Không tìm thấy dấu chấm than (!) nào
[2026-04-29 07:34:37] [INFO] Đã xử lý 0 đơn hàng
[2026-04-29 07:34:37] [INFO] --- THỐNG KÊ ---
[2026-04-29 07:34:37] [INFO]   Thu hoạch: 0
[2026-04-29 07:34:37] [INFO]   Trồng cây: 0
[2026-04-29 07:34:37] [INFO]   Đơn hàng:  6
[2026-04-29 07:34:37] [INFO]   Lỗi:       0
[2026-04-29 07:34:42] [INFO] ========================================
[2026-04-29 07:34:42] [INFO] 🔄 BẮT ĐẦU CHU KỲ MỚI
[2026-04-29 07:34:42] [INFO] ========================================
[2026-04-29 07:34:42] [INFO] ⏭️ Bỏ qua thu hoạch (chưa có ảnh mẫu)
[2026-04-29 07:34:42] [INFO] ⏭️ Bỏ qua trồng cây (chưa có ảnh mẫu)
[2026-04-29 07:34:42] [INFO] 📦 Bắt đầu XỬ LÝ ĐƠN HÀNG...
[2026-04-29 07:34:43] [DEBUG] Screenshot OK: (900, 1600)
[2026-04-29 07:34:43] [INFO] Không tìm thấy dấu chấm than (!) nào
[2026-04-29 07:34:43] [INFO] Đã xử lý 0 đơn hàng
[2026-04-29 07:34:43] [INFO] --- THỐNG KÊ ---
[2026-04-29 07:34:43] [INFO]   Thu hoạch: 0
[2026-04-29 07:34:43] [INFO]   Trồng cây: 0
[2026-04-29 07:34:43] [INFO]   Đơn hàng:  6
[2026-04-29 07:34:43] [INFO]   Lỗi:       0
[2026-04-29 07:34:48] [INFO] ========================================
[2026-04-29 07:34:48] [INFO] 🔄 BẮT ĐẦU CHU KỲ MỚI
[2026-04-29 07:34:48] [INFO] ========================================
[2026-04-29 07:34:48] [INFO] ⏭️ Bỏ qua thu hoạch (chưa có ảnh mẫu)
[2026-04-29 07:34:48] [INFO] ⏭️ Bỏ qua trồng cây (chưa có ảnh mẫu)
[2026-04-29 07:34:48] [INFO] 📦 Bắt đầu XỬ LÝ ĐƠN HÀNG...
[2026-04-29 07:34:49] [DEBUG] Screenshot OK: (900, 1600)
[2026-04-29 07:34:50] [INFO] Không tìm thấy dấu chấm than (!) nào
[2026-04-29 07:34:50] [INFO] Đã xử lý 0 đơn hàng
[2026-04-29 07:34:50] [INFO] --- THỐNG KÊ ---
[2026-04-29 07:34:50] [INFO]   Thu hoạch: 0
[2026-04-29 07:34:50] [INFO]   Trồng cây: 0
[2026-04-29 07:34:50] [INFO]   Đơn hàng:  6
[2026-04-29 07:34:50] [INFO]   Lỗi:       0
[2026-04-29 07:34:55] [INFO] ========================================
[2026-04-29 07:34:55] [INFO] 🔄 BẮT ĐẦU CHU KỲ MỚI
[2026-04-29 07:34:55] [INFO] ========================================
[2026-04-29 07:34:55] [INFO] ⏭️ Bỏ qua thu hoạch (chưa có ảnh mẫu)
[2026-04-29 07:34:55] [INFO] ⏭️ Bỏ qua trồng cây (chưa có ảnh mẫu)
[2026-04-29 07:34:55] [INFO] 📦 Bắt đầu XỬ LÝ ĐƠN HÀNG...
[2026-04-29 07:34:56] [DEBUG] Screenshot OK: (900, 1600)
[2026-04-29 07:34:56] [INFO] Không tìm thấy dấu chấm than (!) nào
[2026-04-29 07:34:56] [INFO] Đã xử lý 0 đơn hàng
[2026-04-29 07:34:56] [INFO] --- THỐNG KÊ ---
[2026-04-29 07:34:56] [INFO]   Thu hoạch: 0
[2026-04-29 07:34:56] [INFO]   Trồng cây: 0
[2026-04-29 07:34:56] [INFO]   Đơn hàng:  6
[2026-04-29 07:34:56] [INFO]   Lỗi:       0
[2026-04-29 07:35:01] [INFO] ========================================
[2026-04-29 07:35:01] [INFO] 🔄 BẮT ĐẦU CHU KỲ MỚI
[2026-04-29 07:35:01] [INFO] ========================================
[2026-04-29 07:35:01] [INFO] ⏭️ Bỏ qua thu hoạch (chưa có ảnh mẫu)
[2026-04-29 07:35:01] [INFO] ⏭️ Bỏ qua trồng cây (chưa có ảnh mẫu)
[2026-04-29 07:35:01] [INFO] 📦 Bắt đầu XỬ LÝ ĐƠN HÀNG...
[2026-04-29 07:35:02] [DEBUG] Screenshot OK: (900, 1600)
[2026-04-29 07:35:03] [INFO] Không tìm thấy dấu chấm than (!) nào
[2026-04-29 07:35:03] [INFO] Đã xử lý 0 đơn hàng
[2026-04-29 07:35:03] [INFO] --- THỐNG KÊ ---
[2026-04-29 07:35:03] [INFO]   Thu hoạch: 0
[2026-04-29 07:35:03] [INFO]   Trồng cây: 0
[2026-04-29 07:35:03] [INFO]   Đơn hàng:  6
[2026-04-29 07:35:03] [INFO]   Lỗi:       0
[2026-04-29 07:35:08] [INFO] ========================================
[2026-04-29 07:35:08] [INFO] 🔄 BẮT ĐẦU CHU KỲ MỚI
[2026-04-29 07:35:08] [INFO] ========================================
[2026-04-29 07:35:08] [INFO] ⏭️ Bỏ qua thu hoạch (chưa có ảnh mẫu)
[2026-04-29 07:35:08] [INFO] ⏭️ Bỏ qua trồng cây (chưa có ảnh mẫu)
[2026-04-29 07:35:08] [INFO] 📦 Bắt đầu XỬ LÝ ĐƠN HÀNG...
[2026-04-29 07:35:09] [DEBUG] Screenshot OK: (900, 1600)
[2026-04-29 07:35:10] [INFO] Không tìm thấy dấu chấm than (!) nào
[2026-04-29 07:35:10] [INFO] Đã xử lý 0 đơn hàng
[2026-04-29 07:35:10] [INFO] --- THỐNG KÊ ---
[2026-04-29 07:35:10] [INFO]   Thu hoạch: 0
[2026-04-29 07:35:10] [INFO]   Trồng cây: 0
[2026-04-29 07:35:10] [INFO]   Đơn hàng:  6
[2026-04-29 07:35:10] [INFO]   Lỗi:       0
[2026-04-29 07:35:15] [INFO] ========================================
[2026-04-29 07:35:15] [INFO] 🔄 BẮT ĐẦU CHU KỲ MỚI
[2026-04-29 07:35:15] [INFO] ========================================
[2026-04-29 07:35:15] [INFO] ⏭️ Bỏ qua thu hoạch (chưa có ảnh mẫu)
[2026-04-29 07:35:15] [INFO] ⏭️ Bỏ qua trồng cây (chưa có ảnh mẫu)
[2026-04-29 07:35:15] [INFO] 📦 Bắt đầu XỬ LÝ ĐƠN HÀNG...
[2026-04-29 07:35:16] [DEBUG] Screenshot OK: (900, 1600)
[2026-04-29 07:35:16] [INFO] Không tìm thấy dấu chấm than (!) nào
[2026-04-29 07:35:16] [INFO] Đã xử lý 0 đơn hàng
[2026-04-29 07:35:16] [INFO] --- THỐNG KÊ ---
[2026-04-29 07:35:16] [INFO]   Thu hoạch: 0
[2026-04-29 07:35:16] [INFO]   Trồng cây: 0
[2026-04-29 07:35:16] [INFO]   Đơn hàng:  6
[2026-04-29 07:35:16] [INFO]   Lỗi:       0
[2026-04-29 07:35:21] [INFO] ========================================
[2026-04-29 07:35:21] [INFO] 🔄 BẮT ĐẦU CHU KỲ MỚI
[2026-04-29 07:35:21] [INFO] ========================================
[2026-04-29 07:35:21] [INFO] ⏭️ Bỏ qua thu hoạch (chưa có ảnh mẫu)
[2026-04-29 07:35:21] [INFO] ⏭️ Bỏ qua trồng cây (chưa có ảnh mẫu)
[2026-04-29 07:35:21] [INFO] 📦 Bắt đầu XỬ LÝ ĐƠN HÀNG...
[2026-04-29 07:35:22] [DEBUG] Screenshot OK: (900, 1600)
[2026-04-29 07:35:23] [INFO] Không tìm thấy dấu chấm than (!) nào
[2026-04-29 07:35:23] [INFO] Đã xử lý 0 đơn hàng
[2026-04-29 07:35:23] [INFO] --- THỐNG KÊ ---
[2026-04-29 07:35:23] [INFO]   Thu hoạch: 0
[2026-04-29 07:35:23] [INFO]   Trồng cây: 0
[2026-04-29 07:35:23] [INFO]   Đơn hàng:  6
[2026-04-29 07:35:23] [INFO]   Lỗi:       0
[2026-04-29 07:35:28] [INFO] ========================================
[2026-04-29 07:35:28] [INFO] 🔄 BẮT ĐẦU CHU KỲ MỚI
[2026-04-29 07:35:28] [INFO] ========================================
[2026-04-29 07:35:28] [INFO] ⏭️ Bỏ qua thu hoạch (chưa có ảnh mẫu)
[2026-04-29 07:35:28] [INFO] ⏭️ Bỏ qua trồng cây (chưa có ảnh mẫu)
[2026-04-29 07:35:28] [INFO] 📦 Bắt đầu XỬ LÝ ĐƠN HÀNG...
[2026-04-29 07:35:29] [DEBUG] Screenshot OK: (900, 1600)
[2026-04-29 07:35:29] [INFO] Không tìm thấy dấu chấm than (!) nào
[2026-04-29 07:35:29] [INFO] Đã xử lý 0 đơn hàng
[2026-04-29 07:35:29] [INFO] --- THỐNG KÊ ---
[2026-04-29 07:35:29] [INFO]   Thu hoạch: 0
[2026-04-29 07:35:29] [INFO]   Trồng cây: 0
[2026-04-29 07:35:29] [INFO]   Đơn hàng:  6
[2026-04-29 07:35:29] [INFO]   Lỗi:       0
[2026-04-29 07:35:34] [INFO] ========================================
[2026-04-29 07:35:34] [INFO] 🔄 BẮT ĐẦU CHU KỲ MỚI
[2026-04-29 07:35:34] [INFO] ========================================
[2026-04-29 07:35:34] [INFO] ⏭️ Bỏ qua thu hoạch (chưa có ảnh mẫu)
[2026-04-29 07:35:34] [INFO] ⏭️ Bỏ qua trồng cây (chưa có ảnh mẫu)
[2026-04-29 07:35:34] [INFO] 📦 Bắt đầu XỬ LÝ ĐƠN HÀNG...
[2026-04-29 07:35:35] [DEBUG] Screenshot OK: (900, 1600)
[2026-04-29 07:35:36] [INFO] Không tìm thấy dấu chấm than (!) nào
[2026-04-29 07:35:36] [INFO] Đã xử lý 0 đơn hàng
[2026-04-29 07:35:36] [INFO] --- THỐNG KÊ ---
[2026-04-29 07:35:36] [INFO]   Thu hoạch: 0
[2026-04-29 07:35:36] [INFO]   Trồng cây: 0
[2026-04-29 07:35:36] [INFO]   Đơn hàng:  6
[2026-04-29 07:35:36] [INFO]   Lỗi:       0
[2026-04-29 07:35:41] [INFO] ========================================
[2026-04-29 07:35:41] [INFO] 🔄 BẮT ĐẦU CHU KỲ MỚI
[2026-04-29 07:35:41] [INFO] ========================================
[2026-04-29 07:35:41] [INFO] ⏭️ Bỏ qua thu hoạch (chưa có ảnh mẫu)
[2026-04-29 07:35:41] [INFO] ⏭️ Bỏ qua trồng cây (chưa có ảnh mẫu)
[2026-04-29 07:35:41] [INFO] 📦 Bắt đầu XỬ LÝ ĐƠN HÀNG...
[2026-04-29 07:35:42] [DEBUG] Screenshot OK: (900, 1600)
[2026-04-29 07:35:43] [INFO] Không tìm thấy dấu chấm than (!) nào
[2026-04-29 07:35:43] [INFO] Đã xử lý 0 đơn hàng
[2026-04-29 07:35:43] [INFO] --- THỐNG KÊ ---
[2026-04-29 07:35:43] [INFO]   Thu hoạch: 0
[2026-04-29 07:35:43] [INFO]   Trồng cây: 0
[2026-04-29 07:35:43] [INFO]   Đơn hàng:  6
[2026-04-29 07:35:43] [INFO]   Lỗi:       0
[2026-04-29 07:35:48] [INFO] ========================================
[2026-04-29 07:35:48] [INFO] 🔄 BẮT ĐẦU CHU KỲ MỚI
[2026-04-29 07:35:48] [INFO] ========================================
[2026-04-29 07:35:48] [INFO] ⏭️ Bỏ qua thu hoạch (chưa có ảnh mẫu)
[2026-04-29 07:35:48] [INFO] ⏭️ Bỏ qua trồng cây (chưa có ảnh mẫu)
[2026-04-29 07:35:48] [INFO] 📦 Bắt đầu XỬ LÝ ĐƠN HÀNG...
[2026-04-29 07:35:49] [DEBUG] Screenshot OK: (900, 1600)
[2026-04-29 07:35:49] [INFO] Không tìm thấy dấu chấm than (!) nào
[2026-04-29 07:35:49] [INFO] Đã xử lý 0 đơn hàng
[2026-04-29 07:35:49] [INFO] --- THỐNG KÊ ---
[2026-04-29 07:35:49] [INFO]   Thu hoạch: 0
[2026-04-29 07:35:49] [INFO]   Trồng cây: 0
[2026-04-29 07:35:49] [INFO]   Đơn hàng:  6
[2026-04-29 07:35:49] [INFO]   Lỗi:       0
[2026-04-29 07:35:54] [INFO] ========================================
[2026-04-29 07:35:54] [INFO] 🔄 BẮT ĐẦU CHU KỲ MỚI
[2026-04-29 07:35:54] [INFO] ========================================
[2026-04-29 07:35:54] [INFO] ⏭️ Bỏ qua thu hoạch (chưa có ảnh mẫu)
[2026-04-29 07:35:54] [INFO] ⏭️ Bỏ qua trồng cây (chưa có ảnh mẫu)
[2026-04-29 07:35:54] [INFO] 📦 Bắt đầu XỬ LÝ ĐƠN HÀNG...
[2026-04-29 07:35:55] [DEBUG] Screenshot OK: (900, 1600)
[2026-04-29 07:35:56] [INFO] Không tìm thấy dấu chấm than (!) nào
[2026-04-29 07:35:56] [INFO] Đã xử lý 0 đơn hàng
[2026-04-29 07:35:56] [INFO] --- THỐNG KÊ ---
[2026-04-29 07:35:56] [INFO]   Thu hoạch: 0
[2026-04-29 07:35:56] [INFO]   Trồng cây: 0
[2026-04-29 07:35:56] [INFO]   Đơn hàng:  6
[2026-04-29 07:35:56] [INFO]   Lỗi:       0
[2026-04-29 07:36:01] [INFO] ========================================
[2026-04-29 07:36:01] [INFO] 🔄 BẮT ĐẦU CHU KỲ MỚI
[2026-04-29 07:36:01] [INFO] ========================================
[2026-04-29 07:36:01] [INFO] ⏭️ Bỏ qua thu hoạch (chưa có ảnh mẫu)
[2026-04-29 07:36:01] [INFO] ⏭️ Bỏ qua trồng cây (chưa có ảnh mẫu)
[2026-04-29 07:36:01] [INFO] 📦 Bắt đầu XỬ LÝ ĐƠN HÀNG...
[2026-04-29 07:36:02] [DEBUG] Screenshot OK: (900, 1600)
[2026-04-29 07:36:03] [INFO] Không tìm thấy dấu chấm than (!) nào
[2026-04-29 07:36:03] [INFO] Đã xử lý 0 đơn hàng
[2026-04-29 07:36:03] [INFO] --- THỐNG KÊ ---
[2026-04-29 07:36:03] [INFO]   Thu hoạch: 0
[2026-04-29 07:36:03] [INFO]   Trồng cây: 0
[2026-04-29 07:36:03] [INFO]   Đơn hàng:  6
[2026-04-29 07:36:03] [INFO]   Lỗi:       0
[2026-04-29 07:36:08] [INFO] ========================================
[2026-04-29 07:36:08] [INFO] 🔄 BẮT ĐẦU CHU KỲ MỚI
[2026-04-29 07:36:08] [INFO] ========================================
[2026-04-29 07:36:08] [INFO] ⏭️ Bỏ qua thu hoạch (chưa có ảnh mẫu)
[2026-04-29 07:36:08] [INFO] ⏭️ Bỏ qua trồng cây (chưa có ảnh mẫu)
[2026-04-29 07:36:08] [INFO] 📦 Bắt đầu XỬ LÝ ĐƠN HÀNG...
[2026-04-29 07:36:09] [DEBUG] Screenshot OK: (900, 1600)
[2026-04-29 07:36:09] [INFO] Không tìm thấy dấu chấm than (!) nào
[2026-04-29 07:36:09] [INFO] Đã xử lý 0 đơn hàng
[2026-04-29 07:36:09] [INFO] --- THỐNG KÊ ---
[2026-04-29 07:36:09] [INFO]   Thu hoạch: 0
[2026-04-29 07:36:09] [INFO]   Trồng cây: 0
[2026-04-29 07:36:09] [INFO]   Đơn hàng:  6
[2026-04-29 07:36:09] [INFO]   Lỗi:       0
[2026-04-29 07:36:14] [INFO] ========================================
[2026-04-29 07:36:14] [INFO] 🔄 BẮT ĐẦU CHU KỲ MỚI
[2026-04-29 07:36:14] [INFO] ========================================
[2026-04-29 07:36:14] [INFO] ⏭️ Bỏ qua thu hoạch (chưa có ảnh mẫu)
[2026-04-29 07:36:14] [INFO] ⏭️ Bỏ qua trồng cây (chưa có ảnh mẫu)
[2026-04-29 07:36:14] [INFO] 📦 Bắt đầu XỬ LÝ ĐƠN HÀNG...
[2026-04-29 07:36:15] [DEBUG] Screenshot OK: (900, 1600)
[2026-04-29 07:36:16] [INFO] Không tìm thấy dấu chấm than (!) nào
[2026-04-29 07:36:16] [INFO] Đã xử lý 0 đơn hàng
[2026-04-29 07:36:16] [INFO] --- THỐNG KÊ ---
[2026-04-29 07:36:16] [INFO]   Thu hoạch: 0
[2026-04-29 07:36:16] [INFO]   Trồng cây: 0
[2026-04-29 07:36:16] [INFO]   Đơn hàng:  6
[2026-04-29 07:36:16] [INFO]   Lỗi:       0
[2026-04-29 07:36:21] [INFO] ========================================
[2026-04-29 07:36:21] [INFO] 🔄 BẮT ĐẦU CHU KỲ MỚI
[2026-04-29 07:36:21] [INFO] ========================================
[2026-04-29 07:36:21] [INFO] ⏭️ Bỏ qua thu hoạch (chưa có ảnh mẫu)
[2026-04-29 07:36:21] [INFO] ⏭️ Bỏ qua trồng cây (chưa có ảnh mẫu)
[2026-04-29 07:36:21] [INFO] 📦 Bắt đầu XỬ LÝ ĐƠN HÀNG...
[2026-04-29 07:36:22] [DEBUG] Screenshot OK: (900, 1600)
[2026-04-29 07:36:22] [INFO] Không tìm thấy dấu chấm than (!) nào
[2026-04-29 07:36:22] [INFO] Đã xử lý 0 đơn hàng
[2026-04-29 07:36:22] [INFO] --- THỐNG KÊ ---
[2026-04-29 07:36:22] [INFO]   Thu hoạch: 0
[2026-04-29 07:36:22] [INFO]   Trồng cây: 0
[2026-04-29 07:36:22] [INFO]   Đơn hàng:  6
[2026-04-29 07:36:22] [INFO]   Lỗi:       0
[2026-04-29 07:36:27] [INFO] ========================================
[2026-04-29 07:36:27] [INFO] 🔄 BẮT ĐẦU CHU KỲ MỚI
[2026-04-29 07:36:27] [INFO] ========================================
[2026-04-29 07:36:27] [INFO] ⏭️ Bỏ qua thu hoạch (chưa có ảnh mẫu)
[2026-04-29 07:36:27] [INFO] ⏭️ Bỏ qua trồng cây (chưa có ảnh mẫu)
[2026-04-29 07:36:27] [INFO] 📦 Bắt đầu XỬ LÝ ĐƠN HÀNG...
[2026-04-29 07:36:28] [DEBUG] Screenshot OK: (900, 1600)
[2026-04-29 07:36:30] [INFO] Không tìm thấy dấu chấm than (!) nào
[2026-04-29 07:36:30] [INFO] Đã xử lý 0 đơn hàng
[2026-04-29 07:36:30] [INFO] --- THỐNG KÊ ---
[2026-04-29 07:36:30] [INFO]   Thu hoạch: 0
[2026-04-29 07:36:30] [INFO]   Trồng cây: 0
[2026-04-29 07:36:30] [INFO]   Đơn hàng:  6
[2026-04-29 07:36:30] [INFO]   Lỗi:       0
[2026-04-29 07:36:35] [INFO] ========================================
[2026-04-29 07:36:35] [INFO] 🔄 BẮT ĐẦU CHU KỲ MỚI
[2026-04-29 07:36:35] [INFO] ========================================
[2026-04-29 07:36:35] [INFO] ⏭️ Bỏ qua thu hoạch (chưa có ảnh mẫu)
[2026-04-29 07:36:35] [INFO] ⏭️ Bỏ qua trồng cây (chưa có ảnh mẫu)
[2026-04-29 07:36:35] [INFO] 📦 Bắt đầu XỬ LÝ ĐƠN HÀNG...
[2026-04-29 07:36:36] [DEBUG] Screenshot OK: (900, 1600)
[2026-04-29 07:36:37] [INFO] Không tìm thấy dấu chấm than (!) nào
[2026-04-29 07:36:37] [INFO] Đã xử lý 0 đơn hàng
[2026-04-29 07:36:37] [INFO] --- THỐNG KÊ ---
[2026-04-29 07:36:37] [INFO]   Thu hoạch: 0
[2026-04-29 07:36:37] [INFO]   Trồng cây: 0
[2026-04-29 07:36:37] [INFO]   Đơn hàng:  6
[2026-04-29 07:36:37] [INFO]   Lỗi:       0
[2026-04-29 07:36:42] [INFO] ========================================
[2026-04-29 07:36:42] [INFO] 🔄 BẮT ĐẦU CHU KỲ MỚI
[2026-04-29 07:36:42] [INFO] ========================================
[2026-04-29 07:36:42] [INFO] ⏭️ Bỏ qua thu hoạch (chưa có ảnh mẫu)
[2026-04-29 07:36:42] [INFO] ⏭️ Bỏ qua trồng cây (chưa có ảnh mẫu)
[2026-04-29 07:36:42] [INFO] 📦 Bắt đầu XỬ LÝ ĐƠN HÀNG...
[2026-04-29 07:36:43] [DEBUG] Screenshot OK: (900, 1600)
[2026-04-29 07:36:43] [INFO] Không tìm thấy dấu chấm than (!) nào
[2026-04-29 07:36:43] [INFO] Đã xử lý 0 đơn hàng
[2026-04-29 07:36:43] [INFO] --- THỐNG KÊ ---
[2026-04-29 07:36:43] [INFO]   Thu hoạch: 0
[2026-04-29 07:36:43] [INFO]   Trồng cây: 0
[2026-04-29 07:36:43] [INFO]   Đơn hàng:  6
[2026-04-29 07:36:43] [INFO]   Lỗi:       0
[2026-04-29 07:36:48] [INFO] ========================================
[2026-04-29 07:36:48] [INFO] 🔄 BẮT ĐẦU CHU KỲ MỚI
[2026-04-29 07:36:48] [INFO] ========================================
[2026-04-29 07:36:48] [INFO] ⏭️ Bỏ qua thu hoạch (chưa có ảnh mẫu)
[2026-04-29 07:36:48] [INFO] ⏭️ Bỏ qua trồng cây (chưa có ảnh mẫu)
[2026-04-29 07:36:48] [INFO] 📦 Bắt đầu XỬ LÝ ĐƠN HÀNG...
[2026-04-29 07:36:49] [DEBUG] Screenshot OK: (900, 1600)
[2026-04-29 07:36:50] [INFO] Không tìm thấy dấu chấm than (!) nào
[2026-04-29 07:36:50] [INFO] Đã xử lý 0 đơn hàng
[2026-04-29 07:36:50] [INFO] --- THỐNG KÊ ---
[2026-04-29 07:36:50] [INFO]   Thu hoạch: 0
[2026-04-29 07:36:50] [INFO]   Trồng cây: 0
[2026-04-29 07:36:50] [INFO]   Đơn hàng:  6
[2026-04-29 07:36:50] [INFO]   Lỗi:       0
[2026-04-29 07:36:55] [INFO] ========================================
[2026-04-29 07:36:55] [INFO] 🔄 BẮT ĐẦU CHU KỲ MỚI
[2026-04-29 07:36:55] [INFO] ========================================
[2026-04-29 07:36:55] [INFO] ⏭️ Bỏ qua thu hoạch (chưa có ảnh mẫu)
[2026-04-29 07:36:55] [INFO] ⏭️ Bỏ qua trồng cây (chưa có ảnh mẫu)
[2026-04-29 07:36:55] [INFO] 📦 Bắt đầu XỬ LÝ ĐƠN HÀNG...
[2026-04-29 07:36:56] [DEBUG] Screenshot OK: (900, 1600)
[2026-04-29 07:36:57] [INFO] Không tìm thấy dấu chấm than (!) nào
[2026-04-29 07:36:57] [INFO] Đã xử lý 0 đơn hàng
[2026-04-29 07:36:57] [INFO] --- THỐNG KÊ ---
[2026-04-29 07:36:57] [INFO]   Thu hoạch: 0
[2026-04-29 07:36:57] [INFO]   Trồng cây: 0
[2026-04-29 07:36:57] [INFO]   Đơn hàng:  6
[2026-04-29 07:36:57] [INFO]   Lỗi:       0
[2026-04-29 07:37:02] [INFO] ========================================
[2026-04-29 07:37:02] [INFO] 🔄 BẮT ĐẦU CHU KỲ MỚI
[2026-04-29 07:37:02] [INFO] ========================================
[2026-04-29 07:37:02] [INFO] ⏭️ Bỏ qua thu hoạch (chưa có ảnh mẫu)
[2026-04-29 07:37:02] [INFO] ⏭️ Bỏ qua trồng cây (chưa có ảnh mẫu)
[2026-04-29 07:37:02] [INFO] 📦 Bắt đầu XỬ LÝ ĐƠN HÀNG...
[2026-04-29 07:37:03] [DEBUG] Screenshot OK: (900, 1600)
[2026-04-29 07:37:03] [INFO] Không tìm thấy dấu chấm than (!) nào
[2026-04-29 07:37:03] [INFO] Đã xử lý 0 đơn hàng
[2026-04-29 07:37:03] [INFO] --- THỐNG KÊ ---
[2026-04-29 07:37:03] [INFO]   Thu hoạch: 0
[2026-04-29 07:37:03] [INFO]   Trồng cây: 0
[2026-04-29 07:37:03] [INFO]   Đơn hàng:  6
[2026-04-29 07:37:03] [INFO]   Lỗi:       0
[2026-04-29 07:37:08] [INFO] ========================================
[2026-04-29 07:37:08] [INFO] 🔄 BẮT ĐẦU CHU KỲ MỚI
[2026-04-29 07:37:08] [INFO] ========================================
[2026-04-29 07:37:08] [INFO] ⏭️ Bỏ qua thu hoạch (chưa có ảnh mẫu)
[2026-04-29 07:37:08] [INFO] ⏭️ Bỏ qua trồng cây (chưa có ảnh mẫu)
[2026-04-29 07:37:08] [INFO] 📦 Bắt đầu XỬ LÝ ĐƠN HÀNG...
[2026-04-29 07:37:09] [DEBUG] Screenshot OK: (900, 1600)
[2026-04-29 07:37:11] [INFO] Không tìm thấy dấu chấm than (!) nào
[2026-04-29 07:37:11] [INFO] Đã xử lý 0 đơn hàng
[2026-04-29 07:37:11] [INFO] --- THỐNG KÊ ---
[2026-04-29 07:37:11] [INFO]   Thu hoạch: 0
[2026-04-29 07:37:11] [INFO]   Trồng cây: 0
[2026-04-29 07:37:11] [INFO]   Đơn hàng:  6
[2026-04-29 07:37:11] [INFO]   Lỗi:       0
[2026-04-29 07:37:16] [INFO] ========================================
[2026-04-29 07:37:16] [INFO] 🔄 BẮT ĐẦU CHU KỲ MỚI
[2026-04-29 07:37:16] [INFO] ========================================
[2026-04-29 07:37:16] [INFO] ⏭️ Bỏ qua thu hoạch (chưa có ảnh mẫu)
[2026-04-29 07:37:16] [INFO] ⏭️ Bỏ qua trồng cây (chưa có ảnh mẫu)
[2026-04-29 07:37:16] [INFO] 📦 Bắt đầu XỬ LÝ ĐƠN HÀNG...
[2026-04-29 07:37:17] [DEBUG] Screenshot OK: (900, 1600)
[2026-04-29 07:37:18] [INFO] Tìm thấy 1 dấu (!): 1 đỏ, 0 vàng
[2026-04-29 07:37:18] [INFO]   🔴 Click dấu (!) red tại (614, 491) conf=1.00
[2026-04-29 07:37:19] [DEBUG] Tap: (614, 491)
[2026-04-29 07:37:23] [DEBUG] Screenshot OK: (900, 1600)
[2026-04-29 07:37:23] [DEBUG] Found btn_chua_co_hang.png at (275,1277) conf=1.000
[2026-04-29 07:37:23] [DEBUG] Tap: (275, 1277)
[2026-04-29 07:37:24] [INFO] Tap btn_chua_co_hang.png at (275,1277)
[2026-04-29 07:37:24] [INFO]   ✅ Đã click 'Chưa có hàng'
[2026-04-29 07:37:25] [INFO]   ✅ Xử lý đơn #1
[2026-04-29 07:37:29] [DEBUG] Screenshot OK: (900, 1600)
[2026-04-29 07:37:29] [INFO] Tìm thấy 1 dấu (!): 0 đỏ, 1 vàng
[2026-04-29 07:37:29] [INFO]   🟡 Click dấu (!) yellow tại (236, 730) conf=0.98
[2026-04-29 07:37:29] [DEBUG] Tap: (236, 730)
[2026-04-29 07:37:34] [DEBUG] Screenshot OK: (900, 1600)
[2026-04-29 07:37:34] [DEBUG] Found btn_den_lam.png at (597,1277) conf=1.000
[2026-04-29 07:37:34] [DEBUG] Tap: (597, 1277)
[2026-04-29 07:37:34] [INFO] Tap btn_den_lam.png at (597,1277)
[2026-04-29 07:37:34] [INFO]   🔨 Đã click 'Đến làm'
[2026-04-29 07:37:37] [DEBUG] Screenshot OK: (900, 1600)
[2026-04-29 07:37:37] [DEBUG] Found btn_lam.png at (445,1477) conf=0.990
[2026-04-29 07:37:37] [DEBUG] Tap: (445, 1477)
[2026-04-29 07:37:38] [INFO]   ✅ Đã click 'Làm' tại (445, 1477)
[2026-04-29 07:37:42] [DEBUG] Screenshot OK: (900, 1600)
[2026-04-29 07:37:42] [WARNING]   Nhấn Back để đóng
[2026-04-29 07:37:42] [DEBUG] Key event: 4
[2026-04-29 07:37:46] [DEBUG] Screenshot OK: (900, 1600)
[2026-04-29 07:37:46] [WARNING]   Không tìm thấy nút 'Giao'
[2026-04-29 07:37:46] [INFO]   ✅ Xử lý đơn #2
[2026-04-29 07:37:50] [DEBUG] Screenshot OK: (900, 1600)
[2026-04-29 07:37:51] [INFO] Đã xử lý 2 đơn hàng
[2026-04-29 07:37:51] [INFO] --- THỐNG KÊ ---
[2026-04-29 07:37:51] [INFO]   Thu hoạch: 0
[2026-04-29 07:37:51] [INFO]   Trồng cây: 0
[2026-04-29 07:37:51] [INFO]   Đơn hàng:  8
[2026-04-29 07:37:51] [INFO]   Lỗi:       0
[2026-04-29 07:37:56] [INFO] ========================================
[2026-04-29 07:37:56] [INFO] 🔄 BẮT ĐẦU CHU KỲ MỚI
[2026-04-29 07:37:56] [INFO] ========================================
[2026-04-29 07:37:56] [INFO] ⏭️ Bỏ qua thu hoạch (chưa có ảnh mẫu)
[2026-04-29 07:37:56] [INFO] ⏭️ Bỏ qua trồng cây (chưa có ảnh mẫu)
[2026-04-29 07:37:56] [INFO] 📦 Bắt đầu XỬ LÝ ĐƠN HÀNG...
[2026-04-29 07:37:57] [DEBUG] Screenshot OK: (900, 1600)
[2026-04-29 07:37:57] [INFO] Không tìm thấy dấu chấm than (!) nào
[2026-04-29 07:37:57] [INFO] Đã xử lý 0 đơn hàng
[2026-04-29 07:37:57] [INFO] --- THỐNG KÊ ---
[2026-04-29 07:37:57] [INFO]   Thu hoạch: 0
[2026-04-29 07:37:57] [INFO]   Trồng cây: 0
[2026-04-29 07:37:57] [INFO]   Đơn hàng:  8
[2026-04-29 07:37:57] [INFO]   Lỗi:       0
[2026-04-29 07:38:02] [INFO] ========================================
[2026-04-29 07:38:02] [INFO] 🔄 BẮT ĐẦU CHU KỲ MỚI
[2026-04-29 07:38:02] [INFO] ========================================
[2026-04-29 07:38:02] [INFO] ⏭️ Bỏ qua thu hoạch (chưa có ảnh mẫu)
[2026-04-29 07:38:02] [INFO] ⏭️ Bỏ qua trồng cây (chưa có ảnh mẫu)
[2026-04-29 07:38:02] [INFO] 📦 Bắt đầu XỬ LÝ ĐƠN HÀNG...
[2026-04-29 07:38:03] [DEBUG] Screenshot OK: (900, 1600)
[2026-04-29 07:38:04] [INFO] Không tìm thấy dấu chấm than (!) nào
[2026-04-29 07:38:04] [INFO] Đã xử lý 0 đơn hàng
[2026-04-29 07:38:04] [INFO] --- THỐNG KÊ ---
[2026-04-29 07:38:04] [INFO]   Thu hoạch: 0
[2026-04-29 07:38:04] [INFO]   Trồng cây: 0
[2026-04-29 07:38:04] [INFO]   Đơn hàng:  8
[2026-04-29 07:38:04] [INFO]   Lỗi:       0
[2026-04-29 07:43:48] [INFO] Tìm thấy ADB trong PATH
[2026-04-29 07:43:48] [INFO] ==================================================
[2026-04-29 07:43:48] [INFO] 🌱 KHỞI ĐỘNG AUTO GAME - THẾ GIỚI HOA VIÊN
[2026-04-29 07:43:48] [INFO] ==================================================
[2026-04-29 07:43:48] [INFO] Đang kết nối tới 127.0.0.1:5555...
[2026-04-29 07:43:50] [INFO] ✅ Đã kết nối: 127.0.0.1:5555
[2026-04-29 07:43:50] [INFO] Màn hình: 1600x900
[2026-04-29 07:43:50] [INFO] ========================================
[2026-04-29 07:43:50] [INFO] 🔄 BẮT ĐẦU CHU KỲ MỚI
[2026-04-29 07:43:50] [INFO] ========================================
[2026-04-29 07:43:50] [INFO] ⏭️ Bỏ qua thu hoạch (chưa có ảnh mẫu)
[2026-04-29 07:43:50] [INFO] ⏭️ Bỏ qua trồng cây (chưa có ảnh mẫu)
[2026-04-29 07:43:50] [INFO] 📦 Bắt đầu XỬ LÝ ĐƠN HÀNG...
[2026-04-29 07:43:52] [DEBUG] Screenshot OK: (900, 1600)
[2026-04-29 07:43:52] [INFO] Tìm thấy 3 dấu (!): 3 đỏ, 0 vàng
[2026-04-29 07:43:52] [INFO]   🔴 Click dấu (!) red tại (200, 686) conf=1.00
[2026-04-29 07:43:53] [DEBUG] Tap: (200, 686)
[2026-04-29 07:43:57] [DEBUG] Screenshot OK: (900, 1600)
[2026-04-29 07:43:57] [DEBUG] Found btn_chua_co_hang.png at (275,1277) conf=1.000
[2026-04-29 07:43:57] [DEBUG] Tap: (275, 1277)
[2026-04-29 07:43:58] [INFO] Tap btn_chua_co_hang.png at (275,1277)
[2026-04-29 07:43:58] [INFO]   ✅ Đã click 'Chưa có hàng'
[2026-04-29 07:43:59] [INFO]   ✅ Xử lý đơn #1
[2026-04-29 07:44:00] [INFO]   🔴 Click dấu (!) red tại (578, 384) conf=1.00
[2026-04-29 07:44:00] [DEBUG] Tap: (578, 384)
[2026-04-29 07:44:04] [DEBUG] Screenshot OK: (900, 1600)
[2026-04-29 07:44:04] [DEBUG] Found btn_chua_co_hang.png at (275,1277) conf=1.000
[2026-04-29 07:44:04] [DEBUG] Tap: (275, 1277)
[2026-04-29 07:44:05] [INFO] Tap btn_chua_co_hang.png at (275,1277)
[2026-04-29 07:44:05] [INFO]   ✅ Đã click 'Chưa có hàng'
[2026-04-29 07:44:06] [INFO]   ✅ Xử lý đơn #2
[2026-04-29 07:44:07] [INFO]   🔴 Click dấu (!) red tại (694, 710) conf=1.00
[2026-04-29 07:44:07] [DEBUG] Tap: (694, 710)
[2026-04-29 07:44:11] [DEBUG] Screenshot OK: (900, 1600)
[2026-04-29 07:44:11] [DEBUG] Found btn_chua_co_hang.png at (275,1277) conf=1.000
[2026-04-29 07:44:11] [DEBUG] Tap: (275, 1277)
[2026-04-29 07:44:12] [INFO] Tap btn_chua_co_hang.png at (275,1277)
[2026-04-29 07:44:12] [INFO]   ✅ Đã click 'Chưa có hàng'
[2026-04-29 07:44:13] [INFO]   ✅ Xử lý đơn #3
[2026-04-29 07:44:17] [DEBUG] Screenshot OK: (900, 1600)
[2026-04-29 07:44:17] [INFO] Đã xử lý 3 đơn hàng
[2026-04-29 07:44:17] [INFO] --- THỐNG KÊ ---
[2026-04-29 07:44:17] [INFO]   Thu hoạch: 0
[2026-04-29 07:44:17] [INFO]   Trồng cây: 0
[2026-04-29 07:44:17] [INFO]   Đơn hàng:  3
[2026-04-29 07:44:17] [INFO]   Lỗi:       0
[2026-04-29 07:44:22] [INFO] ========================================
[2026-04-29 07:44:22] [INFO] 🔄 BẮT ĐẦU CHU KỲ MỚI
[2026-04-29 07:44:22] [INFO] ========================================
[2026-04-29 07:44:22] [INFO] ⏭️ Bỏ qua thu hoạch (chưa có ảnh mẫu)
[2026-04-29 07:44:22] [INFO] ⏭️ Bỏ qua trồng cây (chưa có ảnh mẫu)
[2026-04-29 07:44:22] [INFO] 📦 Bắt đầu XỬ LÝ ĐƠN HÀNG...
[2026-04-29 07:44:23] [DEBUG] Screenshot OK: (900, 1600)
[2026-04-29 07:44:24] [INFO] Không tìm thấy dấu chấm than (!) nào
[2026-04-29 07:44:24] [INFO] Đã xử lý 0 đơn hàng
[2026-04-29 07:44:24] [INFO] --- THỐNG KÊ ---
[2026-04-29 07:44:24] [INFO]   Thu hoạch: 0
[2026-04-29 07:44:24] [INFO]   Trồng cây: 0
[2026-04-29 07:44:24] [INFO]   Đơn hàng:  3
[2026-04-29 07:44:24] [INFO]   Lỗi:       0
[2026-04-29 07:44:29] [INFO] ========================================
[2026-04-29 07:44:29] [INFO] 🔄 BẮT ĐẦU CHU KỲ MỚI
[2026-04-29 07:44:29] [INFO] ========================================
[2026-04-29 07:44:29] [INFO] ⏭️ Bỏ qua thu hoạch (chưa có ảnh mẫu)
[2026-04-29 07:44:29] [INFO] ⏭️ Bỏ qua trồng cây (chưa có ảnh mẫu)
[2026-04-29 07:44:29] [INFO] 📦 Bắt đầu XỬ LÝ ĐƠN HÀNG...
[2026-04-29 07:44:30] [DEBUG] Screenshot OK: (900, 1600)
[2026-04-29 07:44:31] [INFO] Không tìm thấy dấu chấm than (!) nào
[2026-04-29 07:44:31] [INFO] Đã xử lý 0 đơn hàng
[2026-04-29 07:44:31] [INFO] --- THỐNG KÊ ---
[2026-04-29 07:44:31] [INFO]   Thu hoạch: 0
[2026-04-29 07:44:31] [INFO]   Trồng cây: 0
[2026-04-29 07:44:31] [INFO]   Đơn hàng:  3
[2026-04-29 07:44:31] [INFO]   Lỗi:       0
[2026-04-29 07:44:36] [INFO] ========================================
[2026-04-29 07:44:36] [INFO] 🔄 BẮT ĐẦU CHU KỲ MỚI
[2026-04-29 07:44:36] [INFO] ========================================
[2026-04-29 07:44:36] [INFO] ⏭️ Bỏ qua thu hoạch (chưa có ảnh mẫu)
[2026-04-29 07:44:36] [INFO] ⏭️ Bỏ qua trồng cây (chưa có ảnh mẫu)
[2026-04-29 07:44:36] [INFO] 📦 Bắt đầu XỬ LÝ ĐƠN HÀNG...
[2026-04-29 07:44:37] [DEBUG] Screenshot OK: (900, 1600)
[2026-04-29 07:44:37] [INFO] Không tìm thấy dấu chấm than (!) nào
[2026-04-29 07:44:37] [INFO] Đã xử lý 0 đơn hàng
[2026-04-29 07:44:37] [INFO] --- THỐNG KÊ ---
[2026-04-29 07:44:37] [INFO]   Thu hoạch: 0
[2026-04-29 07:44:37] [INFO]   Trồng cây: 0
[2026-04-29 07:44:37] [INFO]   Đơn hàng:  3
[2026-04-29 07:44:37] [INFO]   Lỗi:       0
[2026-04-29 07:44:42] [INFO] ========================================
[2026-04-29 07:44:42] [INFO] 🔄 BẮT ĐẦU CHU KỲ MỚI
[2026-04-29 07:44:42] [INFO] ========================================
[2026-04-29 07:44:42] [INFO] ⏭️ Bỏ qua thu hoạch (chưa có ảnh mẫu)
[2026-04-29 07:44:42] [INFO] ⏭️ Bỏ qua trồng cây (chưa có ảnh mẫu)
[2026-04-29 07:44:42] [INFO] 📦 Bắt đầu XỬ LÝ ĐƠN HÀNG...
[2026-04-29 07:44:43] [DEBUG] Screenshot OK: (900, 1600)
[2026-04-29 07:44:44] [INFO] Không tìm thấy dấu chấm than (!) nào
[2026-04-29 07:44:44] [INFO] Đã xử lý 0 đơn hàng
[2026-04-29 07:44:44] [INFO] --- THỐNG KÊ ---
[2026-04-29 07:44:44] [INFO]   Thu hoạch: 0
[2026-04-29 07:44:44] [INFO]   Trồng cây: 0
[2026-04-29 07:44:44] [INFO]   Đơn hàng:  3
[2026-04-29 07:44:44] [INFO]   Lỗi:       0
[2026-04-29 07:44:49] [INFO] ========================================
[2026-04-29 07:44:49] [INFO] 🔄 BẮT ĐẦU CHU KỲ MỚI
[2026-04-29 07:44:49] [INFO] ========================================
[2026-04-29 07:44:49] [INFO] ⏭️ Bỏ qua thu hoạch (chưa có ảnh mẫu)
[2026-04-29 07:44:49] [INFO] ⏭️ Bỏ qua trồng cây (chưa có ảnh mẫu)
[2026-04-29 07:44:49] [INFO] 📦 Bắt đầu XỬ LÝ ĐƠN HÀNG...
[2026-04-29 07:44:50] [DEBUG] Screenshot OK: (900, 1600)
[2026-04-29 07:44:50] [INFO] Không tìm thấy dấu chấm than (!) nào
[2026-04-29 07:44:50] [INFO] Đã xử lý 0 đơn hàng
[2026-04-29 07:44:50] [INFO] --- THỐNG KÊ ---
[2026-04-29 07:44:50] [INFO]   Thu hoạch: 0
[2026-04-29 07:44:50] [INFO]   Trồng cây: 0
[2026-04-29 07:44:50] [INFO]   Đơn hàng:  3
[2026-04-29 07:44:50] [INFO]   Lỗi:       0
[2026-04-29 07:44:55] [INFO] ========================================
[2026-04-29 07:44:55] [INFO] 🔄 BẮT ĐẦU CHU KỲ MỚI
[2026-04-29 07:44:55] [INFO] ========================================
[2026-04-29 07:44:55] [INFO] ⏭️ Bỏ qua thu hoạch (chưa có ảnh mẫu)
[2026-04-29 07:44:55] [INFO] ⏭️ Bỏ qua trồng cây (chưa có ảnh mẫu)
[2026-04-29 07:44:55] [INFO] 📦 Bắt đầu XỬ LÝ ĐƠN HÀNG...
[2026-04-29 07:44:56] [DEBUG] Screenshot OK: (900, 1600)
[2026-04-29 07:44:57] [INFO] Không tìm thấy dấu chấm than (!) nào
[2026-04-29 07:44:57] [INFO] Đã xử lý 0 đơn hàng
[2026-04-29 07:44:57] [INFO] --- THỐNG KÊ ---
[2026-04-29 07:44:57] [INFO]   Thu hoạch: 0
[2026-04-29 07:44:57] [INFO]   Trồng cây: 0
[2026-04-29 07:44:57] [INFO]   Đơn hàng:  3
[2026-04-29 07:44:57] [INFO]   Lỗi:       0
[2026-04-29 07:45:02] [INFO] ========================================
[2026-04-29 07:45:02] [INFO] 🔄 BẮT ĐẦU CHU KỲ MỚI
[2026-04-29 07:45:02] [INFO] ========================================
[2026-04-29 07:45:02] [INFO] ⏭️ Bỏ qua thu hoạch (chưa có ảnh mẫu)
[2026-04-29 07:45:02] [INFO] ⏭️ Bỏ qua trồng cây (chưa có ảnh mẫu)
[2026-04-29 07:45:02] [INFO] 📦 Bắt đầu XỬ LÝ ĐƠN HÀNG...
[2026-04-29 07:45:03] [DEBUG] Screenshot OK: (900, 1600)
[2026-04-29 07:45:04] [INFO] Không tìm thấy dấu chấm than (!) nào
[2026-04-29 07:45:04] [INFO] Đã xử lý 0 đơn hàng
[2026-04-29 07:45:04] [INFO] --- THỐNG KÊ ---
[2026-04-29 07:45:04] [INFO]   Thu hoạch: 0
[2026-04-29 07:45:04] [INFO]   Trồng cây: 0
[2026-04-29 07:45:04] [INFO]   Đơn hàng:  3
[2026-04-29 07:45:04] [INFO]   Lỗi:       0
[2026-04-29 07:45:09] [INFO] ========================================
[2026-04-29 07:45:09] [INFO] 🔄 BẮT ĐẦU CHU KỲ MỚI
[2026-04-29 07:45:09] [INFO] ========================================
[2026-04-29 07:45:09] [INFO] ⏭️ Bỏ qua thu hoạch (chưa có ảnh mẫu)
[2026-04-29 07:45:09] [INFO] ⏭️ Bỏ qua trồng cây (chưa có ảnh mẫu)
[2026-04-29 07:45:09] [INFO] 📦 Bắt đầu XỬ LÝ ĐƠN HÀNG...
[2026-04-29 07:45:10] [DEBUG] Screenshot OK: (900, 1600)
[2026-04-29 07:45:10] [INFO] Không tìm thấy dấu chấm than (!) nào
[2026-04-29 07:45:10] [INFO] Đã xử lý 0 đơn hàng
[2026-04-29 07:45:10] [INFO] --- THỐNG KÊ ---
[2026-04-29 07:45:10] [INFO]   Thu hoạch: 0
[2026-04-29 07:45:10] [INFO]   Trồng cây: 0
[2026-04-29 07:45:10] [INFO]   Đơn hàng:  3
[2026-04-29 07:45:10] [INFO]   Lỗi:       0
[2026-04-29 07:45:15] [INFO] ========================================
[2026-04-29 07:45:15] [INFO] 🔄 BẮT ĐẦU CHU KỲ MỚI
[2026-04-29 07:45:15] [INFO] ========================================
[2026-04-29 07:45:15] [INFO] ⏭️ Bỏ qua thu hoạch (chưa có ảnh mẫu)
[2026-04-29 07:45:15] [INFO] ⏭️ Bỏ qua trồng cây (chưa có ảnh mẫu)
[2026-04-29 07:45:15] [INFO] 📦 Bắt đầu XỬ LÝ ĐƠN HÀNG...
[2026-04-29 07:45:16] [DEBUG] Screenshot OK: (900, 1600)
[2026-04-29 07:45:17] [INFO] Không tìm thấy dấu chấm than (!) nào
[2026-04-29 07:45:17] [INFO] Đã xử lý 0 đơn hàng
[2026-04-29 07:45:17] [INFO] --- THỐNG KÊ ---
[2026-04-29 07:45:17] [INFO]   Thu hoạch: 0
[2026-04-29 07:45:17] [INFO]   Trồng cây: 0
[2026-04-29 07:45:17] [INFO]   Đơn hàng:  3
[2026-04-29 07:45:17] [INFO]   Lỗi:       0
[2026-04-29 07:45:22] [INFO] ========================================
[2026-04-29 07:45:22] [INFO] 🔄 BẮT ĐẦU CHU KỲ MỚI
[2026-04-29 07:45:22] [INFO] ========================================
[2026-04-29 07:45:22] [INFO] ⏭️ Bỏ qua thu hoạch (chưa có ảnh mẫu)
[2026-04-29 07:45:22] [INFO] ⏭️ Bỏ qua trồng cây (chưa có ảnh mẫu)
[2026-04-29 07:45:22] [INFO] 📦 Bắt đầu XỬ LÝ ĐƠN HÀNG...
[2026-04-29 07:45:23] [DEBUG] Screenshot OK: (900, 1600)
[2026-04-29 07:45:23] [INFO] Không tìm thấy dấu chấm than (!) nào
[2026-04-29 07:45:23] [INFO] Đã xử lý 0 đơn hàng
[2026-04-29 07:45:23] [INFO] --- THỐNG KÊ ---
[2026-04-29 07:45:23] [INFO]   Thu hoạch: 0
[2026-04-29 07:45:23] [INFO]   Trồng cây: 0
[2026-04-29 07:45:23] [INFO]   Đơn hàng:  3
[2026-04-29 07:45:23] [INFO]   Lỗi:       0
[2026-04-29 07:45:28] [INFO] ========================================
[2026-04-29 07:45:28] [INFO] 🔄 BẮT ĐẦU CHU KỲ MỚI
[2026-04-29 07:45:28] [INFO] ========================================
[2026-04-29 07:45:28] [INFO] ⏭️ Bỏ qua thu hoạch (chưa có ảnh mẫu)
[2026-04-29 07:45:28] [INFO] ⏭️ Bỏ qua trồng cây (chưa có ảnh mẫu)
[2026-04-29 07:45:28] [INFO] 📦 Bắt đầu XỬ LÝ ĐƠN HÀNG...
[2026-04-29 07:45:29] [DEBUG] Screenshot OK: (900, 1600)
[2026-04-29 07:45:30] [INFO] Không tìm thấy dấu chấm than (!) nào
[2026-04-29 07:45:30] [INFO] Đã xử lý 0 đơn hàng
[2026-04-29 07:45:30] [INFO] --- THỐNG KÊ ---
[2026-04-29 07:45:30] [INFO]   Thu hoạch: 0
[2026-04-29 07:45:30] [INFO]   Trồng cây: 0
[2026-04-29 07:45:30] [INFO]   Đơn hàng:  3
[2026-04-29 07:45:30] [INFO]   Lỗi:       0
[2026-04-29 07:45:35] [INFO] ========================================
[2026-04-29 07:45:35] [INFO] 🔄 BẮT ĐẦU CHU KỲ MỚI
[2026-04-29 07:45:35] [INFO] ========================================
[2026-04-29 07:45:35] [INFO] ⏭️ Bỏ qua thu hoạch (chưa có ảnh mẫu)
[2026-04-29 07:45:35] [INFO] ⏭️ Bỏ qua trồng cây (chưa có ảnh mẫu)
[2026-04-29 07:45:35] [INFO] 📦 Bắt đầu XỬ LÝ ĐƠN HÀNG...
[2026-04-29 07:45:36] [DEBUG] Screenshot OK: (900, 1600)
[2026-04-29 07:45:37] [INFO] Không tìm thấy dấu chấm than (!) nào
[2026-04-29 07:45:37] [INFO] Đã xử lý 0 đơn hàng
[2026-04-29 07:45:37] [INFO] --- THỐNG KÊ ---
[2026-04-29 07:45:37] [INFO]   Thu hoạch: 0
[2026-04-29 07:45:37] [INFO]   Trồng cây: 0
[2026-04-29 07:45:37] [INFO]   Đơn hàng:  3
[2026-04-29 07:45:37] [INFO]   Lỗi:       0
[2026-04-29 07:45:42] [INFO] ========================================
[2026-04-29 07:45:42] [INFO] 🔄 BẮT ĐẦU CHU KỲ MỚI
[2026-04-29 07:45:42] [INFO] ========================================
[2026-04-29 07:45:42] [INFO] ⏭️ Bỏ qua thu hoạch (chưa có ảnh mẫu)
[2026-04-29 07:45:42] [INFO] ⏭️ Bỏ qua trồng cây (chưa có ảnh mẫu)
[2026-04-29 07:45:42] [INFO] 📦 Bắt đầu XỬ LÝ ĐƠN HÀNG...
[2026-04-29 07:45:43] [DEBUG] Screenshot OK: (900, 1600)
[2026-04-29 07:45:43] [INFO] Không tìm thấy dấu chấm than (!) nào
[2026-04-29 07:45:43] [INFO] Đã xử lý 0 đơn hàng
[2026-04-29 07:45:43] [INFO] --- THỐNG KÊ ---
[2026-04-29 07:45:43] [INFO]   Thu hoạch: 0
[2026-04-29 07:45:43] [INFO]   Trồng cây: 0
[2026-04-29 07:45:43] [INFO]   Đơn hàng:  3
[2026-04-29 07:45:43] [INFO]   Lỗi:       0
[2026-04-29 07:45:48] [INFO] ========================================
[2026-04-29 07:45:48] [INFO] 🔄 BẮT ĐẦU CHU KỲ MỚI
[2026-04-29 07:45:48] [INFO] ========================================
[2026-04-29 07:45:48] [INFO] ⏭️ Bỏ qua thu hoạch (chưa có ảnh mẫu)
[2026-04-29 07:45:48] [INFO] ⏭️ Bỏ qua trồng cây (chưa có ảnh mẫu)
[2026-04-29 07:45:48] [INFO] 📦 Bắt đầu XỬ LÝ ĐƠN HÀNG...
[2026-04-29 07:45:49] [DEBUG] Screenshot OK: (900, 1600)
[2026-04-29 07:45:50] [INFO] Không tìm thấy dấu chấm than (!) nào
[2026-04-29 07:45:50] [INFO] Đã xử lý 0 đơn hàng
[2026-04-29 07:45:50] [INFO] --- THỐNG KÊ ---
[2026-04-29 07:45:50] [INFO]   Thu hoạch: 0
[2026-04-29 07:45:50] [INFO]   Trồng cây: 0
[2026-04-29 07:45:50] [INFO]   Đơn hàng:  3
[2026-04-29 07:45:50] [INFO]   Lỗi:       0
[2026-04-29 07:45:55] [INFO] ========================================
[2026-04-29 07:45:55] [INFO] 🔄 BẮT ĐẦU CHU KỲ MỚI
[2026-04-29 07:45:55] [INFO] ========================================
[2026-04-29 07:45:55] [INFO] ⏭️ Bỏ qua thu hoạch (chưa có ảnh mẫu)
[2026-04-29 07:45:55] [INFO] ⏭️ Bỏ qua trồng cây (chưa có ảnh mẫu)
[2026-04-29 07:45:55] [INFO] 📦 Bắt đầu XỬ LÝ ĐƠN HÀNG...
[2026-04-29 07:45:56] [DEBUG] Screenshot OK: (900, 1600)
[2026-04-29 07:45:56] [INFO] Tìm thấy 1 dấu (!): 1 đỏ, 0 vàng
[2026-04-29 07:45:56] [INFO]   🔴 Click dấu (!) red tại (578, 384) conf=1.00
[2026-04-29 07:45:56] [DEBUG] Tap: (578, 384)
[2026-04-29 07:46:01] [DEBUG] Screenshot OK: (900, 1600)
[2026-04-29 07:46:01] [DEBUG] Found btn_chua_co_hang.png at (275,1277) conf=1.000
[2026-04-29 07:46:01] [DEBUG] Tap: (275, 1277)
[2026-04-29 07:46:01] [INFO] Tap btn_chua_co_hang.png at (275,1277)
[2026-04-29 07:46:01] [INFO]   ✅ Đã click 'Chưa có hàng'
[2026-04-29 07:46:02] [INFO]   ✅ Xử lý đơn #1
[2026-04-29 07:46:06] [DEBUG] Screenshot OK: (900, 1600)
[2026-04-29 07:46:07] [INFO] Đã xử lý 1 đơn hàng
[2026-04-29 07:46:07] [INFO] --- THỐNG KÊ ---
[2026-04-29 07:46:07] [INFO]   Thu hoạch: 0
[2026-04-29 07:46:07] [INFO]   Trồng cây: 0
[2026-04-29 07:46:07] [INFO]   Đơn hàng:  4
[2026-04-29 07:46:07] [INFO]   Lỗi:       0
[2026-04-29 07:46:12] [INFO] ========================================
[2026-04-29 07:46:12] [INFO] 🔄 BẮT ĐẦU CHU KỲ MỚI
[2026-04-29 07:46:12] [INFO] ========================================
[2026-04-29 07:46:12] [INFO] ⏭️ Bỏ qua thu hoạch (chưa có ảnh mẫu)
[2026-04-29 07:46:12] [INFO] ⏭️ Bỏ qua trồng cây (chưa có ảnh mẫu)
[2026-04-29 07:46:12] [INFO] 📦 Bắt đầu XỬ LÝ ĐƠN HÀNG...
[2026-04-29 07:46:13] [DEBUG] Screenshot OK: (900, 1600)
[2026-04-29 07:46:13] [INFO] Không tìm thấy dấu chấm than (!) nào
[2026-04-29 07:46:13] [INFO] Đã xử lý 0 đơn hàng
[2026-04-29 07:46:13] [INFO] --- THỐNG KÊ ---
[2026-04-29 07:46:13] [INFO]   Thu hoạch: 0
[2026-04-29 07:46:13] [INFO]   Trồng cây: 0
[2026-04-29 07:46:13] [INFO]   Đơn hàng:  4
[2026-04-29 07:46:13] [INFO]   Lỗi:       0
[2026-04-29 07:46:18] [INFO] ========================================
[2026-04-29 07:46:18] [INFO] 🔄 BẮT ĐẦU CHU KỲ MỚI
[2026-04-29 07:46:18] [INFO] ========================================
[2026-04-29 07:46:18] [INFO] ⏭️ Bỏ qua thu hoạch (chưa có ảnh mẫu)
[2026-04-29 07:46:18] [INFO] ⏭️ Bỏ qua trồng cây (chưa có ảnh mẫu)
[2026-04-29 07:46:18] [INFO] 📦 Bắt đầu XỬ LÝ ĐƠN HÀNG...
[2026-04-29 07:46:19] [DEBUG] Screenshot OK: (900, 1600)
[2026-04-29 07:46:20] [INFO] Không tìm thấy dấu chấm than (!) nào
[2026-04-29 07:46:20] [INFO] Đã xử lý 0 đơn hàng
[2026-04-29 07:46:20] [INFO] --- THỐNG KÊ ---
[2026-04-29 07:46:20] [INFO]   Thu hoạch: 0
[2026-04-29 07:46:20] [INFO]   Trồng cây: 0
[2026-04-29 07:46:20] [INFO]   Đơn hàng:  4
[2026-04-29 07:46:20] [INFO]   Lỗi:       0
[2026-04-29 07:46:25] [INFO] ========================================
[2026-04-29 07:46:25] [INFO] 🔄 BẮT ĐẦU CHU KỲ MỚI
[2026-04-29 07:46:25] [INFO] ========================================
[2026-04-29 07:46:25] [INFO] ⏭️ Bỏ qua thu hoạch (chưa có ảnh mẫu)
[2026-04-29 07:46:25] [INFO] ⏭️ Bỏ qua trồng cây (chưa có ảnh mẫu)
[2026-04-29 07:46:25] [INFO] 📦 Bắt đầu XỬ LÝ ĐƠN HÀNG...
[2026-04-29 07:46:26] [DEBUG] Screenshot OK: (900, 1600)
[2026-04-29 07:46:26] [INFO] Không tìm thấy dấu chấm than (!) nào
[2026-04-29 07:46:26] [INFO] Đã xử lý 0 đơn hàng
[2026-04-29 07:46:26] [INFO] --- THỐNG KÊ ---
[2026-04-29 07:46:26] [INFO]   Thu hoạch: 0
[2026-04-29 07:46:26] [INFO]   Trồng cây: 0
[2026-04-29 07:46:26] [INFO]   Đơn hàng:  4
[2026-04-29 07:46:26] [INFO]   Lỗi:       0
[2026-04-29 07:46:31] [INFO] ========================================
[2026-04-29 07:46:31] [INFO] 🔄 BẮT ĐẦU CHU KỲ MỚI
[2026-04-29 07:46:31] [INFO] ========================================
[2026-04-29 07:46:31] [INFO] ⏭️ Bỏ qua thu hoạch (chưa có ảnh mẫu)
[2026-04-29 07:46:31] [INFO] ⏭️ Bỏ qua trồng cây (chưa có ảnh mẫu)
[2026-04-29 07:46:31] [INFO] 📦 Bắt đầu XỬ LÝ ĐƠN HÀNG...
[2026-04-29 07:46:32] [DEBUG] Screenshot OK: (900, 1600)
[2026-04-29 07:46:33] [INFO] Không tìm thấy dấu chấm than (!) nào
[2026-04-29 07:46:33] [INFO] Đã xử lý 0 đơn hàng
[2026-04-29 07:46:33] [INFO] --- THỐNG KÊ ---
[2026-04-29 07:46:33] [INFO]   Thu hoạch: 0
[2026-04-29 07:46:33] [INFO]   Trồng cây: 0
[2026-04-29 07:46:33] [INFO]   Đơn hàng:  4
[2026-04-29 07:46:33] [INFO]   Lỗi:       0
[2026-04-29 07:46:38] [INFO] ========================================
[2026-04-29 07:46:38] [INFO] 🔄 BẮT ĐẦU CHU KỲ MỚI
[2026-04-29 07:46:38] [INFO] ========================================
[2026-04-29 07:46:38] [INFO] ⏭️ Bỏ qua thu hoạch (chưa có ảnh mẫu)
[2026-04-29 07:46:38] [INFO] ⏭️ Bỏ qua trồng cây (chưa có ảnh mẫu)
[2026-04-29 07:46:38] [INFO] 📦 Bắt đầu XỬ LÝ ĐƠN HÀNG...
[2026-04-29 07:46:39] [DEBUG] Screenshot OK: (900, 1600)
[2026-04-29 07:46:39] [INFO] Không tìm thấy dấu chấm than (!) nào
[2026-04-29 07:46:39] [INFO] Đã xử lý 0 đơn hàng
[2026-04-29 07:46:39] [INFO] --- THỐNG KÊ ---
[2026-04-29 07:46:39] [INFO]   Thu hoạch: 0
[2026-04-29 07:46:39] [INFO]   Trồng cây: 0
[2026-04-29 07:46:39] [INFO]   Đơn hàng:  4
[2026-04-29 07:46:39] [INFO]   Lỗi:       0
[2026-04-29 07:46:44] [INFO] ========================================
[2026-04-29 07:46:44] [INFO] 🔄 BẮT ĐẦU CHU KỲ MỚI
[2026-04-29 07:46:44] [INFO] ========================================
[2026-04-29 07:46:44] [INFO] ⏭️ Bỏ qua thu hoạch (chưa có ảnh mẫu)
[2026-04-29 07:46:44] [INFO] ⏭️ Bỏ qua trồng cây (chưa có ảnh mẫu)
[2026-04-29 07:46:44] [INFO] 📦 Bắt đầu XỬ LÝ ĐƠN HÀNG...
[2026-04-29 07:46:45] [DEBUG] Screenshot OK: (900, 1600)
[2026-04-29 07:46:46] [INFO] Không tìm thấy dấu chấm than (!) nào
[2026-04-29 07:46:46] [INFO] Đã xử lý 0 đơn hàng
[2026-04-29 07:46:46] [INFO] --- THỐNG KÊ ---
[2026-04-29 07:46:46] [INFO]   Thu hoạch: 0
[2026-04-29 07:46:46] [INFO]   Trồng cây: 0
[2026-04-29 07:46:46] [INFO]   Đơn hàng:  4
[2026-04-29 07:46:46] [INFO]   Lỗi:       0
[2026-04-29 07:46:51] [INFO] ========================================
[2026-04-29 07:46:51] [INFO] 🔄 BẮT ĐẦU CHU KỲ MỚI
[2026-04-29 07:46:51] [INFO] ========================================
[2026-04-29 07:46:51] [INFO] ⏭️ Bỏ qua thu hoạch (chưa có ảnh mẫu)
[2026-04-29 07:46:51] [INFO] ⏭️ Bỏ qua trồng cây (chưa có ảnh mẫu)
[2026-04-29 07:46:51] [INFO] 📦 Bắt đầu XỬ LÝ ĐƠN HÀNG...
[2026-04-29 07:46:52] [DEBUG] Screenshot OK: (900, 1600)
[2026-04-29 07:46:52] [INFO] Không tìm thấy dấu chấm than (!) nào
[2026-04-29 07:46:52] [INFO] Đã xử lý 0 đơn hàng
[2026-04-29 07:46:52] [INFO] --- THỐNG KÊ ---
[2026-04-29 07:46:52] [INFO]   Thu hoạch: 0
[2026-04-29 07:46:52] [INFO]   Trồng cây: 0
[2026-04-29 07:46:52] [INFO]   Đơn hàng:  4
[2026-04-29 07:46:52] [INFO]   Lỗi:       0
[2026-04-29 07:46:57] [INFO] ========================================
[2026-04-29 07:46:57] [INFO] 🔄 BẮT ĐẦU CHU KỲ MỚI
[2026-04-29 07:46:57] [INFO] ========================================
[2026-04-29 07:46:57] [INFO] ⏭️ Bỏ qua thu hoạch (chưa có ảnh mẫu)
[2026-04-29 07:46:57] [INFO] ⏭️ Bỏ qua trồng cây (chưa có ảnh mẫu)
[2026-04-29 07:46:57] [INFO] 📦 Bắt đầu XỬ LÝ ĐƠN HÀNG...
[2026-04-29 07:46:58] [DEBUG] Screenshot OK: (900, 1600)
[2026-04-29 07:46:59] [INFO] Không tìm thấy dấu chấm than (!) nào
[2026-04-29 07:46:59] [INFO] Đã xử lý 0 đơn hàng
[2026-04-29 07:46:59] [INFO] --- THỐNG KÊ ---
[2026-04-29 07:46:59] [INFO]   Thu hoạch: 0
[2026-04-29 07:46:59] [INFO]   Trồng cây: 0
[2026-04-29 07:46:59] [INFO]   Đơn hàng:  4
[2026-04-29 07:46:59] [INFO]   Lỗi:       0
[2026-04-29 07:47:04] [INFO] ========================================
[2026-04-29 07:47:04] [INFO] 🔄 BẮT ĐẦU CHU KỲ MỚI
[2026-04-29 07:47:04] [INFO] ========================================
[2026-04-29 07:47:04] [INFO] ⏭️ Bỏ qua thu hoạch (chưa có ảnh mẫu)
[2026-04-29 07:47:04] [INFO] ⏭️ Bỏ qua trồng cây (chưa có ảnh mẫu)
[2026-04-29 07:47:04] [INFO] 📦 Bắt đầu XỬ LÝ ĐƠN HÀNG...
[2026-04-29 07:47:05] [DEBUG] Screenshot OK: (900, 1600)
[2026-04-29 07:47:05] [INFO] Không tìm thấy dấu chấm than (!) nào
[2026-04-29 07:47:05] [INFO] Đã xử lý 0 đơn hàng
[2026-04-29 07:47:05] [INFO] --- THỐNG KÊ ---
[2026-04-29 07:47:05] [INFO]   Thu hoạch: 0
[2026-04-29 07:47:05] [INFO]   Trồng cây: 0
[2026-04-29 07:47:05] [INFO]   Đơn hàng:  4
[2026-04-29 07:47:05] [INFO]   Lỗi:       0
[2026-04-29 07:47:10] [INFO] ========================================
[2026-04-29 07:47:10] [INFO] 🔄 BẮT ĐẦU CHU KỲ MỚI
[2026-04-29 07:47:10] [INFO] ========================================
[2026-04-29 07:47:10] [INFO] ⏭️ Bỏ qua thu hoạch (chưa có ảnh mẫu)
[2026-04-29 07:47:10] [INFO] ⏭️ Bỏ qua trồng cây (chưa có ảnh mẫu)
[2026-04-29 07:47:10] [INFO] 📦 Bắt đầu XỬ LÝ ĐƠN HÀNG...
[2026-04-29 07:47:11] [DEBUG] Screenshot OK: (900, 1600)
[2026-04-29 07:47:12] [INFO] Không tìm thấy dấu chấm than (!) nào
[2026-04-29 07:47:12] [INFO] Đã xử lý 0 đơn hàng
[2026-04-29 07:47:12] [INFO] --- THỐNG KÊ ---
[2026-04-29 07:47:12] [INFO]   Thu hoạch: 0
[2026-04-29 07:47:12] [INFO]   Trồng cây: 0
[2026-04-29 07:47:12] [INFO]   Đơn hàng:  4
[2026-04-29 07:47:12] [INFO]   Lỗi:       0
[2026-04-29 07:47:17] [INFO] ========================================
[2026-04-29 07:47:17] [INFO] 🔄 BẮT ĐẦU CHU KỲ MỚI
[2026-04-29 07:47:17] [INFO] ========================================
[2026-04-29 07:47:17] [INFO] ⏭️ Bỏ qua thu hoạch (chưa có ảnh mẫu)
[2026-04-29 07:47:17] [INFO] ⏭️ Bỏ qua trồng cây (chưa có ảnh mẫu)
[2026-04-29 07:47:17] [INFO] 📦 Bắt đầu XỬ LÝ ĐƠN HÀNG...
[2026-04-29 07:47:18] [DEBUG] Screenshot OK: (900, 1600)
[2026-04-29 07:47:18] [INFO] Không tìm thấy dấu chấm than (!) nào
[2026-04-29 07:47:18] [INFO] Đã xử lý 0 đơn hàng
[2026-04-29 07:47:18] [INFO] --- THỐNG KÊ ---
[2026-04-29 07:47:18] [INFO]   Thu hoạch: 0
[2026-04-29 07:47:18] [INFO]   Trồng cây: 0
[2026-04-29 07:47:18] [INFO]   Đơn hàng:  4
[2026-04-29 07:47:18] [INFO]   Lỗi:       0
[2026-04-29 07:47:23] [INFO] ========================================
[2026-04-29 07:47:23] [INFO] 🔄 BẮT ĐẦU CHU KỲ MỚI
[2026-04-29 07:47:23] [INFO] ========================================
[2026-04-29 07:47:23] [INFO] ⏭️ Bỏ qua thu hoạch (chưa có ảnh mẫu)
[2026-04-29 07:47:23] [INFO] ⏭️ Bỏ qua trồng cây (chưa có ảnh mẫu)
[2026-04-29 07:47:23] [INFO] 📦 Bắt đầu XỬ LÝ ĐƠN HÀNG...
[2026-04-29 07:47:24] [DEBUG] Screenshot OK: (900, 1600)
[2026-04-29 07:47:25] [INFO] Không tìm thấy dấu chấm than (!) nào
[2026-04-29 07:47:25] [INFO] Đã xử lý 0 đơn hàng
[2026-04-29 07:47:25] [INFO] --- THỐNG KÊ ---
[2026-04-29 07:47:25] [INFO]   Thu hoạch: 0
[2026-04-29 07:47:25] [INFO]   Trồng cây: 0
[2026-04-29 07:47:25] [INFO]   Đơn hàng:  4
[2026-04-29 07:47:25] [INFO]   Lỗi:       0
[2026-04-29 07:47:30] [INFO] ========================================
[2026-04-29 07:47:30] [INFO] 🔄 BẮT ĐẦU CHU KỲ MỚI
[2026-04-29 07:47:30] [INFO] ========================================
[2026-04-29 07:47:30] [INFO] ⏭️ Bỏ qua thu hoạch (chưa có ảnh mẫu)
[2026-04-29 07:47:30] [INFO] ⏭️ Bỏ qua trồng cây (chưa có ảnh mẫu)
[2026-04-29 07:47:30] [INFO] 📦 Bắt đầu XỬ LÝ ĐƠN HÀNG...
[2026-04-29 07:47:31] [DEBUG] Screenshot OK: (900, 1600)
[2026-04-29 07:47:31] [INFO] Không tìm thấy dấu chấm than (!) nào
[2026-04-29 07:47:31] [INFO] Đã xử lý 0 đơn hàng
[2026-04-29 07:47:31] [INFO] --- THỐNG KÊ ---
[2026-04-29 07:47:31] [INFO]   Thu hoạch: 0
[2026-04-29 07:47:31] [INFO]   Trồng cây: 0
[2026-04-29 07:47:31] [INFO]   Đơn hàng:  4
[2026-04-29 07:47:31] [INFO]   Lỗi:       0
[2026-04-29 07:47:36] [INFO] ========================================
[2026-04-29 07:47:36] [INFO] 🔄 BẮT ĐẦU CHU KỲ MỚI
[2026-04-29 07:47:36] [INFO] ========================================
[2026-04-29 07:47:36] [INFO] ⏭️ Bỏ qua thu hoạch (chưa có ảnh mẫu)
[2026-04-29 07:47:36] [INFO] ⏭️ Bỏ qua trồng cây (chưa có ảnh mẫu)
[2026-04-29 07:47:36] [INFO] 📦 Bắt đầu XỬ LÝ ĐƠN HÀNG...
[2026-04-29 07:47:37] [DEBUG] Screenshot OK: (900, 1600)
[2026-04-29 07:47:38] [INFO] Không tìm thấy dấu chấm than (!) nào
[2026-04-29 07:47:38] [INFO] Đã xử lý 0 đơn hàng
[2026-04-29 07:47:38] [INFO] --- THỐNG KÊ ---
[2026-04-29 07:47:38] [INFO]   Thu hoạch: 0
[2026-04-29 07:47:38] [INFO]   Trồng cây: 0
[2026-04-29 07:47:38] [INFO]   Đơn hàng:  4
[2026-04-29 07:47:38] [INFO]   Lỗi:       0
[2026-04-29 07:47:43] [INFO] ========================================
[2026-04-29 07:47:43] [INFO] 🔄 BẮT ĐẦU CHU KỲ MỚI
[2026-04-29 07:47:43] [INFO] ========================================
[2026-04-29 07:47:43] [INFO] ⏭️ Bỏ qua thu hoạch (chưa có ảnh mẫu)
[2026-04-29 07:47:43] [INFO] ⏭️ Bỏ qua trồng cây (chưa có ảnh mẫu)
[2026-04-29 07:47:43] [INFO] 📦 Bắt đầu XỬ LÝ ĐƠN HÀNG...
[2026-04-29 07:47:44] [DEBUG] Screenshot OK: (900, 1600)
[2026-04-29 07:47:45] [INFO] Không tìm thấy dấu chấm than (!) nào
[2026-04-29 07:47:45] [INFO] Đã xử lý 0 đơn hàng
[2026-04-29 07:47:45] [INFO] --- THỐNG KÊ ---
[2026-04-29 07:47:45] [INFO]   Thu hoạch: 0
[2026-04-29 07:47:45] [INFO]   Trồng cây: 0
[2026-04-29 07:47:45] [INFO]   Đơn hàng:  4
[2026-04-29 07:47:45] [INFO]   Lỗi:       0
[2026-04-29 07:47:50] [INFO] ========================================
[2026-04-29 07:47:50] [INFO] 🔄 BẮT ĐẦU CHU KỲ MỚI
[2026-04-29 07:47:50] [INFO] ========================================
[2026-04-29 07:47:50] [INFO] ⏭️ Bỏ qua thu hoạch (chưa có ảnh mẫu)
[2026-04-29 07:47:50] [INFO] ⏭️ Bỏ qua trồng cây (chưa có ảnh mẫu)
[2026-04-29 07:47:50] [INFO] 📦 Bắt đầu XỬ LÝ ĐƠN HÀNG...
[2026-04-29 07:47:51] [DEBUG] Screenshot OK: (900, 1600)
[2026-04-29 07:47:51] [INFO] Không tìm thấy dấu chấm than (!) nào
[2026-04-29 07:47:51] [INFO] Đã xử lý 0 đơn hàng
[2026-04-29 07:47:51] [INFO] --- THỐNG KÊ ---
[2026-04-29 07:47:51] [INFO]   Thu hoạch: 0
[2026-04-29 07:47:51] [INFO]   Trồng cây: 0
[2026-04-29 07:47:51] [INFO]   Đơn hàng:  4
[2026-04-29 07:47:51] [INFO]   Lỗi:       0
[2026-04-29 07:47:56] [INFO] ========================================
[2026-04-29 07:47:56] [INFO] 🔄 BẮT ĐẦU CHU KỲ MỚI
[2026-04-29 07:47:56] [INFO] ========================================
[2026-04-29 07:47:56] [INFO] ⏭️ Bỏ qua thu hoạch (chưa có ảnh mẫu)
[2026-04-29 07:47:56] [INFO] ⏭️ Bỏ qua trồng cây (chưa có ảnh mẫu)
[2026-04-29 07:47:56] [INFO] 📦 Bắt đầu XỬ LÝ ĐƠN HÀNG...
[2026-04-29 07:47:57] [DEBUG] Screenshot OK: (900, 1600)
[2026-04-29 07:47:58] [INFO] Không tìm thấy dấu chấm than (!) nào
[2026-04-29 07:47:58] [INFO] Đã xử lý 0 đơn hàng
[2026-04-29 07:47:58] [INFO] --- THỐNG KÊ ---
[2026-04-29 07:47:58] [INFO]   Thu hoạch: 0
[2026-04-29 07:47:58] [INFO]   Trồng cây: 0
[2026-04-29 07:47:58] [INFO]   Đơn hàng:  4
[2026-04-29 07:47:58] [INFO]   Lỗi:       0
[2026-04-29 07:48:03] [INFO] ========================================
[2026-04-29 07:48:03] [INFO] 🔄 BẮT ĐẦU CHU KỲ MỚI
[2026-04-29 07:48:03] [INFO] ========================================
[2026-04-29 07:48:03] [INFO] ⏭️ Bỏ qua thu hoạch (chưa có ảnh mẫu)
[2026-04-29 07:48:03] [INFO] ⏭️ Bỏ qua trồng cây (chưa có ảnh mẫu)
[2026-04-29 07:48:03] [INFO] 📦 Bắt đầu XỬ LÝ ĐƠN HÀNG...
[2026-04-29 07:48:04] [DEBUG] Screenshot OK: (900, 1600)
[2026-04-29 07:48:04] [INFO] Không tìm thấy dấu chấm than (!) nào
[2026-04-29 07:48:04] [INFO] Đã xử lý 0 đơn hàng
[2026-04-29 07:48:04] [INFO] --- THỐNG KÊ ---
[2026-04-29 07:48:04] [INFO]   Thu hoạch: 0
[2026-04-29 07:48:04] [INFO]   Trồng cây: 0
[2026-04-29 07:48:04] [INFO]   Đơn hàng:  4
[2026-04-29 07:48:04] [INFO]   Lỗi:       0
[2026-04-29 07:48:09] [INFO] ========================================
[2026-04-29 07:48:09] [INFO] 🔄 BẮT ĐẦU CHU KỲ MỚI
[2026-04-29 07:48:09] [INFO] ========================================
[2026-04-29 07:48:09] [INFO] ⏭️ Bỏ qua thu hoạch (chưa có ảnh mẫu)
[2026-04-29 07:48:09] [INFO] ⏭️ Bỏ qua trồng cây (chưa có ảnh mẫu)
[2026-04-29 07:48:09] [INFO] 📦 Bắt đầu XỬ LÝ ĐƠN HÀNG...
[2026-04-29 07:48:10] [DEBUG] Screenshot OK: (900, 1600)
[2026-04-29 07:48:11] [INFO] Không tìm thấy dấu chấm than (!) nào
[2026-04-29 07:48:11] [INFO] Đã xử lý 0 đơn hàng
[2026-04-29 07:48:11] [INFO] --- THỐNG KÊ ---
[2026-04-29 07:48:11] [INFO]   Thu hoạch: 0
[2026-04-29 07:48:11] [INFO]   Trồng cây: 0
[2026-04-29 07:48:11] [INFO]   Đơn hàng:  4
[2026-04-29 07:48:11] [INFO]   Lỗi:       0
[2026-04-29 07:48:16] [INFO] ========================================
[2026-04-29 07:48:16] [INFO] 🔄 BẮT ĐẦU CHU KỲ MỚI
[2026-04-29 07:48:16] [INFO] ========================================
[2026-04-29 07:48:16] [INFO] ⏭️ Bỏ qua thu hoạch (chưa có ảnh mẫu)
[2026-04-29 07:48:16] [INFO] ⏭️ Bỏ qua trồng cây (chưa có ảnh mẫu)
[2026-04-29 07:48:16] [INFO] 📦 Bắt đầu XỬ LÝ ĐƠN HÀNG...
[2026-04-29 07:48:17] [DEBUG] Screenshot OK: (900, 1600)
[2026-04-29 07:48:18] [INFO] Không tìm thấy dấu chấm than (!) nào
[2026-04-29 07:48:18] [INFO] Đã xử lý 0 đơn hàng
[2026-04-29 07:48:18] [INFO] --- THỐNG KÊ ---
[2026-04-29 07:48:18] [INFO]   Thu hoạch: 0
[2026-04-29 07:48:18] [INFO]   Trồng cây: 0
[2026-04-29 07:48:18] [INFO]   Đơn hàng:  4
[2026-04-29 07:48:18] [INFO]   Lỗi:       0
[2026-04-29 07:48:23] [INFO] ========================================
[2026-04-29 07:48:23] [INFO] 🔄 BẮT ĐẦU CHU KỲ MỚI
[2026-04-29 07:48:23] [INFO] ========================================
[2026-04-29 07:48:23] [INFO] ⏭️ Bỏ qua thu hoạch (chưa có ảnh mẫu)
[2026-04-29 07:48:23] [INFO] ⏭️ Bỏ qua trồng cây (chưa có ảnh mẫu)
[2026-04-29 07:48:23] [INFO] 📦 Bắt đầu XỬ LÝ ĐƠN HÀNG...
[2026-04-29 07:48:24] [DEBUG] Screenshot OK: (900, 1600)
[2026-04-29 07:48:24] [INFO] Không tìm thấy dấu chấm than (!) nào
[2026-04-29 07:48:24] [INFO] Đã xử lý 0 đơn hàng
[2026-04-29 07:48:24] [INFO] --- THỐNG KÊ ---
[2026-04-29 07:48:24] [INFO]   Thu hoạch: 0
[2026-04-29 07:48:24] [INFO]   Trồng cây: 0
[2026-04-29 07:48:24] [INFO]   Đơn hàng:  4
[2026-04-29 07:48:24] [INFO]   Lỗi:       0
[2026-04-29 07:48:29] [INFO] ========================================
[2026-04-29 07:48:29] [INFO] 🔄 BẮT ĐẦU CHU KỲ MỚI
[2026-04-29 07:48:29] [INFO] ========================================
[2026-04-29 07:48:29] [INFO] ⏭️ Bỏ qua thu hoạch (chưa có ảnh mẫu)
[2026-04-29 07:48:29] [INFO] ⏭️ Bỏ qua trồng cây (chưa có ảnh mẫu)
[2026-04-29 07:48:29] [INFO] 📦 Bắt đầu XỬ LÝ ĐƠN HÀNG...
[2026-04-29 07:48:30] [DEBUG] Screenshot OK: (900, 1600)
[2026-04-29 07:48:31] [INFO] Không tìm thấy dấu chấm than (!) nào
[2026-04-29 07:48:31] [INFO] Đã xử lý 0 đơn hàng
[2026-04-29 07:48:31] [INFO] --- THỐNG KÊ ---
[2026-04-29 07:48:31] [INFO]   Thu hoạch: 0
[2026-04-29 07:48:31] [INFO]   Trồng cây: 0
[2026-04-29 07:48:31] [INFO]   Đơn hàng:  4
[2026-04-29 07:48:31] [INFO]   Lỗi:       0
[2026-04-29 07:48:36] [INFO] ========================================
[2026-04-29 07:48:36] [INFO] 🔄 BẮT ĐẦU CHU KỲ MỚI
[2026-04-29 07:48:36] [INFO] ========================================
[2026-04-29 07:48:36] [INFO] ⏭️ Bỏ qua thu hoạch (chưa có ảnh mẫu)
[2026-04-29 07:48:36] [INFO] ⏭️ Bỏ qua trồng cây (chưa có ảnh mẫu)
[2026-04-29 07:48:36] [INFO] 📦 Bắt đầu XỬ LÝ ĐƠN HÀNG...
[2026-04-29 07:48:37] [DEBUG] Screenshot OK: (900, 1600)
[2026-04-29 07:48:37] [INFO] Không tìm thấy dấu chấm than (!) nào
[2026-04-29 07:48:37] [INFO] Đã xử lý 0 đơn hàng
[2026-04-29 07:48:37] [INFO] --- THỐNG KÊ ---
[2026-04-29 07:48:37] [INFO]   Thu hoạch: 0
[2026-04-29 07:48:37] [INFO]   Trồng cây: 0
[2026-04-29 07:48:37] [INFO]   Đơn hàng:  4
[2026-04-29 07:48:37] [INFO]   Lỗi:       0
[2026-04-29 07:48:42] [INFO] ========================================
[2026-04-29 07:48:42] [INFO] 🔄 BẮT ĐẦU CHU KỲ MỚI
[2026-04-29 07:48:42] [INFO] ========================================
[2026-04-29 07:48:42] [INFO] ⏭️ Bỏ qua thu hoạch (chưa có ảnh mẫu)
[2026-04-29 07:48:42] [INFO] ⏭️ Bỏ qua trồng cây (chưa có ảnh mẫu)
[2026-04-29 07:48:42] [INFO] 📦 Bắt đầu XỬ LÝ ĐƠN HÀNG...
[2026-04-29 07:48:43] [DEBUG] Screenshot OK: (900, 1600)
[2026-04-29 07:48:44] [INFO] Không tìm thấy dấu chấm than (!) nào
[2026-04-29 07:48:44] [INFO] Đã xử lý 0 đơn hàng
[2026-04-29 07:48:44] [INFO] --- THỐNG KÊ ---
[2026-04-29 07:48:44] [INFO]   Thu hoạch: 0
[2026-04-29 07:48:44] [INFO]   Trồng cây: 0
[2026-04-29 07:48:44] [INFO]   Đơn hàng:  4
[2026-04-29 07:48:44] [INFO]   Lỗi:       0
[2026-04-29 07:48:49] [INFO] ========================================
[2026-04-29 07:48:49] [INFO] 🔄 BẮT ĐẦU CHU KỲ MỚI
[2026-04-29 07:48:49] [INFO] ========================================
[2026-04-29 07:48:49] [INFO] ⏭️ Bỏ qua thu hoạch (chưa có ảnh mẫu)
[2026-04-29 07:48:49] [INFO] ⏭️ Bỏ qua trồng cây (chưa có ảnh mẫu)
[2026-04-29 07:48:49] [INFO] 📦 Bắt đầu XỬ LÝ ĐƠN HÀNG...
[2026-04-29 07:48:50] [DEBUG] Screenshot OK: (900, 1600)
[2026-04-29 07:48:50] [INFO] Không tìm thấy dấu chấm than (!) nào
[2026-04-29 07:48:50] [INFO] Đã xử lý 0 đơn hàng
[2026-04-29 07:48:50] [INFO] --- THỐNG KÊ ---
[2026-04-29 07:48:50] [INFO]   Thu hoạch: 0
[2026-04-29 07:48:50] [INFO]   Trồng cây: 0
[2026-04-29 07:48:50] [INFO]   Đơn hàng:  4
[2026-04-29 07:48:50] [INFO]   Lỗi:       0
[2026-04-29 07:48:55] [INFO] ========================================
[2026-04-29 07:48:55] [INFO] 🔄 BẮT ĐẦU CHU KỲ MỚI
[2026-04-29 07:48:55] [INFO] ========================================
[2026-04-29 07:48:55] [INFO] ⏭️ Bỏ qua thu hoạch (chưa có ảnh mẫu)
[2026-04-29 07:48:55] [INFO] ⏭️ Bỏ qua trồng cây (chưa có ảnh mẫu)
[2026-04-29 07:48:55] [INFO] 📦 Bắt đầu XỬ LÝ ĐƠN HÀNG...
[2026-04-29 07:48:56] [DEBUG] Screenshot OK: (900, 1600)
[2026-04-29 07:48:57] [INFO] Không tìm thấy dấu chấm than (!) nào
[2026-04-29 07:48:57] [INFO] Đã xử lý 0 đơn hàng
[2026-04-29 07:48:57] [INFO] --- THỐNG KÊ ---
[2026-04-29 07:48:57] [INFO]   Thu hoạch: 0
[2026-04-29 07:48:57] [INFO]   Trồng cây: 0
[2026-04-29 07:48:57] [INFO]   Đơn hàng:  4
[2026-04-29 07:48:57] [INFO]   Lỗi:       0
[2026-04-29 07:49:02] [INFO] ========================================
[2026-04-29 07:49:02] [INFO] 🔄 BẮT ĐẦU CHU KỲ MỚI
[2026-04-29 07:49:02] [INFO] ========================================
[2026-04-29 07:49:02] [INFO] ⏭️ Bỏ qua thu hoạch (chưa có ảnh mẫu)
[2026-04-29 07:49:02] [INFO] ⏭️ Bỏ qua trồng cây (chưa có ảnh mẫu)
[2026-04-29 07:49:02] [INFO] 📦 Bắt đầu XỬ LÝ ĐƠN HÀNG...
[2026-04-29 07:49:03] [DEBUG] Screenshot OK: (900, 1600)
[2026-04-29 07:49:03] [INFO] Không tìm thấy dấu chấm than (!) nào
[2026-04-29 07:49:03] [INFO] Đã xử lý 0 đơn hàng
[2026-04-29 07:49:03] [INFO] --- THỐNG KÊ ---
[2026-04-29 07:49:03] [INFO]   Thu hoạch: 0
[2026-04-29 07:49:03] [INFO]   Trồng cây: 0
[2026-04-29 07:49:03] [INFO]   Đơn hàng:  4
[2026-04-29 07:49:03] [INFO]   Lỗi:       0
[2026-04-29 07:49:08] [INFO] ========================================
[2026-04-29 07:49:08] [INFO] 🔄 BẮT ĐẦU CHU KỲ MỚI
[2026-04-29 07:49:08] [INFO] ========================================
[2026-04-29 07:49:08] [INFO] ⏭️ Bỏ qua thu hoạch (chưa có ảnh mẫu)
[2026-04-29 07:49:08] [INFO] ⏭️ Bỏ qua trồng cây (chưa có ảnh mẫu)
[2026-04-29 07:49:08] [INFO] 📦 Bắt đầu XỬ LÝ ĐƠN HÀNG...
[2026-04-29 07:49:09] [DEBUG] Screenshot OK: (900, 1600)
[2026-04-29 07:49:10] [INFO] Không tìm thấy dấu chấm than (!) nào
[2026-04-29 07:49:10] [INFO] Đã xử lý 0 đơn hàng
[2026-04-29 07:49:10] [INFO] --- THỐNG KÊ ---
[2026-04-29 07:49:10] [INFO]   Thu hoạch: 0
[2026-04-29 07:49:10] [INFO]   Trồng cây: 0
[2026-04-29 07:49:10] [INFO]   Đơn hàng:  4
[2026-04-29 07:49:10] [INFO]   Lỗi:       0
[2026-04-29 07:49:15] [INFO] ========================================
[2026-04-29 07:49:15] [INFO] 🔄 BẮT ĐẦU CHU KỲ MỚI
[2026-04-29 07:49:15] [INFO] ========================================
[2026-04-29 07:49:15] [INFO] ⏭️ Bỏ qua thu hoạch (chưa có ảnh mẫu)
[2026-04-29 07:49:15] [INFO] ⏭️ Bỏ qua trồng cây (chưa có ảnh mẫu)
[2026-04-29 07:49:15] [INFO] 📦 Bắt đầu XỬ LÝ ĐƠN HÀNG...
[2026-04-29 07:49:16] [DEBUG] Screenshot OK: (900, 1600)
[2026-04-29 07:49:16] [INFO] Không tìm thấy dấu chấm than (!) nào
[2026-04-29 07:49:16] [INFO] Đã xử lý 0 đơn hàng
[2026-04-29 07:49:16] [INFO] --- THỐNG KÊ ---
[2026-04-29 07:49:16] [INFO]   Thu hoạch: 0
[2026-04-29 07:49:16] [INFO]   Trồng cây: 0
[2026-04-29 07:49:16] [INFO]   Đơn hàng:  4
[2026-04-29 07:49:16] [INFO]   Lỗi:       0
[2026-04-29 07:49:21] [INFO] ========================================
[2026-04-29 07:49:21] [INFO] 🔄 BẮT ĐẦU CHU KỲ MỚI
[2026-04-29 07:49:21] [INFO] ========================================
[2026-04-29 07:49:21] [INFO] ⏭️ Bỏ qua thu hoạch (chưa có ảnh mẫu)
[2026-04-29 07:49:21] [INFO] ⏭️ Bỏ qua trồng cây (chưa có ảnh mẫu)
[2026-04-29 07:49:21] [INFO] 📦 Bắt đầu XỬ LÝ ĐƠN HÀNG...
[2026-04-29 07:49:22] [DEBUG] Screenshot OK: (900, 1600)
[2026-04-29 07:49:23] [INFO] Tìm thấy 2 dấu (!): 2 đỏ, 0 vàng
[2026-04-29 07:49:23] [INFO]   🔴 Click dấu (!) red tại (200, 705) conf=1.00
[2026-04-29 07:49:23] [DEBUG] Tap: (200, 705)
[2026-04-29 07:49:27] [DEBUG] Screenshot OK: (900, 1600)
[2026-04-29 07:49:28] [DEBUG] Found btn_chua_co_hang.png at (275,1277) conf=1.000
[2026-04-29 07:49:28] [DEBUG] Tap: (275, 1277)
[2026-04-29 07:49:28] [INFO] Tap btn_chua_co_hang.png at (275,1277)
[2026-04-29 07:49:28] [INFO]   ✅ Đã click 'Chưa có hàng'
[2026-04-29 07:49:29] [INFO]   ✅ Xử lý đơn #1
[2026-04-29 07:49:30] [INFO]   🔴 Click dấu (!) red tại (578, 384) conf=1.00
[2026-04-29 07:49:30] [DEBUG] Tap: (578, 384)
[2026-04-29 07:49:34] [DEBUG] Screenshot OK: (900, 1600)
[2026-04-29 07:49:34] [DEBUG] Found btn_chua_co_hang.png at (275,1277) conf=1.000
[2026-04-29 07:49:35] [DEBUG] Tap: (275, 1277)
[2026-04-29 07:49:35] [INFO] Tap btn_chua_co_hang.png at (275,1277)
[2026-04-29 07:49:35] [INFO]   ✅ Đã click 'Chưa có hàng'
[2026-04-29 07:49:36] [INFO]   ✅ Xử lý đơn #2
[2026-04-29 07:49:40] [DEBUG] Screenshot OK: (900, 1600)
[2026-04-29 07:49:40] [INFO] Tìm thấy 1 dấu (!): 0 đỏ, 1 vàng
[2026-04-29 07:49:40] [INFO]   🟡 Click dấu (!) yellow tại (695, 677) conf=0.98
[2026-04-29 07:49:41] [DEBUG] Tap: (695, 677)
[2026-04-29 07:49:45] [DEBUG] Screenshot OK: (900, 1600)
[2026-04-29 07:49:45] [DEBUG] Found btn_den_lam.png at (597,1277) conf=1.000
[2026-04-29 07:49:45] [DEBUG] Tap: (597, 1277)
[2026-04-29 07:49:45] [INFO] Tap btn_den_lam.png at (597,1277)
[2026-04-29 07:49:45] [INFO]   🔨 Đã click 'Đến làm'
[2026-04-29 07:49:48] [DEBUG] Screenshot OK: (900, 1600)
[2026-04-29 07:49:48] [DEBUG] Found btn_lam.png at (445,1477) conf=0.999
[2026-04-29 07:49:48] [DEBUG] Tap: (445, 1477)
[2026-04-29 07:49:49] [INFO]   ✅ Đã click 'Làm' tại (445, 1477)
[2026-04-29 07:49:53] [DEBUG] Screenshot OK: (900, 1600)
[2026-04-29 07:49:53] [WARNING]   Nhấn Back để đóng
[2026-04-29 07:49:53] [DEBUG] Key event: 4
[2026-04-29 07:49:57] [DEBUG] Screenshot OK: (900, 1600)
[2026-04-29 07:49:57] [WARNING]   Không tìm thấy nút 'Giao'
[2026-04-29 07:49:57] [INFO]   ✅ Xử lý đơn #3
[2026-04-29 07:50:01] [DEBUG] Screenshot OK: (900, 1600)
[2026-04-29 07:50:02] [INFO] Đã xử lý 3 đơn hàng
[2026-04-29 07:50:02] [INFO] --- THỐNG KÊ ---
[2026-04-29 07:50:02] [INFO]   Thu hoạch: 0
[2026-04-29 07:50:02] [INFO]   Trồng cây: 0
[2026-04-29 07:50:02] [INFO]   Đơn hàng:  7
[2026-04-29 07:50:02] [INFO]   Lỗi:       0
[2026-04-29 07:50:07] [INFO] ========================================
[2026-04-29 07:50:07] [INFO] 🔄 BẮT ĐẦU CHU KỲ MỚI
[2026-04-29 07:50:07] [INFO] ========================================
[2026-04-29 07:50:07] [INFO] ⏭️ Bỏ qua thu hoạch (chưa có ảnh mẫu)
[2026-04-29 07:50:07] [INFO] ⏭️ Bỏ qua trồng cây (chưa có ảnh mẫu)
[2026-04-29 07:50:07] [INFO] 📦 Bắt đầu XỬ LÝ ĐƠN HÀNG...
[2026-04-29 07:50:07] [DEBUG] Screenshot OK: (900, 1600)
[2026-04-29 07:50:08] [INFO] Không tìm thấy dấu chấm than (!) nào
[2026-04-29 07:50:08] [INFO] Đã xử lý 0 đơn hàng
[2026-04-29 07:50:08] [INFO] --- THỐNG KÊ ---
[2026-04-29 07:50:08] [INFO]   Thu hoạch: 0
[2026-04-29 07:50:08] [INFO]   Trồng cây: 0
[2026-04-29 07:50:08] [INFO]   Đơn hàng:  7
[2026-04-29 07:50:08] [INFO]   Lỗi:       0
[2026-04-29 07:50:13] [INFO] ========================================
[2026-04-29 07:50:13] [INFO] 🔄 BẮT ĐẦU CHU KỲ MỚI
[2026-04-29 07:50:13] [INFO] ========================================
[2026-04-29 07:50:13] [INFO] ⏭️ Bỏ qua thu hoạch (chưa có ảnh mẫu)
[2026-04-29 07:50:13] [INFO] ⏭️ Bỏ qua trồng cây (chưa có ảnh mẫu)
[2026-04-29 07:50:13] [INFO] 📦 Bắt đầu XỬ LÝ ĐƠN HÀNG...
[2026-04-29 07:50:14] [DEBUG] Screenshot OK: (900, 1600)
[2026-04-29 07:50:14] [INFO] Không tìm thấy dấu chấm than (!) nào
[2026-04-29 07:50:14] [INFO] Đã xử lý 0 đơn hàng
[2026-04-29 07:50:14] [INFO] --- THỐNG KÊ ---
[2026-04-29 07:50:14] [INFO]   Thu hoạch: 0
[2026-04-29 07:50:14] [INFO]   Trồng cây: 0
[2026-04-29 07:50:14] [INFO]   Đơn hàng:  7
[2026-04-29 07:50:14] [INFO]   Lỗi:       0
[2026-04-29 07:50:19] [INFO] ========================================
[2026-04-29 07:50:19] [INFO] 🔄 BẮT ĐẦU CHU KỲ MỚI
[2026-04-29 07:50:19] [INFO] ========================================
[2026-04-29 07:50:19] [INFO] ⏭️ Bỏ qua thu hoạch (chưa có ảnh mẫu)
[2026-04-29 07:50:19] [INFO] ⏭️ Bỏ qua trồng cây (chưa có ảnh mẫu)
[2026-04-29 07:50:19] [INFO] 📦 Bắt đầu XỬ LÝ ĐƠN HÀNG...
[2026-04-29 07:50:21] [DEBUG] Screenshot OK: (900, 1600)
[2026-04-29 07:50:21] [INFO] Không tìm thấy dấu chấm than (!) nào
[2026-04-29 07:50:21] [INFO] Đã xử lý 0 đơn hàng
[2026-04-29 07:50:21] [INFO] --- THỐNG KÊ ---
[2026-04-29 07:50:21] [INFO]   Thu hoạch: 0
[2026-04-29 07:50:21] [INFO]   Trồng cây: 0
[2026-04-29 07:50:21] [INFO]   Đơn hàng:  7
[2026-04-29 07:50:21] [INFO]   Lỗi:       0
[2026-04-29 07:51:54] [INFO] Tìm thấy ADB trong PATH
[2026-04-29 07:51:54] [INFO] Đang kết nối tới 127.0.0.1:5555...
[2026-04-29 07:51:56] [INFO] ✅ Đã kết nối: 127.0.0.1:5555
[2026-04-29 07:51:57] [DEBUG] Screenshot OK: (900, 1600)
[2026-04-29 07:53:46] [INFO] Tìm thấy ADB trong PATH
[2026-04-29 07:53:46] [INFO] ==================================================
[2026-04-29 07:53:46] [INFO] 🌱 KHỞI ĐỘNG AUTO GAME - THẾ GIỚI HOA VIÊN
[2026-04-29 07:53:46] [INFO] ==================================================
[2026-04-29 07:53:46] [INFO] Đang kết nối tới 127.0.0.1:5555...
[2026-04-29 07:53:48] [INFO] ✅ Đã kết nối: 127.0.0.1:5555
[2026-04-29 07:53:48] [INFO] Màn hình: 1600x900
[2026-04-29 07:53:48] [INFO] ========================================
[2026-04-29 07:53:48] [INFO] 🔄 BẮT ĐẦU CHU KỲ MỚI
[2026-04-29 07:53:48] [INFO] ========================================
[2026-04-29 07:53:48] [INFO] ⏭️ Bỏ qua thu hoạch (chưa có ảnh mẫu)
[2026-04-29 07:53:48] [INFO] ⏭️ Bỏ qua trồng cây (chưa có ảnh mẫu)
[2026-04-29 07:53:48] [INFO] 📦 Bắt đầu XỬ LÝ ĐƠN HÀNG...
[2026-04-29 07:53:49] [DEBUG] Screenshot OK: (900, 1600)
[2026-04-29 07:53:49] [INFO] Không tìm thấy dấu chấm than (!) nào
[2026-04-29 07:53:49] [INFO] Đã xử lý 0 đơn hàng
[2026-04-29 07:53:49] [INFO] --- THỐNG KÊ ---
[2026-04-29 07:53:49] [INFO]   Thu hoạch: 0
[2026-04-29 07:53:49] [INFO]   Trồng cây: 0
[2026-04-29 07:53:49] [INFO]   Đơn hàng:  0
[2026-04-29 07:53:49] [INFO]   Lỗi:       0
[2026-04-29 07:53:54] [INFO] ========================================
[2026-04-29 07:53:54] [INFO] 🔄 BẮT ĐẦU CHU KỲ MỚI
[2026-04-29 07:53:54] [INFO] ========================================
[2026-04-29 07:53:54] [INFO] ⏭️ Bỏ qua thu hoạch (chưa có ảnh mẫu)
[2026-04-29 07:53:54] [INFO] ⏭️ Bỏ qua trồng cây (chưa có ảnh mẫu)
[2026-04-29 07:53:54] [INFO] 📦 Bắt đầu XỬ LÝ ĐƠN HÀNG...
[2026-04-29 07:53:55] [DEBUG] Screenshot OK: (900, 1600)
[2026-04-29 07:53:56] [INFO] Không tìm thấy dấu chấm than (!) nào
[2026-04-29 07:53:56] [INFO] Đã xử lý 0 đơn hàng
[2026-04-29 07:53:56] [INFO] --- THỐNG KÊ ---
[2026-04-29 07:53:56] [INFO]   Thu hoạch: 0
[2026-04-29 07:53:56] [INFO]   Trồng cây: 0
[2026-04-29 07:53:56] [INFO]   Đơn hàng:  0
[2026-04-29 07:53:56] [INFO]   Lỗi:       0
[2026-04-29 07:54:01] [INFO] ========================================
[2026-04-29 07:54:01] [INFO] 🔄 BẮT ĐẦU CHU KỲ MỚI
[2026-04-29 07:54:01] [INFO] ========================================
[2026-04-29 07:54:01] [INFO] ⏭️ Bỏ qua thu hoạch (chưa có ảnh mẫu)
[2026-04-29 07:54:01] [INFO] ⏭️ Bỏ qua trồng cây (chưa có ảnh mẫu)
[2026-04-29 07:54:01] [INFO] 📦 Bắt đầu XỬ LÝ ĐƠN HÀNG...
[2026-04-29 07:54:02] [DEBUG] Screenshot OK: (900, 1600)
[2026-04-29 07:54:03] [INFO] Không tìm thấy dấu chấm than (!) nào
[2026-04-29 07:54:03] [INFO] Đã xử lý 0 đơn hàng
[2026-04-29 07:54:03] [INFO] --- THỐNG KÊ ---
[2026-04-29 07:54:03] [INFO]   Thu hoạch: 0
[2026-04-29 07:54:03] [INFO]   Trồng cây: 0
[2026-04-29 07:54:03] [INFO]   Đơn hàng:  0
[2026-04-29 07:54:03] [INFO]   Lỗi:       0
[2026-04-29 07:54:08] [INFO] ========================================
[2026-04-29 07:54:08] [INFO] 🔄 BẮT ĐẦU CHU KỲ MỚI
[2026-04-29 07:54:08] [INFO] ========================================
[2026-04-29 07:54:08] [INFO] ⏭️ Bỏ qua thu hoạch (chưa có ảnh mẫu)
[2026-04-29 07:54:08] [INFO] ⏭️ Bỏ qua trồng cây (chưa có ảnh mẫu)
[2026-04-29 07:54:08] [INFO] 📦 Bắt đầu XỬ LÝ ĐƠN HÀNG...
[2026-04-29 07:54:09] [DEBUG] Screenshot OK: (900, 1600)
[2026-04-29 07:54:10] [INFO] Tìm thấy 1 dấu (!): 0 đỏ, 1 vàng
[2026-04-29 07:54:10] [INFO]   🟡 Click dấu (!) yellow tại (579, 434) conf=0.98
[2026-04-29 07:54:10] [DEBUG] Tap: (579, 434)
[2026-04-29 07:54:14] [DEBUG] Screenshot OK: (900, 1600)
[2026-04-29 07:54:16] [DEBUG] Screenshot OK: (900, 1600)
[2026-04-29 07:54:16] [DEBUG] Found btn_close.png at (835,330) conf=1.000
[2026-04-29 07:54:16] [DEBUG] Tap: (835, 330)
[2026-04-29 07:54:17] [INFO] Tap btn_close.png at (835,330)
[2026-04-29 07:54:17] [INFO]   ❌ Đã đóng popup
[2026-04-29 07:54:18] [INFO]   ✅ Xử lý đơn #1
[2026-04-29 07:54:22] [DEBUG] Screenshot OK: (900, 1600)
[2026-04-29 07:54:23] [INFO] Tìm thấy 1 dấu (!): 0 đỏ, 1 vàng
[2026-04-29 07:54:23] [INFO]   🟡 Click dấu (!) yellow tại (579, 434) conf=0.98
[2026-04-29 07:54:23] [DEBUG] Tap: (579, 434)
[2026-04-29 07:54:27] [DEBUG] Screenshot OK: (900, 1600)
[2026-04-29 07:54:28] [DEBUG] Found btn_den_lam.png at (597,1277) conf=1.000
[2026-04-29 07:54:28] [DEBUG] Tap: (597, 1277)
[2026-04-29 07:54:28] [INFO] Tap btn_den_lam.png at (597,1277)
[2026-04-29 07:54:28] [INFO]   🔨 Đã click 'Đến làm'
[2026-04-29 07:54:31] [DEBUG] Screenshot OK: (900, 1600)
[2026-04-29 07:54:32] [DEBUG] Found btn_lam.png at (445,1477) conf=0.999
[2026-04-29 07:54:32] [DEBUG] Tap: (445, 1477)
[2026-04-29 07:54:32] [INFO]   ✅ Đã click 'Làm' tại (445, 1477)
[2026-04-29 07:54:35] [DEBUG] Tap: (50, 200)
[2026-04-29 07:54:36] [INFO]   ✅ Đã tap ngoài popup 'Làm xong'
[2026-04-29 07:54:38] [DEBUG] Screenshot OK: (900, 1600)
[2026-04-29 07:54:39] [DEBUG] Found btn_giao.png at (595,1277) conf=1.000
[2026-04-29 07:54:39] [DEBUG] Tap: (595, 1277)
[2026-04-29 07:54:39] [INFO] Tap btn_giao.png at (595,1277)
[2026-04-29 07:54:39] [INFO]   📦 Đã click 'Giao'
[2026-04-29 07:54:42] [DEBUG] Tap: (450, 1200)
[2026-04-29 07:54:42] [INFO]   🎉 Đã đóng popup phần thưởng
[2026-04-29 07:54:43] [INFO]   ✅ Xử lý đơn #2
[2026-04-29 07:54:48] [DEBUG] Screenshot OK: (900, 1600)
[2026-04-29 07:54:48] [INFO] Đã xử lý 2 đơn hàng
[2026-04-29 07:54:48] [INFO] --- THỐNG KÊ ---
[2026-04-29 07:54:48] [INFO]   Thu hoạch: 0
[2026-04-29 07:54:48] [INFO]   Trồng cây: 0
[2026-04-29 07:54:48] [INFO]   Đơn hàng:  2
[2026-04-29 07:54:48] [INFO]   Lỗi:       0
[2026-04-29 07:54:53] [INFO] ========================================
[2026-04-29 07:54:53] [INFO] 🔄 BẮT ĐẦU CHU KỲ MỚI
[2026-04-29 07:54:53] [INFO] ========================================
[2026-04-29 07:54:53] [INFO] ⏭️ Bỏ qua thu hoạch (chưa có ảnh mẫu)
[2026-04-29 07:54:53] [INFO] ⏭️ Bỏ qua trồng cây (chưa có ảnh mẫu)
[2026-04-29 07:54:53] [INFO] 📦 Bắt đầu XỬ LÝ ĐƠN HÀNG...
[2026-04-29 07:54:54] [DEBUG] Screenshot OK: (900, 1600)
[2026-04-29 07:54:55] [INFO] Không tìm thấy dấu chấm than (!) nào
[2026-04-29 07:54:55] [INFO] Đã xử lý 0 đơn hàng
[2026-04-29 07:54:55] [INFO] --- THỐNG KÊ ---
[2026-04-29 07:54:55] [INFO]   Thu hoạch: 0
[2026-04-29 07:54:55] [INFO]   Trồng cây: 0
[2026-04-29 07:54:55] [INFO]   Đơn hàng:  2
[2026-04-29 07:54:55] [INFO]   Lỗi:       0
[2026-04-29 07:55:00] [INFO] ========================================
[2026-04-29 07:55:00] [INFO] 🔄 BẮT ĐẦU CHU KỲ MỚI
[2026-04-29 07:55:00] [INFO] ========================================
[2026-04-29 07:55:00] [INFO] ⏭️ Bỏ qua thu hoạch (chưa có ảnh mẫu)
[2026-04-29 07:55:00] [INFO] ⏭️ Bỏ qua trồng cây (chưa có ảnh mẫu)
[2026-04-29 07:55:00] [INFO] 📦 Bắt đầu XỬ LÝ ĐƠN HÀNG...
[2026-04-29 07:55:01] [DEBUG] Screenshot OK: (900, 1600)
[2026-04-29 07:55:02] [INFO] Không tìm thấy dấu chấm than (!) nào
[2026-04-29 07:55:02] [INFO] Đã xử lý 0 đơn hàng
[2026-04-29 07:55:02] [INFO] --- THỐNG KÊ ---
[2026-04-29 07:55:02] [INFO]   Thu hoạch: 0
[2026-04-29 07:55:02] [INFO]   Trồng cây: 0
[2026-04-29 07:55:02] [INFO]   Đơn hàng:  2
[2026-04-29 07:55:02] [INFO]   Lỗi:       0
[2026-04-29 07:55:07] [INFO] ========================================
[2026-04-29 07:55:07] [INFO] 🔄 BẮT ĐẦU CHU KỲ MỚI
[2026-04-29 07:55:07] [INFO] ========================================
[2026-04-29 07:55:07] [INFO] ⏭️ Bỏ qua thu hoạch (chưa có ảnh mẫu)
[2026-04-29 07:55:07] [INFO] ⏭️ Bỏ qua trồng cây (chưa có ảnh mẫu)
[2026-04-29 07:55:07] [INFO] 📦 Bắt đầu XỬ LÝ ĐƠN HÀNG...
[2026-04-29 07:55:08] [DEBUG] Screenshot OK: (900, 1600)
[2026-04-29 07:55:08] [INFO] Tìm thấy 1 dấu (!): 0 đỏ, 1 vàng
[2026-04-29 07:55:08] [INFO]   🟡 Click dấu (!) yellow tại (694, 677) conf=0.98
[2026-04-29 07:55:08] [DEBUG] Tap: (694, 677)
[2026-04-29 07:55:13] [DEBUG] Screenshot OK: (900, 1600)
[2026-04-29 07:55:13] [DEBUG] Found btn_den_lam.png at (597,1277) conf=1.000
[2026-04-29 07:55:13] [DEBUG] Tap: (597, 1277)
[2026-04-29 07:55:13] [INFO] Tap btn_den_lam.png at (597,1277)
[2026-04-29 07:55:13] [INFO]   🔨 Đã click 'Đến làm'
[2026-04-29 07:55:16] [DEBUG] Screenshot OK: (900, 1600)
[2026-04-29 07:55:16] [DEBUG] Found btn_lam.png at (445,1477) conf=0.999
[2026-04-29 07:55:16] [DEBUG] Tap: (445, 1477)
[2026-04-29 07:55:17] [INFO]   ✅ Đã click 'Làm' tại (445, 1477)
[2026-04-29 07:55:20] [DEBUG] Tap: (50, 200)
[2026-04-29 07:55:20] [INFO]   ✅ Đã tap ngoài popup 'Làm xong'
[2026-04-29 07:55:23] [DEBUG] Screenshot OK: (900, 1600)
[2026-04-29 07:55:23] [DEBUG] Found btn_giao.png at (595,1277) conf=1.000
[2026-04-29 07:55:23] [DEBUG] Tap: (595, 1277)
[2026-04-29 07:55:23] [INFO] Tap btn_giao.png at (595,1277)
[2026-04-29 07:55:23] [INFO]   📦 Đã click 'Giao'
[2026-04-29 07:55:27] [DEBUG] Tap: (450, 1200)
[2026-04-29 07:55:27] [INFO]   🎉 Đã đóng popup phần thưởng
[2026-04-29 07:55:28] [INFO]   ✅ Xử lý đơn #1
[2026-04-29 07:55:32] [DEBUG] Screenshot OK: (900, 1600)
[2026-04-29 07:55:33] [INFO] Đã xử lý 1 đơn hàng
[2026-04-29 07:55:33] [INFO] --- THỐNG KÊ ---
[2026-04-29 07:55:33] [INFO]   Thu hoạch: 0
[2026-04-29 07:55:33] [INFO]   Trồng cây: 0
[2026-04-29 07:55:33] [INFO]   Đơn hàng:  3
[2026-04-29 07:55:33] [INFO]   Lỗi:       0
[2026-04-29 07:55:38] [INFO] ========================================
[2026-04-29 07:55:38] [INFO] 🔄 BẮT ĐẦU CHU KỲ MỚI
[2026-04-29 07:55:38] [INFO] ========================================
[2026-04-29 07:55:38] [INFO] ⏭️ Bỏ qua thu hoạch (chưa có ảnh mẫu)
[2026-04-29 07:55:38] [INFO] ⏭️ Bỏ qua trồng cây (chưa có ảnh mẫu)
[2026-04-29 07:55:38] [INFO] 📦 Bắt đầu XỬ LÝ ĐƠN HÀNG...
[2026-04-29 07:55:39] [DEBUG] Screenshot OK: (900, 1600)
[2026-04-29 07:55:39] [INFO] Không tìm thấy dấu chấm than (!) nào
[2026-04-29 07:55:39] [INFO] Đã xử lý 0 đơn hàng
[2026-04-29 07:55:39] [INFO] --- THỐNG KÊ ---
[2026-04-29 07:55:39] [INFO]   Thu hoạch: 0
[2026-04-29 07:55:39] [INFO]   Trồng cây: 0
[2026-04-29 07:55:39] [INFO]   Đơn hàng:  3
[2026-04-29 07:55:39] [INFO]   Lỗi:       0
[2026-04-29 07:55:44] [INFO] ========================================
[2026-04-29 07:55:44] [INFO] 🔄 BẮT ĐẦU CHU KỲ MỚI
[2026-04-29 07:55:44] [INFO] ========================================
[2026-04-29 07:55:44] [INFO] ⏭️ Bỏ qua thu hoạch (chưa có ảnh mẫu)
[2026-04-29 07:55:44] [INFO] ⏭️ Bỏ qua trồng cây (chưa có ảnh mẫu)
[2026-04-29 07:55:44] [INFO] 📦 Bắt đầu XỬ LÝ ĐƠN HÀNG...
[2026-04-29 07:55:45] [DEBUG] Screenshot OK: (900, 1600)
[2026-04-29 07:55:46] [INFO] Không tìm thấy dấu chấm than (!) nào
[2026-04-29 07:55:46] [INFO] Đã xử lý 0 đơn hàng
[2026-04-29 07:55:46] [INFO] --- THỐNG KÊ ---
[2026-04-29 07:55:46] [INFO]   Thu hoạch: 0
[2026-04-29 07:55:46] [INFO]   Trồng cây: 0
[2026-04-29 07:55:46] [INFO]   Đơn hàng:  3
[2026-04-29 07:55:46] [INFO]   Lỗi:       0
[2026-04-29 07:55:51] [INFO] ========================================
[2026-04-29 07:55:51] [INFO] 🔄 BẮT ĐẦU CHU KỲ MỚI
[2026-04-29 07:55:51] [INFO] ========================================
[2026-04-29 07:55:51] [INFO] ⏭️ Bỏ qua thu hoạch (chưa có ảnh mẫu)
[2026-04-29 07:55:51] [INFO] ⏭️ Bỏ qua trồng cây (chưa có ảnh mẫu)
[2026-04-29 07:55:51] [INFO] 📦 Bắt đầu XỬ LÝ ĐƠN HÀNG...
[2026-04-29 07:55:52] [DEBUG] Screenshot OK: (900, 1600)
[2026-04-29 07:55:52] [INFO] Không tìm thấy dấu chấm than (!) nào
[2026-04-29 07:55:52] [INFO] Đã xử lý 0 đơn hàng
[2026-04-29 07:55:52] [INFO] --- THỐNG KÊ ---
[2026-04-29 07:55:52] [INFO]   Thu hoạch: 0
[2026-04-29 07:55:52] [INFO]   Trồng cây: 0
[2026-04-29 07:55:52] [INFO]   Đơn hàng:  3
[2026-04-29 07:55:52] [INFO]   Lỗi:       0
[2026-04-29 07:55:57] [INFO] ========================================
[2026-04-29 07:55:57] [INFO] 🔄 BẮT ĐẦU CHU KỲ MỚI
[2026-04-29 07:55:57] [INFO] ========================================
[2026-04-29 07:55:57] [INFO] ⏭️ Bỏ qua thu hoạch (chưa có ảnh mẫu)
[2026-04-29 07:55:57] [INFO] ⏭️ Bỏ qua trồng cây (chưa có ảnh mẫu)
[2026-04-29 07:55:57] [INFO] 📦 Bắt đầu XỬ LÝ ĐƠN HÀNG...
[2026-04-29 07:55:58] [DEBUG] Screenshot OK: (900, 1600)
[2026-04-29 07:55:59] [INFO] Không tìm thấy dấu chấm than (!) nào
[2026-04-29 07:55:59] [INFO] Đã xử lý 0 đơn hàng
[2026-04-29 07:55:59] [INFO] --- THỐNG KÊ ---
[2026-04-29 07:55:59] [INFO]   Thu hoạch: 0
[2026-04-29 07:55:59] [INFO]   Trồng cây: 0
[2026-04-29 07:55:59] [INFO]   Đơn hàng:  3
[2026-04-29 07:55:59] [INFO]   Lỗi:       0
[2026-04-29 07:56:04] [INFO] ========================================
[2026-04-29 07:56:04] [INFO] 🔄 BẮT ĐẦU CHU KỲ MỚI
[2026-04-29 07:56:04] [INFO] ========================================
[2026-04-29 07:56:04] [INFO] ⏭️ Bỏ qua thu hoạch (chưa có ảnh mẫu)
[2026-04-29 07:56:04] [INFO] ⏭️ Bỏ qua trồng cây (chưa có ảnh mẫu)
[2026-04-29 07:56:04] [INFO] 📦 Bắt đầu XỬ LÝ ĐƠN HÀNG...
[2026-04-29 07:56:05] [DEBUG] Screenshot OK: (900, 1600)
[2026-04-29 07:56:06] [INFO] Không tìm thấy dấu chấm than (!) nào
[2026-04-29 07:56:06] [INFO] Đã xử lý 0 đơn hàng
[2026-04-29 07:56:06] [INFO] --- THỐNG KÊ ---
[2026-04-29 07:56:06] [INFO]   Thu hoạch: 0
[2026-04-29 07:56:06] [INFO]   Trồng cây: 0
[2026-04-29 07:56:06] [INFO]   Đơn hàng:  3
[2026-04-29 07:56:06] [INFO]   Lỗi:       0
[2026-04-29 07:56:11] [INFO] ========================================
[2026-04-29 07:56:11] [INFO] 🔄 BẮT ĐẦU CHU KỲ MỚI
[2026-04-29 07:56:11] [INFO] ========================================
[2026-04-29 07:56:11] [INFO] ⏭️ Bỏ qua thu hoạch (chưa có ảnh mẫu)
[2026-04-29 07:56:11] [INFO] ⏭️ Bỏ qua trồng cây (chưa có ảnh mẫu)
[2026-04-29 07:56:11] [INFO] 📦 Bắt đầu XỬ LÝ ĐƠN HÀNG...
[2026-04-29 07:56:12] [DEBUG] Screenshot OK: (900, 1600)
[2026-04-29 07:56:12] [INFO] Không tìm thấy dấu chấm than (!) nào
[2026-04-29 07:56:12] [INFO] Đã xử lý 0 đơn hàng
[2026-04-29 07:56:12] [INFO] --- THỐNG KÊ ---
[2026-04-29 07:56:12] [INFO]   Thu hoạch: 0
[2026-04-29 07:56:12] [INFO]   Trồng cây: 0
[2026-04-29 07:56:12] [INFO]   Đơn hàng:  3
[2026-04-29 07:56:12] [INFO]   Lỗi:       0
[2026-04-29 07:56:17] [INFO] ========================================
[2026-04-29 07:56:17] [INFO] 🔄 BẮT ĐẦU CHU KỲ MỚI
[2026-04-29 07:56:17] [INFO] ========================================
[2026-04-29 07:56:17] [INFO] ⏭️ Bỏ qua thu hoạch (chưa có ảnh mẫu)
[2026-04-29 07:56:17] [INFO] ⏭️ Bỏ qua trồng cây (chưa có ảnh mẫu)
[2026-04-29 07:56:17] [INFO] 📦 Bắt đầu XỬ LÝ ĐƠN HÀNG...
[2026-04-29 07:56:18] [DEBUG] Screenshot OK: (900, 1600)
[2026-04-29 07:56:19] [INFO] Không tìm thấy dấu chấm than (!) nào
[2026-04-29 07:56:19] [INFO] Đã xử lý 0 đơn hàng
[2026-04-29 07:56:19] [INFO] --- THỐNG KÊ ---
[2026-04-29 07:56:19] [INFO]   Thu hoạch: 0
[2026-04-29 07:56:19] [INFO]   Trồng cây: 0
[2026-04-29 07:56:19] [INFO]   Đơn hàng:  3
[2026-04-29 07:56:19] [INFO]   Lỗi:       0
[2026-04-29 07:56:24] [INFO] ========================================
[2026-04-29 07:56:24] [INFO] 🔄 BẮT ĐẦU CHU KỲ MỚI
[2026-04-29 07:56:24] [INFO] ========================================
[2026-04-29 07:56:24] [INFO] ⏭️ Bỏ qua thu hoạch (chưa có ảnh mẫu)
[2026-04-29 07:56:24] [INFO] ⏭️ Bỏ qua trồng cây (chưa có ảnh mẫu)
[2026-04-29 07:56:24] [INFO] 📦 Bắt đầu XỬ LÝ ĐƠN HÀNG...
[2026-04-29 07:56:25] [DEBUG] Screenshot OK: (900, 1600)
[2026-04-29 07:56:26] [INFO] Không tìm thấy dấu chấm than (!) nào
[2026-04-29 07:56:26] [INFO] Đã xử lý 0 đơn hàng
[2026-04-29 07:56:26] [INFO] --- THỐNG KÊ ---
[2026-04-29 07:56:26] [INFO]   Thu hoạch: 0
[2026-04-29 07:56:26] [INFO]   Trồng cây: 0
[2026-04-29 07:56:26] [INFO]   Đơn hàng:  3
[2026-04-29 07:56:26] [INFO]   Lỗi:       0
[2026-04-29 07:56:31] [INFO] ========================================
[2026-04-29 07:56:31] [INFO] 🔄 BẮT ĐẦU CHU KỲ MỚI
[2026-04-29 07:56:31] [INFO] ========================================
[2026-04-29 07:56:31] [INFO] ⏭️ Bỏ qua thu hoạch (chưa có ảnh mẫu)
[2026-04-29 07:56:31] [INFO] ⏭️ Bỏ qua trồng cây (chưa có ảnh mẫu)
[2026-04-29 07:56:31] [INFO] 📦 Bắt đầu XỬ LÝ ĐƠN HÀNG...
[2026-04-29 07:56:32] [DEBUG] Screenshot OK: (900, 1600)
[2026-04-29 07:56:32] [INFO] Không tìm thấy dấu chấm than (!) nào
[2026-04-29 07:56:32] [INFO] Đã xử lý 0 đơn hàng
[2026-04-29 07:56:32] [INFO] --- THỐNG KÊ ---
[2026-04-29 07:56:32] [INFO]   Thu hoạch: 0
[2026-04-29 07:56:32] [INFO]   Trồng cây: 0
[2026-04-29 07:56:32] [INFO]   Đơn hàng:  3
[2026-04-29 07:56:32] [INFO]   Lỗi:       0
[2026-04-29 07:56:37] [INFO] ========================================
[2026-04-29 07:56:37] [INFO] 🔄 BẮT ĐẦU CHU KỲ MỚI
[2026-04-29 07:56:37] [INFO] ========================================
[2026-04-29 07:56:37] [INFO] ⏭️ Bỏ qua thu hoạch (chưa có ảnh mẫu)
[2026-04-29 07:56:37] [INFO] ⏭️ Bỏ qua trồng cây (chưa có ảnh mẫu)
[2026-04-29 07:56:37] [INFO] 📦 Bắt đầu XỬ LÝ ĐƠN HÀNG...
[2026-04-29 07:56:38] [DEBUG] Screenshot OK: (900, 1600)
[2026-04-29 07:56:39] [INFO] Không tìm thấy dấu chấm than (!) nào
[2026-04-29 07:56:39] [INFO] Đã xử lý 0 đơn hàng
[2026-04-29 07:56:39] [INFO] --- THỐNG KÊ ---
[2026-04-29 07:56:39] [INFO]   Thu hoạch: 0
[2026-04-29 07:56:39] [INFO]   Trồng cây: 0
[2026-04-29 07:56:39] [INFO]   Đơn hàng:  3
[2026-04-29 07:56:39] [INFO]   Lỗi:       0
[2026-04-29 07:56:44] [INFO] ========================================
[2026-04-29 07:56:44] [INFO] 🔄 BẮT ĐẦU CHU KỲ MỚI
[2026-04-29 07:56:44] [INFO] ========================================
[2026-04-29 07:56:44] [INFO] ⏭️ Bỏ qua thu hoạch (chưa có ảnh mẫu)
[2026-04-29 07:56:44] [INFO] ⏭️ Bỏ qua trồng cây (chưa có ảnh mẫu)
[2026-04-29 07:56:44] [INFO] 📦 Bắt đầu XỬ LÝ ĐƠN HÀNG...
[2026-04-29 07:56:45] [DEBUG] Screenshot OK: (900, 1600)
[2026-04-29 07:56:46] [INFO] Không tìm thấy dấu chấm than (!) nào
[2026-04-29 07:56:46] [INFO] Đã xử lý 0 đơn hàng
[2026-04-29 07:56:46] [INFO] --- THỐNG KÊ ---
[2026-04-29 07:56:46] [INFO]   Thu hoạch: 0
[2026-04-29 07:56:46] [INFO]   Trồng cây: 0
[2026-04-29 07:56:46] [INFO]   Đơn hàng:  3
[2026-04-29 07:56:46] [INFO]   Lỗi:       0
[2026-04-29 07:56:51] [INFO] ========================================
[2026-04-29 07:56:51] [INFO] 🔄 BẮT ĐẦU CHU KỲ MỚI
[2026-04-29 07:56:51] [INFO] ========================================
[2026-04-29 07:56:51] [INFO] ⏭️ Bỏ qua thu hoạch (chưa có ảnh mẫu)
[2026-04-29 07:56:51] [INFO] ⏭️ Bỏ qua trồng cây (chưa có ảnh mẫu)
[2026-04-29 07:56:51] [INFO] 📦 Bắt đầu XỬ LÝ ĐƠN HÀNG...
[2026-04-29 07:56:52] [DEBUG] Screenshot OK: (900, 1600)
[2026-04-29 07:56:52] [INFO] Không tìm thấy dấu chấm than (!) nào
[2026-04-29 07:56:52] [INFO] Đã xử lý 0 đơn hàng
[2026-04-29 07:56:52] [INFO] --- THỐNG KÊ ---
[2026-04-29 07:56:52] [INFO]   Thu hoạch: 0
[2026-04-29 07:56:52] [INFO]   Trồng cây: 0
[2026-04-29 07:56:52] [INFO]   Đơn hàng:  3
[2026-04-29 07:56:52] [INFO]   Lỗi:       0
[2026-04-29 07:56:57] [INFO] ========================================
[2026-04-29 07:56:57] [INFO] 🔄 BẮT ĐẦU CHU KỲ MỚI
[2026-04-29 07:56:57] [INFO] ========================================
[2026-04-29 07:56:57] [INFO] ⏭️ Bỏ qua thu hoạch (chưa có ảnh mẫu)
[2026-04-29 07:56:57] [INFO] ⏭️ Bỏ qua trồng cây (chưa có ảnh mẫu)
[2026-04-29 07:56:57] [INFO] 📦 Bắt đầu XỬ LÝ ĐƠN HÀNG...
[2026-04-29 07:56:58] [DEBUG] Screenshot OK: (900, 1600)
[2026-04-29 07:56:59] [INFO] Không tìm thấy dấu chấm than (!) nào
[2026-04-29 07:56:59] [INFO] Đã xử lý 0 đơn hàng
[2026-04-29 07:56:59] [INFO] --- THỐNG KÊ ---
[2026-04-29 07:56:59] [INFO]   Thu hoạch: 0
[2026-04-29 07:56:59] [INFO]   Trồng cây: 0
[2026-04-29 07:56:59] [INFO]   Đơn hàng:  3
[2026-04-29 07:56:59] [INFO]   Lỗi:       0
[2026-04-29 07:57:04] [INFO] ========================================
[2026-04-29 07:57:04] [INFO] 🔄 BẮT ĐẦU CHU KỲ MỚI
[2026-04-29 07:57:04] [INFO] ========================================
[2026-04-29 07:57:04] [INFO] ⏭️ Bỏ qua thu hoạch (chưa có ảnh mẫu)
[2026-04-29 07:57:04] [INFO] ⏭️ Bỏ qua trồng cây (chưa có ảnh mẫu)
[2026-04-29 07:57:04] [INFO] 📦 Bắt đầu XỬ LÝ ĐƠN HÀNG...
[2026-04-29 07:57:05] [DEBUG] Screenshot OK: (900, 1600)
[2026-04-29 07:57:05] [INFO] Không tìm thấy dấu chấm than (!) nào
[2026-04-29 07:57:05] [INFO] Đã xử lý 0 đơn hàng
[2026-04-29 07:57:05] [INFO] --- THỐNG KÊ ---
[2026-04-29 07:57:05] [INFO]   Thu hoạch: 0
[2026-04-29 07:57:05] [INFO]   Trồng cây: 0
[2026-04-29 07:57:05] [INFO]   Đơn hàng:  3
[2026-04-29 07:57:05] [INFO]   Lỗi:       0
[2026-04-29 07:57:10] [INFO] ========================================
[2026-04-29 07:57:10] [INFO] 🔄 BẮT ĐẦU CHU KỲ MỚI
[2026-04-29 07:57:10] [INFO] ========================================
[2026-04-29 07:57:10] [INFO] ⏭️ Bỏ qua thu hoạch (chưa có ảnh mẫu)
[2026-04-29 07:57:10] [INFO] ⏭️ Bỏ qua trồng cây (chưa có ảnh mẫu)
[2026-04-29 07:57:10] [INFO] 📦 Bắt đầu XỬ LÝ ĐƠN HÀNG...
[2026-04-29 07:57:11] [DEBUG] Screenshot OK: (900, 1600)
[2026-04-29 07:57:12] [INFO] Không tìm thấy dấu chấm than (!) nào
[2026-04-29 07:57:12] [INFO] Đã xử lý 0 đơn hàng
[2026-04-29 07:57:12] [INFO] --- THỐNG KÊ ---
[2026-04-29 07:57:12] [INFO]   Thu hoạch: 0
[2026-04-29 07:57:12] [INFO]   Trồng cây: 0
[2026-04-29 07:57:12] [INFO]   Đơn hàng:  3
[2026-04-29 07:57:12] [INFO]   Lỗi:       0
[2026-04-29 07:57:17] [INFO] ========================================
[2026-04-29 07:57:17] [INFO] 🔄 BẮT ĐẦU CHU KỲ MỚI
[2026-04-29 07:57:17] [INFO] ========================================
[2026-04-29 07:57:17] [INFO] ⏭️ Bỏ qua thu hoạch (chưa có ảnh mẫu)
[2026-04-29 07:57:17] [INFO] ⏭️ Bỏ qua trồng cây (chưa có ảnh mẫu)
[2026-04-29 07:57:17] [INFO] 📦 Bắt đầu XỬ LÝ ĐƠN HÀNG...
[2026-04-29 07:57:18] [DEBUG] Screenshot OK: (900, 1600)
[2026-04-29 07:57:18] [INFO] Không tìm thấy dấu chấm than (!) nào
[2026-04-29 07:57:18] [INFO] Đã xử lý 0 đơn hàng
[2026-04-29 07:57:18] [INFO] --- THỐNG KÊ ---
[2026-04-29 07:57:18] [INFO]   Thu hoạch: 0
[2026-04-29 07:57:18] [INFO]   Trồng cây: 0
[2026-04-29 07:57:18] [INFO]   Đơn hàng:  3
[2026-04-29 07:57:18] [INFO]   Lỗi:       0
[2026-04-29 07:57:23] [INFO] ========================================
[2026-04-29 07:57:23] [INFO] 🔄 BẮT ĐẦU CHU KỲ MỚI
[2026-04-29 07:57:23] [INFO] ========================================
[2026-04-29 07:57:23] [INFO] ⏭️ Bỏ qua thu hoạch (chưa có ảnh mẫu)
[2026-04-29 07:57:23] [INFO] ⏭️ Bỏ qua trồng cây (chưa có ảnh mẫu)
[2026-04-29 07:57:23] [INFO] 📦 Bắt đầu XỬ LÝ ĐƠN HÀNG...
[2026-04-29 07:57:24] [DEBUG] Screenshot OK: (900, 1600)
[2026-04-29 07:57:25] [INFO] Không tìm thấy dấu chấm than (!) nào
[2026-04-29 07:57:25] [INFO] Đã xử lý 0 đơn hàng
[2026-04-29 07:57:25] [INFO] --- THỐNG KÊ ---
[2026-04-29 07:57:25] [INFO]   Thu hoạch: 0
[2026-04-29 07:57:25] [INFO]   Trồng cây: 0
[2026-04-29 07:57:25] [INFO]   Đơn hàng:  3
[2026-04-29 07:57:25] [INFO]   Lỗi:       0
[2026-04-29 07:57:30] [INFO] ========================================
[2026-04-29 07:57:30] [INFO] 🔄 BẮT ĐẦU CHU KỲ MỚI
[2026-04-29 07:57:30] [INFO] ========================================
[2026-04-29 07:57:30] [INFO] ⏭️ Bỏ qua thu hoạch (chưa có ảnh mẫu)
[2026-04-29 07:57:30] [INFO] ⏭️ Bỏ qua trồng cây (chưa có ảnh mẫu)
[2026-04-29 07:57:30] [INFO] 📦 Bắt đầu XỬ LÝ ĐƠN HÀNG...
[2026-04-29 07:57:31] [DEBUG] Screenshot OK: (900, 1600)
[2026-04-29 07:57:31] [INFO] Không tìm thấy dấu chấm than (!) nào
[2026-04-29 07:57:31] [INFO] Đã xử lý 0 đơn hàng
[2026-04-29 07:57:31] [INFO] --- THỐNG KÊ ---
[2026-04-29 07:57:31] [INFO]   Thu hoạch: 0
[2026-04-29 07:57:31] [INFO]   Trồng cây: 0
[2026-04-29 07:57:31] [INFO]   Đơn hàng:  3
[2026-04-29 07:57:31] [INFO]   Lỗi:       0
[2026-04-29 07:57:36] [INFO] ========================================
[2026-04-29 07:57:36] [INFO] 🔄 BẮT ĐẦU CHU KỲ MỚI
[2026-04-29 07:57:36] [INFO] ========================================
[2026-04-29 07:57:36] [INFO] ⏭️ Bỏ qua thu hoạch (chưa có ảnh mẫu)
[2026-04-29 07:57:36] [INFO] ⏭️ Bỏ qua trồng cây (chưa có ảnh mẫu)
[2026-04-29 07:57:36] [INFO] 📦 Bắt đầu XỬ LÝ ĐƠN HÀNG...
[2026-04-29 07:57:37] [DEBUG] Screenshot OK: (900, 1600)
[2026-04-29 07:57:38] [INFO] Không tìm thấy dấu chấm than (!) nào
[2026-04-29 07:57:38] [INFO] Đã xử lý 0 đơn hàng
[2026-04-29 07:57:38] [INFO] --- THỐNG KÊ ---
[2026-04-29 07:57:38] [INFO]   Thu hoạch: 0
[2026-04-29 07:57:38] [INFO]   Trồng cây: 0
[2026-04-29 07:57:38] [INFO]   Đơn hàng:  3
[2026-04-29 07:57:38] [INFO]   Lỗi:       0
[2026-04-29 07:57:43] [INFO] ========================================
[2026-04-29 07:57:43] [INFO] 🔄 BẮT ĐẦU CHU KỲ MỚI
[2026-04-29 07:57:43] [INFO] ========================================
[2026-04-29 07:57:43] [INFO] ⏭️ Bỏ qua thu hoạch (chưa có ảnh mẫu)
[2026-04-29 07:57:43] [INFO] ⏭️ Bỏ qua trồng cây (chưa có ảnh mẫu)
[2026-04-29 07:57:43] [INFO] 📦 Bắt đầu XỬ LÝ ĐƠN HÀNG...
[2026-04-29 07:57:44] [DEBUG] Screenshot OK: (900, 1600)
[2026-04-29 07:57:44] [INFO] Không tìm thấy dấu chấm than (!) nào
[2026-04-29 07:57:44] [INFO] Đã xử lý 0 đơn hàng
[2026-04-29 07:57:44] [INFO] --- THỐNG KÊ ---
[2026-04-29 07:57:44] [INFO]   Thu hoạch: 0
[2026-04-29 07:57:44] [INFO]   Trồng cây: 0
[2026-04-29 07:57:44] [INFO]   Đơn hàng:  3
[2026-04-29 07:57:44] [INFO]   Lỗi:       0
[2026-04-29 07:57:49] [INFO] ========================================
[2026-04-29 07:57:49] [INFO] 🔄 BẮT ĐẦU CHU KỲ MỚI
[2026-04-29 07:57:49] [INFO] ========================================
[2026-04-29 07:57:49] [INFO] ⏭️ Bỏ qua thu hoạch (chưa có ảnh mẫu)
[2026-04-29 07:57:49] [INFO] ⏭️ Bỏ qua trồng cây (chưa có ảnh mẫu)
[2026-04-29 07:57:49] [INFO] 📦 Bắt đầu XỬ LÝ ĐƠN HÀNG...
[2026-04-29 07:57:50] [DEBUG] Screenshot OK: (900, 1600)
[2026-04-29 07:57:51] [INFO] Không tìm thấy dấu chấm than (!) nào
[2026-04-29 07:57:51] [INFO] Đã xử lý 0 đơn hàng
[2026-04-29 07:57:51] [INFO] --- THỐNG KÊ ---
[2026-04-29 07:57:51] [INFO]   Thu hoạch: 0
[2026-04-29 07:57:51] [INFO]   Trồng cây: 0
[2026-04-29 07:57:51] [INFO]   Đơn hàng:  3
[2026-04-29 07:57:51] [INFO]   Lỗi:       0
[2026-04-29 07:57:56] [INFO] ========================================
[2026-04-29 07:57:56] [INFO] 🔄 BẮT ĐẦU CHU KỲ MỚI
[2026-04-29 07:57:56] [INFO] ========================================
[2026-04-29 07:57:56] [INFO] ⏭️ Bỏ qua thu hoạch (chưa có ảnh mẫu)
[2026-04-29 07:57:56] [INFO] ⏭️ Bỏ qua trồng cây (chưa có ảnh mẫu)
[2026-04-29 07:57:56] [INFO] 📦 Bắt đầu XỬ LÝ ĐƠN HÀNG...
[2026-04-29 07:57:57] [DEBUG] Screenshot OK: (900, 1600)
[2026-04-29 07:57:58] [INFO] Không tìm thấy dấu chấm than (!) nào
[2026-04-29 07:57:58] [INFO] Đã xử lý 0 đơn hàng
[2026-04-29 07:57:58] [INFO] --- THỐNG KÊ ---
[2026-04-29 07:57:58] [INFO]   Thu hoạch: 0
[2026-04-29 07:57:58] [INFO]   Trồng cây: 0
[2026-04-29 07:57:58] [INFO]   Đơn hàng:  3
[2026-04-29 07:57:58] [INFO]   Lỗi:       0
[2026-04-29 07:58:03] [INFO] ========================================
[2026-04-29 07:58:03] [INFO] 🔄 BẮT ĐẦU CHU KỲ MỚI
[2026-04-29 07:58:03] [INFO] ========================================
[2026-04-29 07:58:03] [INFO] ⏭️ Bỏ qua thu hoạch (chưa có ảnh mẫu)
[2026-04-29 07:58:03] [INFO] ⏭️ Bỏ qua trồng cây (chưa có ảnh mẫu)
[2026-04-29 07:58:03] [INFO] 📦 Bắt đầu XỬ LÝ ĐƠN HÀNG...
[2026-04-29 07:58:04] [DEBUG] Screenshot OK: (900, 1600)
[2026-04-29 07:58:04] [INFO] Không tìm thấy dấu chấm than (!) nào
[2026-04-29 07:58:04] [INFO] Đã xử lý 0 đơn hàng
[2026-04-29 07:58:04] [INFO] --- THỐNG KÊ ---
[2026-04-29 07:58:04] [INFO]   Thu hoạch: 0
[2026-04-29 07:58:04] [INFO]   Trồng cây: 0
[2026-04-29 07:58:04] [INFO]   Đơn hàng:  3
[2026-04-29 07:58:04] [INFO]   Lỗi:       0
[2026-04-29 07:58:09] [INFO] ========================================
[2026-04-29 07:58:09] [INFO] 🔄 BẮT ĐẦU CHU KỲ MỚI
[2026-04-29 07:58:09] [INFO] ========================================
[2026-04-29 07:58:09] [INFO] ⏭️ Bỏ qua thu hoạch (chưa có ảnh mẫu)
[2026-04-29 07:58:09] [INFO] ⏭️ Bỏ qua trồng cây (chưa có ảnh mẫu)
[2026-04-29 07:58:09] [INFO] 📦 Bắt đầu XỬ LÝ ĐƠN HÀNG...
[2026-04-29 07:58:10] [DEBUG] Screenshot OK: (900, 1600)
[2026-04-29 07:58:11] [INFO] Không tìm thấy dấu chấm than (!) nào
[2026-04-29 07:58:11] [INFO] Đã xử lý 0 đơn hàng
[2026-04-29 07:58:11] [INFO] --- THỐNG KÊ ---
[2026-04-29 07:58:11] [INFO]   Thu hoạch: 0
[2026-04-29 07:58:11] [INFO]   Trồng cây: 0
[2026-04-29 07:58:11] [INFO]   Đơn hàng:  3
[2026-04-29 07:58:11] [INFO]   Lỗi:       0
[2026-04-29 07:58:16] [INFO] ========================================
[2026-04-29 07:58:16] [INFO] 🔄 BẮT ĐẦU CHU KỲ MỚI
[2026-04-29 07:58:16] [INFO] ========================================
[2026-04-29 07:58:16] [INFO] ⏭️ Bỏ qua thu hoạch (chưa có ảnh mẫu)
[2026-04-29 07:58:16] [INFO] ⏭️ Bỏ qua trồng cây (chưa có ảnh mẫu)
[2026-04-29 07:58:16] [INFO] 📦 Bắt đầu XỬ LÝ ĐƠN HÀNG...
[2026-04-29 07:58:17] [DEBUG] Screenshot OK: (900, 1600)
[2026-04-29 07:58:17] [INFO] Không tìm thấy dấu chấm than (!) nào
[2026-04-29 07:58:17] [INFO] Đã xử lý 0 đơn hàng
[2026-04-29 07:58:17] [INFO] --- THỐNG KÊ ---
[2026-04-29 07:58:17] [INFO]   Thu hoạch: 0
[2026-04-29 07:58:17] [INFO]   Trồng cây: 0
[2026-04-29 07:58:17] [INFO]   Đơn hàng:  3
[2026-04-29 07:58:17] [INFO]   Lỗi:       0
[2026-04-29 07:58:22] [INFO] ========================================
[2026-04-29 07:58:22] [INFO] 🔄 BẮT ĐẦU CHU KỲ MỚI
[2026-04-29 07:58:22] [INFO] ========================================
[2026-04-29 07:58:22] [INFO] ⏭️ Bỏ qua thu hoạch (chưa có ảnh mẫu)
[2026-04-29 07:58:22] [INFO] ⏭️ Bỏ qua trồng cây (chưa có ảnh mẫu)
[2026-04-29 07:58:22] [INFO] 📦 Bắt đầu XỬ LÝ ĐƠN HÀNG...
[2026-04-29 07:58:23] [DEBUG] Screenshot OK: (900, 1600)
[2026-04-29 07:58:24] [INFO] Không tìm thấy dấu chấm than (!) nào
[2026-04-29 07:58:24] [INFO] Đã xử lý 0 đơn hàng
[2026-04-29 07:58:24] [INFO] --- THỐNG KÊ ---
[2026-04-29 07:58:24] [INFO]   Thu hoạch: 0
[2026-04-29 07:58:24] [INFO]   Trồng cây: 0
[2026-04-29 07:58:24] [INFO]   Đơn hàng:  3
[2026-04-29 07:58:24] [INFO]   Lỗi:       0
[2026-04-29 07:58:29] [INFO] ========================================
[2026-04-29 07:58:29] [INFO] 🔄 BẮT ĐẦU CHU KỲ MỚI
[2026-04-29 07:58:29] [INFO] ========================================
[2026-04-29 07:58:29] [INFO] ⏭️ Bỏ qua thu hoạch (chưa có ảnh mẫu)
[2026-04-29 07:58:29] [INFO] ⏭️ Bỏ qua trồng cây (chưa có ảnh mẫu)
[2026-04-29 07:58:29] [INFO] 📦 Bắt đầu XỬ LÝ ĐƠN HÀNG...
[2026-04-29 07:58:30] [DEBUG] Screenshot OK: (900, 1600)
[2026-04-29 07:58:30] [INFO] Không tìm thấy dấu chấm than (!) nào
[2026-04-29 07:58:30] [INFO] Đã xử lý 0 đơn hàng
[2026-04-29 07:58:30] [INFO] --- THỐNG KÊ ---
[2026-04-29 07:58:30] [INFO]   Thu hoạch: 0
[2026-04-29 07:58:30] [INFO]   Trồng cây: 0
[2026-04-29 07:58:30] [INFO]   Đơn hàng:  3
[2026-04-29 07:58:30] [INFO]   Lỗi:       0
[2026-04-29 07:58:35] [INFO] ========================================
[2026-04-29 07:58:35] [INFO] 🔄 BẮT ĐẦU CHU KỲ MỚI
[2026-04-29 07:58:35] [INFO] ========================================
[2026-04-29 07:58:35] [INFO] ⏭️ Bỏ qua thu hoạch (chưa có ảnh mẫu)
[2026-04-29 07:58:35] [INFO] ⏭️ Bỏ qua trồng cây (chưa có ảnh mẫu)
[2026-04-29 07:58:35] [INFO] 📦 Bắt đầu XỬ LÝ ĐƠN HÀNG...
[2026-04-29 07:58:36] [DEBUG] Screenshot OK: (900, 1600)
[2026-04-29 07:58:37] [INFO] Không tìm thấy dấu chấm than (!) nào
[2026-04-29 07:58:37] [INFO] Đã xử lý 0 đơn hàng
[2026-04-29 07:58:37] [INFO] --- THỐNG KÊ ---
[2026-04-29 07:58:37] [INFO]   Thu hoạch: 0
[2026-04-29 07:58:37] [INFO]   Trồng cây: 0
[2026-04-29 07:58:37] [INFO]   Đơn hàng:  3
[2026-04-29 07:58:37] [INFO]   Lỗi:       0
[2026-04-29 07:58:42] [INFO] ========================================
[2026-04-29 07:58:42] [INFO] 🔄 BẮT ĐẦU CHU KỲ MỚI
[2026-04-29 07:58:42] [INFO] ========================================
[2026-04-29 07:58:42] [INFO] ⏭️ Bỏ qua thu hoạch (chưa có ảnh mẫu)
[2026-04-29 07:58:42] [INFO] ⏭️ Bỏ qua trồng cây (chưa có ảnh mẫu)
[2026-04-29 07:58:42] [INFO] 📦 Bắt đầu XỬ LÝ ĐƠN HÀNG...
[2026-04-29 07:58:43] [DEBUG] Screenshot OK: (900, 1600)
[2026-04-29 07:58:44] [INFO] Không tìm thấy dấu chấm than (!) nào
[2026-04-29 07:58:44] [INFO] Đã xử lý 0 đơn hàng
[2026-04-29 07:58:44] [INFO] --- THỐNG KÊ ---
[2026-04-29 07:58:44] [INFO]   Thu hoạch: 0
[2026-04-29 07:58:44] [INFO]   Trồng cây: 0
[2026-04-29 07:58:44] [INFO]   Đơn hàng:  3
[2026-04-29 07:58:44] [INFO]   Lỗi:       0
[2026-04-29 07:58:49] [INFO] ========================================
[2026-04-29 07:58:49] [INFO] 🔄 BẮT ĐẦU CHU KỲ MỚI
[2026-04-29 07:58:49] [INFO] ========================================
[2026-04-29 07:58:49] [INFO] ⏭️ Bỏ qua thu hoạch (chưa có ảnh mẫu)
[2026-04-29 07:58:49] [INFO] ⏭️ Bỏ qua trồng cây (chưa có ảnh mẫu)
[2026-04-29 07:58:49] [INFO] 📦 Bắt đầu XỬ LÝ ĐƠN HÀNG...
[2026-04-29 07:58:50] [DEBUG] Screenshot OK: (900, 1600)
[2026-04-29 07:58:50] [INFO] Tìm thấy 1 dấu (!): 1 đỏ, 0 vàng
[2026-04-29 07:58:50] [INFO]   🔴 Click dấu (!) red tại (578, 430) conf=1.00
[2026-04-29 07:58:51] [DEBUG] Tap: (578, 430)
[2026-04-29 07:58:55] [DEBUG] Screenshot OK: (900, 1600)
[2026-04-29 07:58:55] [DEBUG] Found btn_chua_co_hang.png at (275,1277) conf=1.000
[2026-04-29 07:58:55] [DEBUG] Tap: (275, 1277)
[2026-04-29 07:58:55] [INFO] Tap btn_chua_co_hang.png at (275,1277)
[2026-04-29 07:58:55] [INFO]   ✅ Đã click 'Chưa có hàng'
[2026-04-29 07:58:56] [INFO]   ✅ Xử lý đơn #1
[2026-04-29 07:59:00] [DEBUG] Screenshot OK: (900, 1600)
[2026-04-29 07:59:01] [INFO] Tìm thấy 1 dấu (!): 1 đỏ, 0 vàng
[2026-04-29 07:59:01] [INFO]   🔴 Click dấu (!) red tại (694, 673) conf=1.00
[2026-04-29 07:59:01] [DEBUG] Tap: (694, 673)
[2026-04-29 07:59:05] [DEBUG] Screenshot OK: (900, 1600)
[2026-04-29 07:59:06] [DEBUG] Found btn_chua_co_hang.png at (275,1277) conf=1.000
[2026-04-29 07:59:06] [DEBUG] Tap: (275, 1277)
[2026-04-29 07:59:06] [INFO] Tap btn_chua_co_hang.png at (275,1277)
[2026-04-29 07:59:06] [INFO]   ✅ Đã click 'Chưa có hàng'
[2026-04-29 07:59:07] [INFO]   ✅ Xử lý đơn #2
[2026-04-29 07:59:11] [DEBUG] Screenshot OK: (900, 1600)
[2026-04-29 07:59:12] [INFO] Đã xử lý 2 đơn hàng
[2026-04-29 07:59:12] [INFO] --- THỐNG KÊ ---
[2026-04-29 07:59:12] [INFO]   Thu hoạch: 0
[2026-04-29 07:59:12] [INFO]   Trồng cây: 0
[2026-04-29 07:59:12] [INFO]   Đơn hàng:  5
[2026-04-29 07:59:12] [INFO]   Lỗi:       0
[2026-04-29 07:59:17] [INFO] ========================================
[2026-04-29 07:59:17] [INFO] 🔄 BẮT ĐẦU CHU KỲ MỚI
[2026-04-29 07:59:17] [INFO] ========================================
[2026-04-29 07:59:17] [INFO] ⏭️ Bỏ qua thu hoạch (chưa có ảnh mẫu)
[2026-04-29 07:59:17] [INFO] ⏭️ Bỏ qua trồng cây (chưa có ảnh mẫu)
[2026-04-29 07:59:17] [INFO] 📦 Bắt đầu XỬ LÝ ĐƠN HÀNG...
[2026-04-29 07:59:18] [DEBUG] Screenshot OK: (900, 1600)
[2026-04-29 07:59:18] [INFO] Không tìm thấy dấu chấm than (!) nào
[2026-04-29 07:59:18] [INFO] Đã xử lý 0 đơn hàng
[2026-04-29 07:59:18] [INFO] --- THỐNG KÊ ---
[2026-04-29 07:59:18] [INFO]   Thu hoạch: 0
[2026-04-29 07:59:18] [INFO]   Trồng cây: 0
[2026-04-29 07:59:18] [INFO]   Đơn hàng:  5
[2026-04-29 07:59:18] [INFO]   Lỗi:       0
[2026-04-29 07:59:23] [INFO] ========================================
[2026-04-29 07:59:23] [INFO] 🔄 BẮT ĐẦU CHU KỲ MỚI
[2026-04-29 07:59:23] [INFO] ========================================
[2026-04-29 07:59:23] [INFO] ⏭️ Bỏ qua thu hoạch (chưa có ảnh mẫu)
[2026-04-29 07:59:23] [INFO] ⏭️ Bỏ qua trồng cây (chưa có ảnh mẫu)
[2026-04-29 07:59:23] [INFO] 📦 Bắt đầu XỬ LÝ ĐƠN HÀNG...
[2026-04-29 07:59:24] [DEBUG] Screenshot OK: (900, 1600)
[2026-04-29 07:59:25] [INFO] Không tìm thấy dấu chấm than (!) nào
[2026-04-29 07:59:25] [INFO] Đã xử lý 0 đơn hàng
[2026-04-29 07:59:25] [INFO] --- THỐNG KÊ ---
[2026-04-29 07:59:25] [INFO]   Thu hoạch: 0
[2026-04-29 07:59:25] [INFO]   Trồng cây: 0
[2026-04-29 07:59:25] [INFO]   Đơn hàng:  5
[2026-04-29 07:59:25] [INFO]   Lỗi:       0
[2026-04-29 07:59:30] [INFO] ========================================
[2026-04-29 07:59:30] [INFO] 🔄 BẮT ĐẦU CHU KỲ MỚI
[2026-04-29 07:59:30] [INFO] ========================================
[2026-04-29 07:59:30] [INFO] ⏭️ Bỏ qua thu hoạch (chưa có ảnh mẫu)
[2026-04-29 07:59:30] [INFO] ⏭️ Bỏ qua trồng cây (chưa có ảnh mẫu)
[2026-04-29 07:59:30] [INFO] 📦 Bắt đầu XỬ LÝ ĐƠN HÀNG...
[2026-04-29 07:59:31] [DEBUG] Screenshot OK: (900, 1600)
[2026-04-29 07:59:31] [INFO] Không tìm thấy dấu chấm than (!) nào
[2026-04-29 07:59:31] [INFO] Đã xử lý 0 đơn hàng
[2026-04-29 07:59:31] [INFO] --- THỐNG KÊ ---
[2026-04-29 07:59:31] [INFO]   Thu hoạch: 0
[2026-04-29 07:59:31] [INFO]   Trồng cây: 0
[2026-04-29 07:59:31] [INFO]   Đơn hàng:  5
[2026-04-29 07:59:31] [INFO]   Lỗi:       0
[2026-04-29 07:59:36] [INFO] ========================================
[2026-04-29 07:59:36] [INFO] 🔄 BẮT ĐẦU CHU KỲ MỚI
[2026-04-29 07:59:36] [INFO] ========================================
[2026-04-29 07:59:36] [INFO] ⏭️ Bỏ qua thu hoạch (chưa có ảnh mẫu)
[2026-04-29 07:59:36] [INFO] ⏭️ Bỏ qua trồng cây (chưa có ảnh mẫu)
[2026-04-29 07:59:36] [INFO] 📦 Bắt đầu XỬ LÝ ĐƠN HÀNG...
[2026-04-29 07:59:37] [DEBUG] Screenshot OK: (900, 1600)
[2026-04-29 07:59:38] [INFO] Không tìm thấy dấu chấm than (!) nào
[2026-04-29 07:59:38] [INFO] Đã xử lý 0 đơn hàng
[2026-04-29 07:59:38] [INFO] --- THỐNG KÊ ---
[2026-04-29 07:59:38] [INFO]   Thu hoạch: 0
[2026-04-29 07:59:38] [INFO]   Trồng cây: 0
[2026-04-29 07:59:38] [INFO]   Đơn hàng:  5
[2026-04-29 07:59:38] [INFO]   Lỗi:       0
[2026-04-29 07:59:43] [INFO] ========================================
[2026-04-29 07:59:43] [INFO] 🔄 BẮT ĐẦU CHU KỲ MỚI
[2026-04-29 07:59:43] [INFO] ========================================
[2026-04-29 07:59:43] [INFO] ⏭️ Bỏ qua thu hoạch (chưa có ảnh mẫu)
[2026-04-29 07:59:43] [INFO] ⏭️ Bỏ qua trồng cây (chưa có ảnh mẫu)
[2026-04-29 07:59:43] [INFO] 📦 Bắt đầu XỬ LÝ ĐƠN HÀNG...
[2026-04-29 07:59:44] [DEBUG] Screenshot OK: (900, 1600)
[2026-04-29 07:59:45] [INFO] Không tìm thấy dấu chấm than (!) nào
[2026-04-29 07:59:45] [INFO] Đã xử lý 0 đơn hàng
[2026-04-29 07:59:45] [INFO] --- THỐNG KÊ ---
[2026-04-29 07:59:45] [INFO]   Thu hoạch: 0
[2026-04-29 07:59:45] [INFO]   Trồng cây: 0
[2026-04-29 07:59:45] [INFO]   Đơn hàng:  5
[2026-04-29 07:59:45] [INFO]   Lỗi:       0
[2026-04-29 07:59:50] [INFO] ========================================
[2026-04-29 07:59:50] [INFO] 🔄 BẮT ĐẦU CHU KỲ MỚI
[2026-04-29 07:59:50] [INFO] ========================================
[2026-04-29 07:59:50] [INFO] ⏭️ Bỏ qua thu hoạch (chưa có ảnh mẫu)
[2026-04-29 07:59:50] [INFO] ⏭️ Bỏ qua trồng cây (chưa có ảnh mẫu)
[2026-04-29 07:59:50] [INFO] 📦 Bắt đầu XỬ LÝ ĐƠN HÀNG...
[2026-04-29 07:59:51] [DEBUG] Screenshot OK: (900, 1600)
[2026-04-29 07:59:51] [INFO] Không tìm thấy dấu chấm than (!) nào
[2026-04-29 07:59:51] [INFO] Đã xử lý 0 đơn hàng
[2026-04-29 07:59:51] [INFO] --- THỐNG KÊ ---
[2026-04-29 07:59:51] [INFO]   Thu hoạch: 0
[2026-04-29 07:59:51] [INFO]   Trồng cây: 0
[2026-04-29 07:59:51] [INFO]   Đơn hàng:  5
[2026-04-29 07:59:51] [INFO]   Lỗi:       0
[2026-04-29 07:59:56] [INFO] ========================================
[2026-04-29 07:59:56] [INFO] 🔄 BẮT ĐẦU CHU KỲ MỚI
[2026-04-29 07:59:56] [INFO] ========================================
[2026-04-29 07:59:56] [INFO] ⏭️ Bỏ qua thu hoạch (chưa có ảnh mẫu)
[2026-04-29 07:59:56] [INFO] ⏭️ Bỏ qua trồng cây (chưa có ảnh mẫu)
[2026-04-29 07:59:56] [INFO] 📦 Bắt đầu XỬ LÝ ĐƠN HÀNG...
[2026-04-29 07:59:57] [DEBUG] Screenshot OK: (900, 1600)
[2026-04-29 07:59:58] [INFO] Không tìm thấy dấu chấm than (!) nào
[2026-04-29 07:59:58] [INFO] Đã xử lý 0 đơn hàng
[2026-04-29 07:59:58] [INFO] --- THỐNG KÊ ---
[2026-04-29 07:59:58] [INFO]   Thu hoạch: 0
[2026-04-29 07:59:58] [INFO]   Trồng cây: 0
[2026-04-29 07:59:58] [INFO]   Đơn hàng:  5
[2026-04-29 07:59:58] [INFO]   Lỗi:       0
[2026-04-29 08:00:03] [INFO] ========================================
[2026-04-29 08:00:03] [INFO] 🔄 BẮT ĐẦU CHU KỲ MỚI
[2026-04-29 08:00:03] [INFO] ========================================
[2026-04-29 08:00:03] [INFO] ⏭️ Bỏ qua thu hoạch (chưa có ảnh mẫu)
[2026-04-29 08:00:03] [INFO] ⏭️ Bỏ qua trồng cây (chưa có ảnh mẫu)
[2026-04-29 08:00:03] [INFO] 📦 Bắt đầu XỬ LÝ ĐƠN HÀNG...
[2026-04-29 08:00:04] [DEBUG] Screenshot OK: (900, 1600)
[2026-04-29 08:00:04] [INFO] Không tìm thấy dấu chấm than (!) nào
[2026-04-29 08:00:04] [INFO] Đã xử lý 0 đơn hàng
[2026-04-29 08:00:04] [INFO] --- THỐNG KÊ ---
[2026-04-29 08:00:04] [INFO]   Thu hoạch: 0
[2026-04-29 08:00:04] [INFO]   Trồng cây: 0
[2026-04-29 08:00:04] [INFO]   Đơn hàng:  5
[2026-04-29 08:00:04] [INFO]   Lỗi:       0
[2026-04-29 08:00:09] [INFO] ========================================
[2026-04-29 08:00:09] [INFO] 🔄 BẮT ĐẦU CHU KỲ MỚI
[2026-04-29 08:00:09] [INFO] ========================================
[2026-04-29 08:00:09] [INFO] ⏭️ Bỏ qua thu hoạch (chưa có ảnh mẫu)
[2026-04-29 08:00:09] [INFO] ⏭️ Bỏ qua trồng cây (chưa có ảnh mẫu)
[2026-04-29 08:00:09] [INFO] 📦 Bắt đầu XỬ LÝ ĐƠN HÀNG...
[2026-04-29 08:00:10] [DEBUG] Screenshot OK: (900, 1600)
[2026-04-29 08:00:11] [INFO] Không tìm thấy dấu chấm than (!) nào
[2026-04-29 08:00:11] [INFO] Đã xử lý 0 đơn hàng
[2026-04-29 08:00:11] [INFO] --- THỐNG KÊ ---
[2026-04-29 08:00:11] [INFO]   Thu hoạch: 0
[2026-04-29 08:00:11] [INFO]   Trồng cây: 0
[2026-04-29 08:00:11] [INFO]   Đơn hàng:  5
[2026-04-29 08:00:11] [INFO]   Lỗi:       0
[2026-04-29 08:00:16] [INFO] ========================================
[2026-04-29 08:00:16] [INFO] 🔄 BẮT ĐẦU CHU KỲ MỚI
[2026-04-29 08:00:16] [INFO] ========================================
[2026-04-29 08:00:16] [INFO] ⏭️ Bỏ qua thu hoạch (chưa có ảnh mẫu)
[2026-04-29 08:00:16] [INFO] ⏭️ Bỏ qua trồng cây (chưa có ảnh mẫu)
[2026-04-29 08:00:16] [INFO] 📦 Bắt đầu XỬ LÝ ĐƠN HÀNG...
[2026-04-29 08:00:17] [DEBUG] Screenshot OK: (900, 1600)
[2026-04-29 08:00:17] [INFO] Không tìm thấy dấu chấm than (!) nào
[2026-04-29 08:00:17] [INFO] Đã xử lý 0 đơn hàng
[2026-04-29 08:00:17] [INFO] --- THỐNG KÊ ---
[2026-04-29 08:00:17] [INFO]   Thu hoạch: 0
[2026-04-29 08:00:17] [INFO]   Trồng cây: 0
[2026-04-29 08:00:17] [INFO]   Đơn hàng:  5
[2026-04-29 08:00:17] [INFO]   Lỗi:       0
[2026-04-29 08:00:22] [INFO] ========================================
[2026-04-29 08:00:22] [INFO] 🔄 BẮT ĐẦU CHU KỲ MỚI
[2026-04-29 08:00:22] [INFO] ========================================
[2026-04-29 08:00:22] [INFO] ⏭️ Bỏ qua thu hoạch (chưa có ảnh mẫu)
[2026-04-29 08:00:22] [INFO] ⏭️ Bỏ qua trồng cây (chưa có ảnh mẫu)
[2026-04-29 08:00:22] [INFO] 📦 Bắt đầu XỬ LÝ ĐƠN HÀNG...
[2026-04-29 08:00:23] [DEBUG] Screenshot OK: (900, 1600)
[2026-04-29 08:00:24] [INFO] Không tìm thấy dấu chấm than (!) nào
[2026-04-29 08:00:24] [INFO] Đã xử lý 0 đơn hàng
[2026-04-29 08:00:24] [INFO] --- THỐNG KÊ ---
[2026-04-29 08:00:24] [INFO]   Thu hoạch: 0
[2026-04-29 08:00:24] [INFO]   Trồng cây: 0
[2026-04-29 08:00:24] [INFO]   Đơn hàng:  5
[2026-04-29 08:00:24] [INFO]   Lỗi:       0
[2026-04-29 08:00:29] [INFO] ========================================
[2026-04-29 08:00:29] [INFO] 🔄 BẮT ĐẦU CHU KỲ MỚI
[2026-04-29 08:00:29] [INFO] ========================================
[2026-04-29 08:00:29] [INFO] ⏭️ Bỏ qua thu hoạch (chưa có ảnh mẫu)
[2026-04-29 08:00:29] [INFO] ⏭️ Bỏ qua trồng cây (chưa có ảnh mẫu)
[2026-04-29 08:00:29] [INFO] 📦 Bắt đầu XỬ LÝ ĐƠN HÀNG...
[2026-04-29 08:00:30] [DEBUG] Screenshot OK: (900, 1600)
[2026-04-29 08:00:30] [INFO] Không tìm thấy dấu chấm than (!) nào
[2026-04-29 08:00:30] [INFO] Đã xử lý 0 đơn hàng
[2026-04-29 08:00:30] [INFO] --- THỐNG KÊ ---
[2026-04-29 08:00:30] [INFO]   Thu hoạch: 0
[2026-04-29 08:00:30] [INFO]   Trồng cây: 0
[2026-04-29 08:00:30] [INFO]   Đơn hàng:  5
[2026-04-29 08:00:30] [INFO]   Lỗi:       0
[2026-04-29 08:00:35] [INFO] ========================================
[2026-04-29 08:00:35] [INFO] 🔄 BẮT ĐẦU CHU KỲ MỚI
[2026-04-29 08:00:35] [INFO] ========================================
[2026-04-29 08:00:35] [INFO] ⏭️ Bỏ qua thu hoạch (chưa có ảnh mẫu)
[2026-04-29 08:00:35] [INFO] ⏭️ Bỏ qua trồng cây (chưa có ảnh mẫu)
[2026-04-29 08:00:35] [INFO] 📦 Bắt đầu XỬ LÝ ĐƠN HÀNG...
[2026-04-29 08:07:47] [INFO] Tìm thấy ADB trong PATH
[2026-04-29 08:08:01] [INFO] Tìm thấy ADB trong PATH
[2026-04-29 08:08:01] [INFO] ==================================================
[2026-04-29 08:08:01] [INFO] 🌱 KHỞI ĐỘNG AUTO GAME - THẾ GIỚI HOA VIÊN
[2026-04-29 08:08:01] [INFO] ==================================================
[2026-04-29 08:08:01] [INFO] Đang kết nối tới 127.0.0.1:5555...
[2026-04-29 08:08:03] [INFO] ✅ Đã kết nối: 127.0.0.1:5555
[2026-04-29 08:08:04] [INFO] Màn hình: 1600x900
[2026-04-29 08:08:04] [INFO] ========================================
[2026-04-29 08:08:04] [INFO] 🔄 BẮT ĐẦU CHU KỲ MỚI
[2026-04-29 08:08:04] [INFO] ========================================
[2026-04-29 08:08:04] [INFO] ⏭️ Bỏ qua thu hoạch (chưa có ảnh mẫu)
[2026-04-29 08:08:04] [INFO] ⏭️ Bỏ qua trồng cây (chưa có ảnh mẫu)
[2026-04-29 08:08:04] [INFO] 📦 Bắt đầu XỬ LÝ ĐƠN HÀNG...
[2026-04-29 08:08:05] [DEBUG] Screenshot OK: (900, 1600)
[2026-04-29 08:08:05] [INFO] Tìm thấy 3 dấu (!): 3 đỏ, 0 vàng
[2026-04-29 08:08:05] [INFO]   🔴 Click dấu (!) red tại (599, 404) conf=1.00
[2026-04-29 08:08:06] [DEBUG] Tap: (599, 404)
[2026-04-29 08:08:10] [DEBUG] Screenshot OK: (900, 1600)
[2026-04-29 08:08:10] [DEBUG] Found btn_chua_co_hang.png at (275,1277) conf=1.000
[2026-04-29 08:08:10] [DEBUG] Tap: (275, 1277)
[2026-04-29 08:08:11] [INFO] Tap btn_chua_co_hang.png at (275,1277)
[2026-04-29 08:08:11] [INFO]   ✅ Đã click 'Chưa có hàng'
[2026-04-29 08:08:12] [INFO]   ✅ Xử lý đơn #1
[2026-04-29 08:08:13] [INFO]   🔴 Click dấu (!) red tại (221, 635) conf=1.00
[2026-04-29 08:08:13] [DEBUG] Tap: (221, 635)
[2026-04-29 08:08:17] [DEBUG] Screenshot OK: (900, 1600)
[2026-04-29 08:08:17] [DEBUG] Found btn_chua_co_hang.png at (275,1277) conf=1.000
[2026-04-29 08:08:18] [DEBUG] Tap: (275, 1277)
[2026-04-29 08:08:18] [INFO] Tap btn_chua_co_hang.png at (275,1277)
[2026-04-29 08:08:18] [INFO]   ✅ Đã click 'Chưa có hàng'
[2026-04-29 08:08:19] [INFO]   ✅ Xử lý đơn #2
[2026-04-29 08:08:20] [INFO]   🔴 Click dấu (!) red tại (714, 673) conf=1.00
[2026-04-29 08:08:20] [DEBUG] Tap: (714, 673)
[2026-04-29 08:08:24] [DEBUG] Screenshot OK: (900, 1600)
[2026-04-29 08:08:24] [DEBUG] Found btn_chua_co_hang.png at (275,1277) conf=1.000
[2026-04-29 08:08:25] [DEBUG] Tap: (275, 1277)
[2026-04-29 08:08:25] [INFO] Tap btn_chua_co_hang.png at (275,1277)
[2026-04-29 08:08:25] [INFO]   ✅ Đã click 'Chưa có hàng'
[2026-04-29 08:08:26] [INFO]   ✅ Xử lý đơn #3
[2026-04-29 08:08:30] [DEBUG] Screenshot OK: (900, 1600)
[2026-04-29 08:08:30] [INFO] Đã xử lý 3 đơn hàng
[2026-04-29 08:08:30] [INFO] --- THỐNG KÊ ---
[2026-04-29 08:08:30] [INFO]   Thu hoạch: 0
[2026-04-29 08:08:30] [INFO]   Trồng cây: 0
[2026-04-29 08:08:30] [INFO]   Đơn hàng:  3
[2026-04-29 08:08:30] [INFO]   Lỗi:       0
[2026-04-29 08:08:31] [INFO] Đã ngắt kết nối ADB
[2026-04-29 08:08:31] [INFO] 🛑 Bot đã dừng
[2026-04-29 08:08:31] [INFO] --- THỐNG KÊ ---
[2026-04-29 08:08:31] [INFO]   Thu hoạch: 0
[2026-04-29 08:08:31] [INFO]   Trồng cây: 0
[2026-04-29 08:08:31] [INFO]   Đơn hàng:  3
[2026-04-29 08:08:31] [INFO]   Lỗi:       0
[2026-04-29 08:14:34] [INFO] Tìm thấy ADB trong PATH
[2026-04-29 08:14:34] [INFO] ==================================================
[2026-04-29 08:14:34] [INFO] 🌱 KHỞI ĐỘNG AUTO GAME - THẾ GIỚI HOA VIÊN
[2026-04-29 08:14:34] [INFO] ==================================================
[2026-04-29 08:14:34] [INFO] Đang kết nối tới 127.0.0.1:5555...
[2026-04-29 08:14:36] [INFO] ✅ Đã kết nối: 127.0.0.1:5555
[2026-04-29 08:14:36] [INFO] Màn hình: 1600x900
[2026-04-29 08:14:36] [INFO] ========================================
[2026-04-29 08:14:36] [INFO] 🔄 BẮT ĐẦU CHU KỲ MỚI
[2026-04-29 08:14:36] [INFO] ========================================
[2026-04-29 08:14:36] [INFO] ⏭️ Bỏ qua thu hoạch (chưa có ảnh mẫu)
[2026-04-29 08:14:36] [INFO] ⏭️ Bỏ qua trồng cây (chưa có ảnh mẫu)
[2026-04-29 08:14:36] [INFO] 📦 Bắt đầu XỬ LÝ ĐƠN HÀNG...
[2026-04-29 08:14:37] [DEBUG] Screenshot OK: (900, 1600)
[2026-04-29 08:14:38] [INFO] Tìm thấy 1 dấu (!): 1 đỏ, 0 vàng
[2026-04-29 08:14:38] [INFO]   🔴 Click dấu (!) red tại (714, 645) conf=1.00
[2026-04-29 08:14:38] [DEBUG] Tap: (714, 645)
[2026-04-29 08:14:42] [DEBUG] Screenshot OK: (900, 1600)
[2026-04-29 08:14:42] [DEBUG] Found btn_chua_co_hang.png at (275,1277) conf=1.000
[2026-04-29 08:14:42] [DEBUG] Tap: (275, 1277)
[2026-04-29 08:14:43] [INFO] Tap btn_chua_co_hang.png at (275,1277)
[2026-04-29 08:14:43] [INFO]   ✅ Đã click 'Chưa có hàng'
[2026-04-29 08:14:44] [INFO]   ✅ Xử lý đơn #1
[2026-04-29 08:14:48] [DEBUG] Screenshot OK: (900, 1600)
[2026-04-29 08:14:48] [INFO] Đã xử lý 1 đơn hàng
[2026-04-29 08:14:48] [INFO] --- THỐNG KÊ ---
[2026-04-29 08:14:48] [INFO]   Thu hoạch: 0
[2026-04-29 08:14:48] [INFO]   Trồng cây: 0
[2026-04-29 08:14:48] [INFO]   Đơn hàng:  1
[2026-04-29 08:14:48] [INFO]   Lỗi:       0
[2026-04-29 08:14:53] [INFO] ========================================
[2026-04-29 08:14:53] [INFO] 🔄 BẮT ĐẦU CHU KỲ MỚI
[2026-04-29 08:14:53] [INFO] ========================================
[2026-04-29 08:14:53] [INFO] ⏭️ Bỏ qua thu hoạch (chưa có ảnh mẫu)
[2026-04-29 08:14:53] [INFO] ⏭️ Bỏ qua trồng cây (chưa có ảnh mẫu)
[2026-04-29 08:14:53] [INFO] 📦 Bắt đầu XỬ LÝ ĐƠN HÀNG...
[2026-04-29 08:14:55] [DEBUG] Screenshot OK: (900, 1600)
[2026-04-29 08:14:55] [INFO] Tìm thấy 1 dấu (!): 1 đỏ, 0 vàng
[2026-04-29 08:14:55] [INFO]   🔴 Click dấu (!) red tại (599, 360) conf=1.00
[2026-04-29 08:14:55] [DEBUG] Tap: (599, 360)
[2026-04-29 08:14:59] [DEBUG] Screenshot OK: (900, 1600)
[2026-04-29 08:15:00] [DEBUG] Found btn_chua_co_hang.png at (275,1277) conf=1.000
[2026-04-29 08:15:00] [DEBUG] Tap: (275, 1277)
[2026-04-29 08:15:00] [INFO] Tap btn_chua_co_hang.png at (275,1277)
[2026-04-29 08:15:00] [INFO]   ✅ Đã click 'Chưa có hàng'
[2026-04-29 08:15:01] [INFO]   ✅ Xử lý đơn #1
[2026-04-29 08:15:05] [DEBUG] Screenshot OK: (900, 1600)
[2026-04-29 08:15:06] [INFO] Đã xử lý 1 đơn hàng
[2026-04-29 08:15:06] [INFO] --- THỐNG KÊ ---
[2026-04-29 08:15:06] [INFO]   Thu hoạch: 0
[2026-04-29 08:15:06] [INFO]   Trồng cây: 0
[2026-04-29 08:15:06] [INFO]   Đơn hàng:  2
[2026-04-29 08:15:06] [INFO]   Lỗi:       0
[2026-04-29 08:15:11] [INFO] ========================================
[2026-04-29 08:15:11] [INFO] 🔄 BẮT ĐẦU CHU KỲ MỚI
[2026-04-29 08:15:11] [INFO] ========================================
[2026-04-29 08:15:11] [INFO] ⏭️ Bỏ qua thu hoạch (chưa có ảnh mẫu)
[2026-04-29 08:15:11] [INFO] ⏭️ Bỏ qua trồng cây (chưa có ảnh mẫu)
[2026-04-29 08:15:11] [INFO] 📦 Bắt đầu XỬ LÝ ĐƠN HÀNG...
[2026-04-29 08:15:12] [DEBUG] Screenshot OK: (900, 1600)
[2026-04-29 08:15:12] [INFO] Không tìm thấy dấu chấm than (!) nào
[2026-04-29 08:15:12] [INFO] Đã xử lý 0 đơn hàng
[2026-04-29 08:15:12] [INFO] --- THỐNG KÊ ---
[2026-04-29 08:15:12] [INFO]   Thu hoạch: 0
[2026-04-29 08:15:12] [INFO]   Trồng cây: 0
[2026-04-29 08:15:12] [INFO]   Đơn hàng:  2
[2026-04-29 08:15:12] [INFO]   Lỗi:       0
[2026-04-29 08:15:17] [INFO] ========================================
[2026-04-29 08:15:17] [INFO] 🔄 BẮT ĐẦU CHU KỲ MỚI
[2026-04-29 08:15:17] [INFO] ========================================
[2026-04-29 08:15:17] [INFO] ⏭️ Bỏ qua thu hoạch (chưa có ảnh mẫu)
[2026-04-29 08:15:17] [INFO] ⏭️ Bỏ qua trồng cây (chưa có ảnh mẫu)
[2026-04-29 08:15:17] [INFO] 📦 Bắt đầu XỬ LÝ ĐƠN HÀNG...
[2026-04-29 08:15:18] [DEBUG] Screenshot OK: (900, 1600)
[2026-04-29 08:15:19] [INFO] Không tìm thấy dấu chấm than (!) nào
[2026-04-29 08:15:19] [INFO] Đã xử lý 0 đơn hàng
[2026-04-29 08:15:19] [INFO] --- THỐNG KÊ ---
[2026-04-29 08:15:19] [INFO]   Thu hoạch: 0
[2026-04-29 08:15:19] [INFO]   Trồng cây: 0
[2026-04-29 08:15:19] [INFO]   Đơn hàng:  2
[2026-04-29 08:15:19] [INFO]   Lỗi:       0
[2026-04-29 08:15:24] [INFO] ========================================
[2026-04-29 08:15:24] [INFO] 🔄 BẮT ĐẦU CHU KỲ MỚI
[2026-04-29 08:15:24] [INFO] ========================================
[2026-04-29 08:15:24] [INFO] ⏭️ Bỏ qua thu hoạch (chưa có ảnh mẫu)
[2026-04-29 08:15:24] [INFO] ⏭️ Bỏ qua trồng cây (chưa có ảnh mẫu)
[2026-04-29 08:15:24] [INFO] 📦 Bắt đầu XỬ LÝ ĐƠN HÀNG...
[2026-04-29 08:15:25] [DEBUG] Screenshot OK: (900, 1600)
[2026-04-29 08:15:25] [INFO] Không tìm thấy dấu chấm than (!) nào
[2026-04-29 08:15:25] [INFO] Đã xử lý 0 đơn hàng
[2026-04-29 08:15:25] [INFO] --- THỐNG KÊ ---
[2026-04-29 08:15:25] [INFO]   Thu hoạch: 0
[2026-04-29 08:15:25] [INFO]   Trồng cây: 0
[2026-04-29 08:15:25] [INFO]   Đơn hàng:  2
[2026-04-29 08:15:25] [INFO]   Lỗi:       0
[2026-04-29 08:15:30] [INFO] ========================================
[2026-04-29 08:15:30] [INFO] 🔄 BẮT ĐẦU CHU KỲ MỚI
[2026-04-29 08:15:30] [INFO] ========================================
[2026-04-29 08:15:30] [INFO] ⏭️ Bỏ qua thu hoạch (chưa có ảnh mẫu)
[2026-04-29 08:15:30] [INFO] ⏭️ Bỏ qua trồng cây (chưa có ảnh mẫu)
[2026-04-29 08:15:30] [INFO] 📦 Bắt đầu XỬ LÝ ĐƠN HÀNG...
[2026-04-29 08:15:31] [DEBUG] Screenshot OK: (900, 1600)
[2026-04-29 08:15:32] [INFO] Không tìm thấy dấu chấm than (!) nào
[2026-04-29 08:15:32] [INFO] Đã xử lý 0 đơn hàng
[2026-04-29 08:15:32] [INFO] --- THỐNG KÊ ---
[2026-04-29 08:15:32] [INFO]   Thu hoạch: 0
[2026-04-29 08:15:32] [INFO]   Trồng cây: 0
[2026-04-29 08:15:32] [INFO]   Đơn hàng:  2
[2026-04-29 08:15:32] [INFO]   Lỗi:       0
[2026-04-29 08:15:37] [INFO] ========================================
[2026-04-29 08:15:37] [INFO] 🔄 BẮT ĐẦU CHU KỲ MỚI
[2026-04-29 08:15:37] [INFO] ========================================
[2026-04-29 08:15:37] [INFO] ⏭️ Bỏ qua thu hoạch (chưa có ảnh mẫu)
[2026-04-29 08:15:37] [INFO] ⏭️ Bỏ qua trồng cây (chưa có ảnh mẫu)
[2026-04-29 08:15:37] [INFO] 📦 Bắt đầu XỬ LÝ ĐƠN HÀNG...
[2026-04-29 08:15:38] [DEBUG] Screenshot OK: (900, 1600)
[2026-04-29 08:15:39] [INFO] Không tìm thấy dấu chấm than (!) nào
[2026-04-29 08:15:39] [INFO] Đã xử lý 0 đơn hàng
[2026-04-29 08:15:39] [INFO] --- THỐNG KÊ ---
[2026-04-29 08:15:39] [INFO]   Thu hoạch: 0
[2026-04-29 08:15:39] [INFO]   Trồng cây: 0
[2026-04-29 08:15:39] [INFO]   Đơn hàng:  2
[2026-04-29 08:15:39] [INFO]   Lỗi:       0
[2026-04-29 08:15:44] [INFO] ========================================
[2026-04-29 08:15:44] [INFO] 🔄 BẮT ĐẦU CHU KỲ MỚI
[2026-04-29 08:15:44] [INFO] ========================================
[2026-04-29 08:15:44] [INFO] ⏭️ Bỏ qua thu hoạch (chưa có ảnh mẫu)
[2026-04-29 08:15:44] [INFO] ⏭️ Bỏ qua trồng cây (chưa có ảnh mẫu)
[2026-04-29 08:15:44] [INFO] 📦 Bắt đầu XỬ LÝ ĐƠN HÀNG...
[2026-04-29 08:15:44] [DEBUG] Screenshot OK: (900, 1600)
[2026-04-29 08:15:45] [INFO] Không tìm thấy dấu chấm than (!) nào
[2026-04-29 08:15:45] [INFO] Đã xử lý 0 đơn hàng
[2026-04-29 08:15:45] [INFO] --- THỐNG KÊ ---
[2026-04-29 08:15:45] [INFO]   Thu hoạch: 0
[2026-04-29 08:15:45] [INFO]   Trồng cây: 0
[2026-04-29 08:15:45] [INFO]   Đơn hàng:  2
[2026-04-29 08:15:45] [INFO]   Lỗi:       0
[2026-04-29 08:15:50] [INFO] ========================================
[2026-04-29 08:15:50] [INFO] 🔄 BẮT ĐẦU CHU KỲ MỚI
[2026-04-29 08:15:50] [INFO] ========================================
[2026-04-29 08:15:50] [INFO] ⏭️ Bỏ qua thu hoạch (chưa có ảnh mẫu)
[2026-04-29 08:15:50] [INFO] ⏭️ Bỏ qua trồng cây (chưa có ảnh mẫu)
[2026-04-29 08:15:50] [INFO] 📦 Bắt đầu XỬ LÝ ĐƠN HÀNG...
[2026-04-29 08:15:51] [DEBUG] Screenshot OK: (900, 1600)
[2026-04-29 08:15:52] [INFO] Không tìm thấy dấu chấm than (!) nào
[2026-04-29 08:15:52] [INFO] Đã xử lý 0 đơn hàng
[2026-04-29 08:15:52] [INFO] --- THỐNG KÊ ---
[2026-04-29 08:15:52] [INFO]   Thu hoạch: 0
[2026-04-29 08:15:52] [INFO]   Trồng cây: 0
[2026-04-29 08:15:52] [INFO]   Đơn hàng:  2
[2026-04-29 08:15:52] [INFO]   Lỗi:       0
[2026-04-29 08:15:57] [INFO] ========================================
[2026-04-29 08:15:57] [INFO] 🔄 BẮT ĐẦU CHU KỲ MỚI
[2026-04-29 08:15:57] [INFO] ========================================
[2026-04-29 08:15:57] [INFO] ⏭️ Bỏ qua thu hoạch (chưa có ảnh mẫu)
[2026-04-29 08:15:57] [INFO] ⏭️ Bỏ qua trồng cây (chưa có ảnh mẫu)
[2026-04-29 08:15:57] [INFO] 📦 Bắt đầu XỬ LÝ ĐƠN HÀNG...
[2026-04-29 08:15:58] [DEBUG] Screenshot OK: (900, 1600)
[2026-04-29 08:15:58] [INFO] Không tìm thấy dấu chấm than (!) nào
[2026-04-29 08:15:58] [INFO] Đã xử lý 0 đơn hàng
[2026-04-29 08:15:58] [INFO] --- THỐNG KÊ ---
[2026-04-29 08:15:58] [INFO]   Thu hoạch: 0
[2026-04-29 08:15:58] [INFO]   Trồng cây: 0
[2026-04-29 08:15:58] [INFO]   Đơn hàng:  2
[2026-04-29 08:15:58] [INFO]   Lỗi:       0
[2026-04-29 08:16:03] [INFO] ========================================
[2026-04-29 08:16:03] [INFO] 🔄 BẮT ĐẦU CHU KỲ MỚI
[2026-04-29 08:16:03] [INFO] ========================================
[2026-04-29 08:16:03] [INFO] ⏭️ Bỏ qua thu hoạch (chưa có ảnh mẫu)
[2026-04-29 08:16:03] [INFO] ⏭️ Bỏ qua trồng cây (chưa có ảnh mẫu)
[2026-04-29 08:16:03] [INFO] 📦 Bắt đầu XỬ LÝ ĐƠN HÀNG...
[2026-04-29 08:16:04] [DEBUG] Screenshot OK: (900, 1600)
[2026-04-29 08:16:05] [INFO] Không tìm thấy dấu chấm than (!) nào
[2026-04-29 08:16:05] [INFO] Đã xử lý 0 đơn hàng
[2026-04-29 08:16:05] [INFO] --- THỐNG KÊ ---
[2026-04-29 08:16:05] [INFO]   Thu hoạch: 0
[2026-04-29 08:16:05] [INFO]   Trồng cây: 0
[2026-04-29 08:16:05] [INFO]   Đơn hàng:  2
[2026-04-29 08:16:05] [INFO]   Lỗi:       0
[2026-04-29 08:16:10] [INFO] ========================================
[2026-04-29 08:16:10] [INFO] 🔄 BẮT ĐẦU CHU KỲ MỚI
[2026-04-29 08:16:10] [INFO] ========================================
[2026-04-29 08:16:10] [INFO] ⏭️ Bỏ qua thu hoạch (chưa có ảnh mẫu)
[2026-04-29 08:16:10] [INFO] ⏭️ Bỏ qua trồng cây (chưa có ảnh mẫu)
[2026-04-29 08:16:10] [INFO] 📦 Bắt đầu XỬ LÝ ĐƠN HÀNG...
[2026-04-29 08:16:11] [DEBUG] Screenshot OK: (900, 1600)
[2026-04-29 08:16:11] [INFO] Không tìm thấy dấu chấm than (!) nào
[2026-04-29 08:16:11] [INFO] Đã xử lý 0 đơn hàng
[2026-04-29 08:16:11] [INFO] --- THỐNG KÊ ---
[2026-04-29 08:16:11] [INFO]   Thu hoạch: 0
[2026-04-29 08:16:11] [INFO]   Trồng cây: 0
[2026-04-29 08:16:11] [INFO]   Đơn hàng:  2
[2026-04-29 08:16:11] [INFO]   Lỗi:       0
[2026-04-29 08:16:16] [INFO] ========================================
[2026-04-29 08:16:16] [INFO] 🔄 BẮT ĐẦU CHU KỲ MỚI
[2026-04-29 08:16:16] [INFO] ========================================
[2026-04-29 08:16:16] [INFO] ⏭️ Bỏ qua thu hoạch (chưa có ảnh mẫu)
[2026-04-29 08:16:16] [INFO] ⏭️ Bỏ qua trồng cây (chưa có ảnh mẫu)
[2026-04-29 08:16:16] [INFO] 📦 Bắt đầu XỬ LÝ ĐƠN HÀNG...
[2026-04-29 08:16:18] [DEBUG] Screenshot OK: (900, 1600)
[2026-04-29 08:16:18] [INFO] Không tìm thấy dấu chấm than (!) nào
[2026-04-29 08:16:18] [INFO] Đã xử lý 0 đơn hàng
[2026-04-29 08:16:18] [INFO] --- THỐNG KÊ ---
[2026-04-29 08:16:18] [INFO]   Thu hoạch: 0
[2026-04-29 08:16:18] [INFO]   Trồng cây: 0
[2026-04-29 08:16:18] [INFO]   Đơn hàng:  2
[2026-04-29 08:16:18] [INFO]   Lỗi:       0
[2026-04-29 08:16:23] [INFO] ========================================
[2026-04-29 08:16:23] [INFO] 🔄 BẮT ĐẦU CHU KỲ MỚI
[2026-04-29 08:16:23] [INFO] ========================================
[2026-04-29 08:16:23] [INFO] ⏭️ Bỏ qua thu hoạch (chưa có ảnh mẫu)
[2026-04-29 08:16:23] [INFO] ⏭️ Bỏ qua trồng cây (chưa có ảnh mẫu)
[2026-04-29 08:16:23] [INFO] 📦 Bắt đầu XỬ LÝ ĐƠN HÀNG...
[2026-04-29 08:16:24] [DEBUG] Screenshot OK: (900, 1600)
[2026-04-29 08:16:25] [INFO] Không tìm thấy dấu chấm than (!) nào
[2026-04-29 08:16:25] [INFO] Đã xử lý 0 đơn hàng
[2026-04-29 08:16:25] [INFO] --- THỐNG KÊ ---
[2026-04-29 08:16:25] [INFO]   Thu hoạch: 0
[2026-04-29 08:16:25] [INFO]   Trồng cây: 0
[2026-04-29 08:16:25] [INFO]   Đơn hàng:  2
[2026-04-29 08:16:25] [INFO]   Lỗi:       0
[2026-04-29 08:16:30] [INFO] ========================================
[2026-04-29 08:16:30] [INFO] 🔄 BẮT ĐẦU CHU KỲ MỚI
[2026-04-29 08:16:30] [INFO] ========================================
[2026-04-29 08:16:30] [INFO] ⏭️ Bỏ qua thu hoạch (chưa có ảnh mẫu)
[2026-04-29 08:16:30] [INFO] ⏭️ Bỏ qua trồng cây (chưa có ảnh mẫu)
[2026-04-29 08:16:30] [INFO] 📦 Bắt đầu XỬ LÝ ĐƠN HÀNG...
[2026-04-29 08:16:31] [DEBUG] Screenshot OK: (900, 1600)
[2026-04-29 08:16:31] [INFO] Không tìm thấy dấu chấm than (!) nào
[2026-04-29 08:16:31] [INFO] Đã xử lý 0 đơn hàng
[2026-04-29 08:16:31] [INFO] --- THỐNG KÊ ---
[2026-04-29 08:16:31] [INFO]   Thu hoạch: 0
[2026-04-29 08:16:31] [INFO]   Trồng cây: 0
[2026-04-29 08:16:31] [INFO]   Đơn hàng:  2
[2026-04-29 08:16:31] [INFO]   Lỗi:       0
[2026-04-29 08:16:36] [INFO] ========================================
[2026-04-29 08:16:36] [INFO] 🔄 BẮT ĐẦU CHU KỲ MỚI
[2026-04-29 08:16:36] [INFO] ========================================
[2026-04-29 08:16:36] [INFO] ⏭️ Bỏ qua thu hoạch (chưa có ảnh mẫu)
[2026-04-29 08:16:36] [INFO] ⏭️ Bỏ qua trồng cây (chưa có ảnh mẫu)
[2026-04-29 08:16:36] [INFO] 📦 Bắt đầu XỬ LÝ ĐƠN HÀNG...
[2026-04-29 08:16:38] [DEBUG] Screenshot OK: (900, 1600)
[2026-04-29 08:16:38] [INFO] Không tìm thấy dấu chấm than (!) nào
[2026-04-29 08:16:38] [INFO] Đã xử lý 0 đơn hàng
[2026-04-29 08:16:38] [INFO] --- THỐNG KÊ ---
[2026-04-29 08:16:38] [INFO]   Thu hoạch: 0
[2026-04-29 08:16:38] [INFO]   Trồng cây: 0
[2026-04-29 08:16:38] [INFO]   Đơn hàng:  2
[2026-04-29 08:16:38] [INFO]   Lỗi:       0
[2026-04-29 08:16:43] [INFO] ========================================
[2026-04-29 08:16:43] [INFO] 🔄 BẮT ĐẦU CHU KỲ MỚI
[2026-04-29 08:16:43] [INFO] ========================================
[2026-04-29 08:16:43] [INFO] ⏭️ Bỏ qua thu hoạch (chưa có ảnh mẫu)
[2026-04-29 08:16:43] [INFO] ⏭️ Bỏ qua trồng cây (chưa có ảnh mẫu)
[2026-04-29 08:16:43] [INFO] 📦 Bắt đầu XỬ LÝ ĐƠN HÀNG...
[2026-04-29 08:16:44] [DEBUG] Screenshot OK: (900, 1600)
[2026-04-29 08:16:44] [INFO] Không tìm thấy dấu chấm than (!) nào
[2026-04-29 08:16:44] [INFO] Đã xử lý 0 đơn hàng
[2026-04-29 08:16:44] [INFO] --- THỐNG KÊ ---
[2026-04-29 08:16:44] [INFO]   Thu hoạch: 0
[2026-04-29 08:16:44] [INFO]   Trồng cây: 0
[2026-04-29 08:16:44] [INFO]   Đơn hàng:  2
[2026-04-29 08:16:44] [INFO]   Lỗi:       0
[2026-04-29 08:16:49] [INFO] ========================================
[2026-04-29 08:16:49] [INFO] 🔄 BẮT ĐẦU CHU KỲ MỚI
[2026-04-29 08:16:49] [INFO] ========================================
[2026-04-29 08:16:49] [INFO] ⏭️ Bỏ qua thu hoạch (chưa có ảnh mẫu)
[2026-04-29 08:16:49] [INFO] ⏭️ Bỏ qua trồng cây (chưa có ảnh mẫu)
[2026-04-29 08:16:49] [INFO] 📦 Bắt đầu XỬ LÝ ĐƠN HÀNG...
[2026-04-29 08:16:50] [DEBUG] Screenshot OK: (900, 1600)
[2026-04-29 08:16:51] [INFO] Không tìm thấy dấu chấm than (!) nào
[2026-04-29 08:16:51] [INFO] Đã xử lý 0 đơn hàng
[2026-04-29 08:16:51] [INFO] --- THỐNG KÊ ---
[2026-04-29 08:16:51] [INFO]   Thu hoạch: 0
[2026-04-29 08:16:51] [INFO]   Trồng cây: 0
[2026-04-29 08:16:51] [INFO]   Đơn hàng:  2
[2026-04-29 08:16:51] [INFO]   Lỗi:       0
[2026-04-29 08:16:56] [INFO] ========================================
[2026-04-29 08:16:56] [INFO] 🔄 BẮT ĐẦU CHU KỲ MỚI
[2026-04-29 08:16:56] [INFO] ========================================
[2026-04-29 08:16:56] [INFO] ⏭️ Bỏ qua thu hoạch (chưa có ảnh mẫu)
[2026-04-29 08:16:56] [INFO] ⏭️ Bỏ qua trồng cây (chưa có ảnh mẫu)
[2026-04-29 08:16:56] [INFO] 📦 Bắt đầu XỬ LÝ ĐƠN HÀNG...
[2026-04-29 08:16:57] [DEBUG] Screenshot OK: (900, 1600)
[2026-04-29 08:16:58] [INFO] Không tìm thấy dấu chấm than (!) nào
[2026-04-29 08:16:58] [INFO] Đã xử lý 0 đơn hàng
[2026-04-29 08:16:58] [INFO] --- THỐNG KÊ ---
[2026-04-29 08:16:58] [INFO]   Thu hoạch: 0
[2026-04-29 08:16:58] [INFO]   Trồng cây: 0
[2026-04-29 08:16:58] [INFO]   Đơn hàng:  2
[2026-04-29 08:16:58] [INFO]   Lỗi:       0
[2026-04-29 08:17:03] [INFO] ========================================
[2026-04-29 08:17:03] [INFO] 🔄 BẮT ĐẦU CHU KỲ MỚI
[2026-04-29 08:17:03] [INFO] ========================================
[2026-04-29 08:17:03] [INFO] ⏭️ Bỏ qua thu hoạch (chưa có ảnh mẫu)
[2026-04-29 08:17:03] [INFO] ⏭️ Bỏ qua trồng cây (chưa có ảnh mẫu)
[2026-04-29 08:17:03] [INFO] 📦 Bắt đầu XỬ LÝ ĐƠN HÀNG...
[2026-04-29 08:17:03] [DEBUG] Screenshot OK: (900, 1600)
[2026-04-29 08:17:04] [INFO] Không tìm thấy dấu chấm than (!) nào
[2026-04-29 08:17:04] [INFO] Đã xử lý 0 đơn hàng
[2026-04-29 08:17:04] [INFO] --- THỐNG KÊ ---
[2026-04-29 08:17:04] [INFO]   Thu hoạch: 0
[2026-04-29 08:17:04] [INFO]   Trồng cây: 0
[2026-04-29 08:17:04] [INFO]   Đơn hàng:  2
[2026-04-29 08:17:04] [INFO]   Lỗi:       0
[2026-04-29 08:17:09] [INFO] ========================================
[2026-04-29 08:17:09] [INFO] 🔄 BẮT ĐẦU CHU KỲ MỚI
[2026-04-29 08:17:09] [INFO] ========================================
[2026-04-29 08:17:09] [INFO] ⏭️ Bỏ qua thu hoạch (chưa có ảnh mẫu)
[2026-04-29 08:17:09] [INFO] ⏭️ Bỏ qua trồng cây (chưa có ảnh mẫu)
[2026-04-29 08:17:09] [INFO] 📦 Bắt đầu XỬ LÝ ĐƠN HÀNG...
[2026-04-29 08:17:10] [DEBUG] Screenshot OK: (900, 1600)
[2026-04-29 08:17:10] [INFO] Không tìm thấy dấu chấm than (!) nào
[2026-04-29 08:17:10] [INFO] Đã xử lý 0 đơn hàng
[2026-04-29 08:17:10] [INFO] --- THỐNG KÊ ---
[2026-04-29 08:17:10] [INFO]   Thu hoạch: 0
[2026-04-29 08:17:10] [INFO]   Trồng cây: 0
[2026-04-29 08:17:10] [INFO]   Đơn hàng:  2
[2026-04-29 08:17:10] [INFO]   Lỗi:       0
[2026-04-29 08:17:15] [INFO] ========================================
[2026-04-29 08:17:15] [INFO] 🔄 BẮT ĐẦU CHU KỲ MỚI
[2026-04-29 08:17:15] [INFO] ========================================
[2026-04-29 08:17:15] [INFO] ⏭️ Bỏ qua thu hoạch (chưa có ảnh mẫu)
[2026-04-29 08:17:15] [INFO] ⏭️ Bỏ qua trồng cây (chưa có ảnh mẫu)
[2026-04-29 08:17:15] [INFO] 📦 Bắt đầu XỬ LÝ ĐƠN HÀNG...
[2026-04-29 08:17:16] [DEBUG] Screenshot OK: (900, 1600)
[2026-04-29 08:17:17] [INFO] Không tìm thấy dấu chấm than (!) nào
[2026-04-29 08:17:17] [INFO] Đã xử lý 0 đơn hàng
[2026-04-29 08:17:17] [INFO] --- THỐNG KÊ ---
[2026-04-29 08:17:17] [INFO]   Thu hoạch: 0
[2026-04-29 08:17:17] [INFO]   Trồng cây: 0
[2026-04-29 08:17:17] [INFO]   Đơn hàng:  2
[2026-04-29 08:17:17] [INFO]   Lỗi:       0
[2026-04-29 08:17:22] [INFO] ========================================
[2026-04-29 08:17:22] [INFO] 🔄 BẮT ĐẦU CHU KỲ MỚI
[2026-04-29 08:17:22] [INFO] ========================================
[2026-04-29 08:17:22] [INFO] ⏭️ Bỏ qua thu hoạch (chưa có ảnh mẫu)
[2026-04-29 08:17:22] [INFO] ⏭️ Bỏ qua trồng cây (chưa có ảnh mẫu)
[2026-04-29 08:17:22] [INFO] 📦 Bắt đầu XỬ LÝ ĐƠN HÀNG...
[2026-04-29 08:17:23] [DEBUG] Screenshot OK: (900, 1600)
[2026-04-29 08:17:23] [INFO] Không tìm thấy dấu chấm than (!) nào
[2026-04-29 08:17:23] [INFO] Đã xử lý 0 đơn hàng
[2026-04-29 08:17:23] [INFO] --- THỐNG KÊ ---
[2026-04-29 08:17:23] [INFO]   Thu hoạch: 0
[2026-04-29 08:17:23] [INFO]   Trồng cây: 0
[2026-04-29 08:17:23] [INFO]   Đơn hàng:  2
[2026-04-29 08:17:23] [INFO]   Lỗi:       0
[2026-04-29 08:17:28] [INFO] ========================================
[2026-04-29 08:17:28] [INFO] 🔄 BẮT ĐẦU CHU KỲ MỚI
[2026-04-29 08:17:28] [INFO] ========================================
[2026-04-29 08:17:28] [INFO] ⏭️ Bỏ qua thu hoạch (chưa có ảnh mẫu)
[2026-04-29 08:17:28] [INFO] ⏭️ Bỏ qua trồng cây (chưa có ảnh mẫu)
[2026-04-29 08:17:28] [INFO] 📦 Bắt đầu XỬ LÝ ĐƠN HÀNG...
[2026-04-29 08:17:30] [DEBUG] Screenshot OK: (900, 1600)
[2026-04-29 08:17:30] [INFO] Không tìm thấy dấu chấm than (!) nào
[2026-04-29 08:17:30] [INFO] Đã xử lý 0 đơn hàng
[2026-04-29 08:17:30] [INFO] --- THỐNG KÊ ---
[2026-04-29 08:17:30] [INFO]   Thu hoạch: 0
[2026-04-29 08:17:30] [INFO]   Trồng cây: 0
[2026-04-29 08:17:30] [INFO]   Đơn hàng:  2
[2026-04-29 08:17:30] [INFO]   Lỗi:       0
[2026-04-29 08:17:35] [INFO] ========================================
[2026-04-29 08:17:35] [INFO] 🔄 BẮT ĐẦU CHU KỲ MỚI
[2026-04-29 08:17:35] [INFO] ========================================
[2026-04-29 08:17:35] [INFO] ⏭️ Bỏ qua thu hoạch (chưa có ảnh mẫu)
[2026-04-29 08:17:35] [INFO] ⏭️ Bỏ qua trồng cây (chưa có ảnh mẫu)
[2026-04-29 08:17:35] [INFO] 📦 Bắt đầu XỬ LÝ ĐƠN HÀNG...
[2026-04-29 08:17:36] [DEBUG] Screenshot OK: (900, 1600)
[2026-04-29 08:17:37] [INFO] Không tìm thấy dấu chấm than (!) nào
[2026-04-29 08:17:37] [INFO] Đã xử lý 0 đơn hàng
[2026-04-29 08:17:37] [INFO] --- THỐNG KÊ ---
[2026-04-29 08:17:37] [INFO]   Thu hoạch: 0
[2026-04-29 08:17:37] [INFO]   Trồng cây: 0
[2026-04-29 08:17:37] [INFO]   Đơn hàng:  2
[2026-04-29 08:17:37] [INFO]   Lỗi:       0
[2026-04-29 08:17:42] [INFO] ========================================
[2026-04-29 08:17:42] [INFO] 🔄 BẮT ĐẦU CHU KỲ MỚI
[2026-04-29 08:17:42] [INFO] ========================================
[2026-04-29 08:17:42] [INFO] ⏭️ Bỏ qua thu hoạch (chưa có ảnh mẫu)
[2026-04-29 08:17:42] [INFO] ⏭️ Bỏ qua trồng cây (chưa có ảnh mẫu)
[2026-04-29 08:17:42] [INFO] 📦 Bắt đầu XỬ LÝ ĐƠN HÀNG...
[2026-04-29 08:17:43] [DEBUG] Screenshot OK: (900, 1600)
[2026-04-29 08:17:43] [INFO] Không tìm thấy dấu chấm than (!) nào
[2026-04-29 08:17:43] [INFO] Đã xử lý 0 đơn hàng
[2026-04-29 08:17:43] [INFO] --- THỐNG KÊ ---
[2026-04-29 08:17:43] [INFO]   Thu hoạch: 0
[2026-04-29 08:17:43] [INFO]   Trồng cây: 0
[2026-04-29 08:17:43] [INFO]   Đơn hàng:  2
[2026-04-29 08:17:43] [INFO]   Lỗi:       0
[2026-04-29 08:17:48] [INFO] ========================================
[2026-04-29 08:17:48] [INFO] 🔄 BẮT ĐẦU CHU KỲ MỚI
[2026-04-29 08:17:48] [INFO] ========================================
[2026-04-29 08:17:48] [INFO] ⏭️ Bỏ qua thu hoạch (chưa có ảnh mẫu)
[2026-04-29 08:17:48] [INFO] ⏭️ Bỏ qua trồng cây (chưa có ảnh mẫu)
[2026-04-29 08:17:48] [INFO] 📦 Bắt đầu XỬ LÝ ĐƠN HÀNG...
[2026-04-29 08:17:49] [DEBUG] Screenshot OK: (900, 1600)
[2026-04-29 08:17:50] [INFO] Không tìm thấy dấu chấm than (!) nào
[2026-04-29 08:17:50] [INFO] Đã xử lý 0 đơn hàng
[2026-04-29 08:17:50] [INFO] --- THỐNG KÊ ---
[2026-04-29 08:17:50] [INFO]   Thu hoạch: 0
[2026-04-29 08:17:50] [INFO]   Trồng cây: 0
[2026-04-29 08:17:50] [INFO]   Đơn hàng:  2
[2026-04-29 08:17:50] [INFO]   Lỗi:       0
[2026-04-29 08:17:55] [INFO] ========================================
[2026-04-29 08:17:55] [INFO] 🔄 BẮT ĐẦU CHU KỲ MỚI
[2026-04-29 08:17:55] [INFO] ========================================
[2026-04-29 08:17:55] [INFO] ⏭️ Bỏ qua thu hoạch (chưa có ảnh mẫu)
[2026-04-29 08:17:55] [INFO] ⏭️ Bỏ qua trồng cây (chưa có ảnh mẫu)
[2026-04-29 08:17:55] [INFO] 📦 Bắt đầu XỬ LÝ ĐƠN HÀNG...
[2026-04-29 08:17:56] [DEBUG] Screenshot OK: (900, 1600)
[2026-04-29 08:17:56] [INFO] Không tìm thấy dấu chấm than (!) nào
[2026-04-29 08:17:56] [INFO] Đã xử lý 0 đơn hàng
[2026-04-29 08:17:56] [INFO] --- THỐNG KÊ ---
[2026-04-29 08:17:56] [INFO]   Thu hoạch: 0
[2026-04-29 08:17:56] [INFO]   Trồng cây: 0
[2026-04-29 08:17:56] [INFO]   Đơn hàng:  2
[2026-04-29 08:17:56] [INFO]   Lỗi:       0
[2026-04-29 08:18:01] [INFO] ========================================
[2026-04-29 08:18:01] [INFO] 🔄 BẮT ĐẦU CHU KỲ MỚI
[2026-04-29 08:18:01] [INFO] ========================================
[2026-04-29 08:18:01] [INFO] ⏭️ Bỏ qua thu hoạch (chưa có ảnh mẫu)
[2026-04-29 08:18:01] [INFO] ⏭️ Bỏ qua trồng cây (chưa có ảnh mẫu)
[2026-04-29 08:18:01] [INFO] 📦 Bắt đầu XỬ LÝ ĐƠN HÀNG...
[2026-04-29 08:18:02] [DEBUG] Screenshot OK: (900, 1600)
[2026-04-29 08:18:03] [INFO] Không tìm thấy dấu chấm than (!) nào
[2026-04-29 08:18:03] [INFO] Đã xử lý 0 đơn hàng
[2026-04-29 08:18:03] [INFO] --- THỐNG KÊ ---
[2026-04-29 08:18:03] [INFO]   Thu hoạch: 0
[2026-04-29 08:18:03] [INFO]   Trồng cây: 0
[2026-04-29 08:18:03] [INFO]   Đơn hàng:  2
[2026-04-29 08:18:03] [INFO]   Lỗi:       0
[2026-04-29 08:18:08] [INFO] ========================================
[2026-04-29 08:18:08] [INFO] 🔄 BẮT ĐẦU CHU KỲ MỚI
[2026-04-29 08:18:08] [INFO] ========================================
[2026-04-29 08:18:08] [INFO] ⏭️ Bỏ qua thu hoạch (chưa có ảnh mẫu)
[2026-04-29 08:18:08] [INFO] ⏭️ Bỏ qua trồng cây (chưa có ảnh mẫu)
[2026-04-29 08:18:08] [INFO] 📦 Bắt đầu XỬ LÝ ĐƠN HÀNG...
[2026-04-29 08:18:09] [DEBUG] Screenshot OK: (900, 1600)
[2026-04-29 08:18:09] [INFO] Không tìm thấy dấu chấm than (!) nào
[2026-04-29 08:18:09] [INFO] Đã xử lý 0 đơn hàng
[2026-04-29 08:18:09] [INFO] --- THỐNG KÊ ---
[2026-04-29 08:18:09] [INFO]   Thu hoạch: 0
[2026-04-29 08:18:09] [INFO]   Trồng cây: 0
[2026-04-29 08:18:09] [INFO]   Đơn hàng:  2
[2026-04-29 08:18:09] [INFO]   Lỗi:       0
[2026-04-29 08:18:14] [INFO] ========================================
[2026-04-29 08:18:14] [INFO] 🔄 BẮT ĐẦU CHU KỲ MỚI
[2026-04-29 08:18:14] [INFO] ========================================
[2026-04-29 08:18:14] [INFO] ⏭️ Bỏ qua thu hoạch (chưa có ảnh mẫu)
[2026-04-29 08:18:14] [INFO] ⏭️ Bỏ qua trồng cây (chưa có ảnh mẫu)
[2026-04-29 08:18:14] [INFO] 📦 Bắt đầu XỬ LÝ ĐƠN HÀNG...
[2026-04-29 08:18:15] [DEBUG] Screenshot OK: (900, 1600)
[2026-04-29 08:18:16] [INFO] Không tìm thấy dấu chấm than (!) nào
[2026-04-29 08:18:16] [INFO] Đã xử lý 0 đơn hàng
[2026-04-29 08:18:16] [INFO] --- THỐNG KÊ ---
[2026-04-29 08:18:16] [INFO]   Thu hoạch: 0
[2026-04-29 08:18:16] [INFO]   Trồng cây: 0
[2026-04-29 08:18:16] [INFO]   Đơn hàng:  2
[2026-04-29 08:18:16] [INFO]   Lỗi:       0
[2026-04-29 08:18:21] [INFO] ========================================
[2026-04-29 08:18:21] [INFO] 🔄 BẮT ĐẦU CHU KỲ MỚI
[2026-04-29 08:18:21] [INFO] ========================================
[2026-04-29 08:18:21] [INFO] ⏭️ Bỏ qua thu hoạch (chưa có ảnh mẫu)
[2026-04-29 08:18:21] [INFO] ⏭️ Bỏ qua trồng cây (chưa có ảnh mẫu)
[2026-04-29 08:18:21] [INFO] 📦 Bắt đầu XỬ LÝ ĐƠN HÀNG...
[2026-04-29 08:18:22] [DEBUG] Screenshot OK: (900, 1600)
[2026-04-29 08:18:22] [INFO] Không tìm thấy dấu chấm than (!) nào
[2026-04-29 08:18:22] [INFO] Đã xử lý 0 đơn hàng
[2026-04-29 08:18:22] [INFO] --- THỐNG KÊ ---
[2026-04-29 08:18:22] [INFO]   Thu hoạch: 0
[2026-04-29 08:18:22] [INFO]   Trồng cây: 0
[2026-04-29 08:18:22] [INFO]   Đơn hàng:  2
[2026-04-29 08:18:22] [INFO]   Lỗi:       0
[2026-04-29 08:18:27] [INFO] ========================================
[2026-04-29 08:18:27] [INFO] 🔄 BẮT ĐẦU CHU KỲ MỚI
[2026-04-29 08:18:27] [INFO] ========================================
[2026-04-29 08:18:27] [INFO] ⏭️ Bỏ qua thu hoạch (chưa có ảnh mẫu)
[2026-04-29 08:18:27] [INFO] ⏭️ Bỏ qua trồng cây (chưa có ảnh mẫu)
[2026-04-29 08:18:27] [INFO] 📦 Bắt đầu XỬ LÝ ĐƠN HÀNG...
[2026-04-29 08:18:28] [DEBUG] Screenshot OK: (900, 1600)
[2026-04-29 08:18:29] [INFO] Không tìm thấy dấu chấm than (!) nào
[2026-04-29 08:18:29] [INFO] Đã xử lý 0 đơn hàng
[2026-04-29 08:18:29] [INFO] --- THỐNG KÊ ---
[2026-04-29 08:18:29] [INFO]   Thu hoạch: 0
[2026-04-29 08:18:29] [INFO]   Trồng cây: 0
[2026-04-29 08:18:29] [INFO]   Đơn hàng:  2
[2026-04-29 08:18:29] [INFO]   Lỗi:       0
[2026-04-29 08:18:34] [INFO] ========================================
[2026-04-29 08:18:34] [INFO] 🔄 BẮT ĐẦU CHU KỲ MỚI
[2026-04-29 08:18:34] [INFO] ========================================
[2026-04-29 08:18:34] [INFO] ⏭️ Bỏ qua thu hoạch (chưa có ảnh mẫu)
[2026-04-29 08:18:34] [INFO] ⏭️ Bỏ qua trồng cây (chưa có ảnh mẫu)
[2026-04-29 08:18:34] [INFO] 📦 Bắt đầu XỬ LÝ ĐƠN HÀNG...
[2026-04-29 08:18:35] [DEBUG] Screenshot OK: (900, 1600)
[2026-04-29 08:18:35] [INFO] Không tìm thấy dấu chấm than (!) nào
[2026-04-29 08:18:35] [INFO] Đã xử lý 0 đơn hàng
[2026-04-29 08:18:35] [INFO] --- THỐNG KÊ ---
[2026-04-29 08:18:35] [INFO]   Thu hoạch: 0
[2026-04-29 08:18:35] [INFO]   Trồng cây: 0
[2026-04-29 08:18:35] [INFO]   Đơn hàng:  2
[2026-04-29 08:18:35] [INFO]   Lỗi:       0
[2026-04-29 08:18:40] [INFO] ========================================
[2026-04-29 08:18:40] [INFO] 🔄 BẮT ĐẦU CHU KỲ MỚI
[2026-04-29 08:18:40] [INFO] ========================================
[2026-04-29 08:18:40] [INFO] ⏭️ Bỏ qua thu hoạch (chưa có ảnh mẫu)
[2026-04-29 08:18:40] [INFO] ⏭️ Bỏ qua trồng cây (chưa có ảnh mẫu)
[2026-04-29 08:18:40] [INFO] 📦 Bắt đầu XỬ LÝ ĐƠN HÀNG...
[2026-04-29 08:18:41] [DEBUG] Screenshot OK: (900, 1600)
[2026-04-29 08:18:42] [INFO] Không tìm thấy dấu chấm than (!) nào
[2026-04-29 08:18:42] [INFO] Đã xử lý 0 đơn hàng
[2026-04-29 08:18:42] [INFO] --- THỐNG KÊ ---
[2026-04-29 08:18:42] [INFO]   Thu hoạch: 0
[2026-04-29 08:18:42] [INFO]   Trồng cây: 0
[2026-04-29 08:18:42] [INFO]   Đơn hàng:  2
[2026-04-29 08:18:42] [INFO]   Lỗi:       0
[2026-04-29 08:18:47] [INFO] ========================================
[2026-04-29 08:18:47] [INFO] 🔄 BẮT ĐẦU CHU KỲ MỚI
[2026-04-29 08:18:47] [INFO] ========================================
[2026-04-29 08:18:47] [INFO] ⏭️ Bỏ qua thu hoạch (chưa có ảnh mẫu)
[2026-04-29 08:18:47] [INFO] ⏭️ Bỏ qua trồng cây (chưa có ảnh mẫu)
[2026-04-29 08:18:47] [INFO] 📦 Bắt đầu XỬ LÝ ĐƠN HÀNG...
[2026-04-29 08:18:48] [DEBUG] Screenshot OK: (900, 1600)
[2026-04-29 08:18:48] [INFO] Không tìm thấy dấu chấm than (!) nào
[2026-04-29 08:18:48] [INFO] Đã xử lý 0 đơn hàng
[2026-04-29 08:18:48] [INFO] --- THỐNG KÊ ---
[2026-04-29 08:18:48] [INFO]   Thu hoạch: 0
[2026-04-29 08:18:48] [INFO]   Trồng cây: 0
[2026-04-29 08:18:48] [INFO]   Đơn hàng:  2
[2026-04-29 08:18:48] [INFO]   Lỗi:       0
[2026-04-29 08:18:53] [INFO] ========================================
[2026-04-29 08:18:53] [INFO] 🔄 BẮT ĐẦU CHU KỲ MỚI
[2026-04-29 08:18:53] [INFO] ========================================
[2026-04-29 08:18:53] [INFO] ⏭️ Bỏ qua thu hoạch (chưa có ảnh mẫu)
[2026-04-29 08:18:53] [INFO] ⏭️ Bỏ qua trồng cây (chưa có ảnh mẫu)
[2026-04-29 08:18:53] [INFO] 📦 Bắt đầu XỬ LÝ ĐƠN HÀNG...
[2026-04-29 08:18:54] [DEBUG] Screenshot OK: (900, 1600)
[2026-04-29 08:18:55] [INFO] Không tìm thấy dấu chấm than (!) nào
[2026-04-29 08:18:55] [INFO] Đã xử lý 0 đơn hàng
[2026-04-29 08:18:55] [INFO] --- THỐNG KÊ ---
[2026-04-29 08:18:55] [INFO]   Thu hoạch: 0
[2026-04-29 08:18:55] [INFO]   Trồng cây: 0
[2026-04-29 08:18:55] [INFO]   Đơn hàng:  2
[2026-04-29 08:18:55] [INFO]   Lỗi:       0
[2026-04-29 08:19:00] [INFO] ========================================
[2026-04-29 08:19:00] [INFO] 🔄 BẮT ĐẦU CHU KỲ MỚI
[2026-04-29 08:19:00] [INFO] ========================================
[2026-04-29 08:19:00] [INFO] ⏭️ Bỏ qua thu hoạch (chưa có ảnh mẫu)
[2026-04-29 08:19:00] [INFO] ⏭️ Bỏ qua trồng cây (chưa có ảnh mẫu)
[2026-04-29 08:19:00] [INFO] 📦 Bắt đầu XỬ LÝ ĐƠN HÀNG...
[2026-04-29 08:19:01] [DEBUG] Screenshot OK: (900, 1600)
[2026-04-29 08:19:01] [INFO] Không tìm thấy dấu chấm than (!) nào
[2026-04-29 08:19:01] [INFO] Đã xử lý 0 đơn hàng
[2026-04-29 08:19:01] [INFO] --- THỐNG KÊ ---
[2026-04-29 08:19:01] [INFO]   Thu hoạch: 0
[2026-04-29 08:19:01] [INFO]   Trồng cây: 0
[2026-04-29 08:19:01] [INFO]   Đơn hàng:  2
[2026-04-29 08:19:01] [INFO]   Lỗi:       0
[2026-04-29 08:19:06] [INFO] ========================================
[2026-04-29 08:19:06] [INFO] 🔄 BẮT ĐẦU CHU KỲ MỚI
[2026-04-29 08:19:06] [INFO] ========================================
[2026-04-29 08:19:06] [INFO] ⏭️ Bỏ qua thu hoạch (chưa có ảnh mẫu)
[2026-04-29 08:19:06] [INFO] ⏭️ Bỏ qua trồng cây (chưa có ảnh mẫu)
[2026-04-29 08:19:06] [INFO] 📦 Bắt đầu XỬ LÝ ĐƠN HÀNG...
[2026-04-29 08:19:07] [DEBUG] Screenshot OK: (900, 1600)
[2026-04-29 08:19:08] [INFO] Không tìm thấy dấu chấm than (!) nào
[2026-04-29 08:19:08] [INFO] Đã xử lý 0 đơn hàng
[2026-04-29 08:19:08] [INFO] --- THỐNG KÊ ---
[2026-04-29 08:19:08] [INFO]   Thu hoạch: 0
[2026-04-29 08:19:08] [INFO]   Trồng cây: 0
[2026-04-29 08:19:08] [INFO]   Đơn hàng:  2
[2026-04-29 08:19:08] [INFO]   Lỗi:       0
[2026-04-29 08:19:13] [INFO] ========================================
[2026-04-29 08:19:13] [INFO] 🔄 BẮT ĐẦU CHU KỲ MỚI
[2026-04-29 08:19:13] [INFO] ========================================
[2026-04-29 08:19:13] [INFO] ⏭️ Bỏ qua thu hoạch (chưa có ảnh mẫu)
[2026-04-29 08:19:13] [INFO] ⏭️ Bỏ qua trồng cây (chưa có ảnh mẫu)
[2026-04-29 08:19:13] [INFO] 📦 Bắt đầu XỬ LÝ ĐƠN HÀNG...
[2026-04-29 08:19:14] [DEBUG] Screenshot OK: (900, 1600)
[2026-04-29 08:19:14] [INFO] Không tìm thấy dấu chấm than (!) nào
[2026-04-29 08:19:14] [INFO] Đã xử lý 0 đơn hàng
[2026-04-29 08:19:14] [INFO] --- THỐNG KÊ ---
[2026-04-29 08:19:14] [INFO]   Thu hoạch: 0
[2026-04-29 08:19:14] [INFO]   Trồng cây: 0
[2026-04-29 08:19:14] [INFO]   Đơn hàng:  2
[2026-04-29 08:19:14] [INFO]   Lỗi:       0
[2026-04-29 08:19:19] [INFO] ========================================
[2026-04-29 08:19:19] [INFO] 🔄 BẮT ĐẦU CHU KỲ MỚI
[2026-04-29 08:19:19] [INFO] ========================================
[2026-04-29 08:19:19] [INFO] ⏭️ Bỏ qua thu hoạch (chưa có ảnh mẫu)
[2026-04-29 08:19:19] [INFO] ⏭️ Bỏ qua trồng cây (chưa có ảnh mẫu)
[2026-04-29 08:19:19] [INFO] 📦 Bắt đầu XỬ LÝ ĐƠN HÀNG...
[2026-04-29 08:19:20] [DEBUG] Screenshot OK: (900, 1600)
[2026-04-29 08:19:21] [INFO] Không tìm thấy dấu chấm than (!) nào
[2026-04-29 08:19:21] [INFO] Đã xử lý 0 đơn hàng
[2026-04-29 08:19:21] [INFO] --- THỐNG KÊ ---
[2026-04-29 08:19:21] [INFO]   Thu hoạch: 0
[2026-04-29 08:19:21] [INFO]   Trồng cây: 0
[2026-04-29 08:19:21] [INFO]   Đơn hàng:  2
[2026-04-29 08:19:21] [INFO]   Lỗi:       0
[2026-04-29 08:19:26] [INFO] ========================================
[2026-04-29 08:19:26] [INFO] 🔄 BẮT ĐẦU CHU KỲ MỚI
[2026-04-29 08:19:26] [INFO] ========================================
[2026-04-29 08:19:26] [INFO] ⏭️ Bỏ qua thu hoạch (chưa có ảnh mẫu)
[2026-04-29 08:19:26] [INFO] ⏭️ Bỏ qua trồng cây (chưa có ảnh mẫu)
[2026-04-29 08:19:26] [INFO] 📦 Bắt đầu XỬ LÝ ĐƠN HÀNG...
[2026-04-29 08:19:27] [DEBUG] Screenshot OK: (900, 1600)
[2026-04-29 08:19:27] [INFO] Không tìm thấy dấu chấm than (!) nào
[2026-04-29 08:19:27] [INFO] Đã xử lý 0 đơn hàng
[2026-04-29 08:19:27] [INFO] --- THỐNG KÊ ---
[2026-04-29 08:19:27] [INFO]   Thu hoạch: 0
[2026-04-29 08:19:27] [INFO]   Trồng cây: 0
[2026-04-29 08:19:27] [INFO]   Đơn hàng:  2
[2026-04-29 08:19:27] [INFO]   Lỗi:       0
[2026-04-29 08:19:32] [INFO] ========================================
[2026-04-29 08:19:32] [INFO] 🔄 BẮT ĐẦU CHU KỲ MỚI
[2026-04-29 08:19:32] [INFO] ========================================
[2026-04-29 08:19:32] [INFO] ⏭️ Bỏ qua thu hoạch (chưa có ảnh mẫu)
[2026-04-29 08:19:32] [INFO] ⏭️ Bỏ qua trồng cây (chưa có ảnh mẫu)
[2026-04-29 08:19:32] [INFO] 📦 Bắt đầu XỬ LÝ ĐƠN HÀNG...
[2026-04-29 08:19:33] [DEBUG] Screenshot OK: (900, 1600)
[2026-04-29 08:19:34] [INFO] Không tìm thấy dấu chấm than (!) nào
[2026-04-29 08:19:34] [INFO] Đã xử lý 0 đơn hàng
[2026-04-29 08:19:34] [INFO] --- THỐNG KÊ ---
[2026-04-29 08:19:34] [INFO]   Thu hoạch: 0
[2026-04-29 08:19:34] [INFO]   Trồng cây: 0
[2026-04-29 08:19:34] [INFO]   Đơn hàng:  2
[2026-04-29 08:19:34] [INFO]   Lỗi:       0
[2026-04-29 08:19:39] [INFO] ========================================
[2026-04-29 08:19:39] [INFO] 🔄 BẮT ĐẦU CHU KỲ MỚI
[2026-04-29 08:19:39] [INFO] ========================================
[2026-04-29 08:19:39] [INFO] ⏭️ Bỏ qua thu hoạch (chưa có ảnh mẫu)
[2026-04-29 08:19:39] [INFO] ⏭️ Bỏ qua trồng cây (chưa có ảnh mẫu)
[2026-04-29 08:19:39] [INFO] 📦 Bắt đầu XỬ LÝ ĐƠN HÀNG...
[2026-04-29 08:19:40] [DEBUG] Screenshot OK: (900, 1600)
[2026-04-29 08:19:40] [INFO] Không tìm thấy dấu chấm than (!) nào
[2026-04-29 08:19:40] [INFO] Đã xử lý 0 đơn hàng
[2026-04-29 08:19:40] [INFO] --- THỐNG KÊ ---
[2026-04-29 08:19:40] [INFO]   Thu hoạch: 0
[2026-04-29 08:19:40] [INFO]   Trồng cây: 0
[2026-04-29 08:19:40] [INFO]   Đơn hàng:  2
[2026-04-29 08:19:40] [INFO]   Lỗi:       0
[2026-04-29 08:19:45] [INFO] ========================================
[2026-04-29 08:19:45] [INFO] 🔄 BẮT ĐẦU CHU KỲ MỚI
[2026-04-29 08:19:45] [INFO] ========================================
[2026-04-29 08:19:45] [INFO] ⏭️ Bỏ qua thu hoạch (chưa có ảnh mẫu)
[2026-04-29 08:19:45] [INFO] ⏭️ Bỏ qua trồng cây (chưa có ảnh mẫu)
[2026-04-29 08:19:45] [INFO] 📦 Bắt đầu XỬ LÝ ĐƠN HÀNG...
[2026-04-29 08:19:46] [DEBUG] Screenshot OK: (900, 1600)
[2026-04-29 08:19:47] [INFO] Không tìm thấy dấu chấm than (!) nào
[2026-04-29 08:19:47] [INFO] Đã xử lý 0 đơn hàng
[2026-04-29 08:19:47] [INFO] --- THỐNG KÊ ---
[2026-04-29 08:19:47] [INFO]   Thu hoạch: 0
[2026-04-29 08:19:47] [INFO]   Trồng cây: 0
[2026-04-29 08:19:47] [INFO]   Đơn hàng:  2
[2026-04-29 08:19:47] [INFO]   Lỗi:       0
[2026-04-29 08:19:52] [INFO] ========================================
[2026-04-29 08:19:52] [INFO] 🔄 BẮT ĐẦU CHU KỲ MỚI
[2026-04-29 08:19:52] [INFO] ========================================
[2026-04-29 08:19:52] [INFO] ⏭️ Bỏ qua thu hoạch (chưa có ảnh mẫu)
[2026-04-29 08:19:52] [INFO] ⏭️ Bỏ qua trồng cây (chưa có ảnh mẫu)
[2026-04-29 08:19:52] [INFO] 📦 Bắt đầu XỬ LÝ ĐƠN HÀNG...
[2026-04-29 08:19:53] [DEBUG] Screenshot OK: (900, 1600)
[2026-04-29 08:19:53] [INFO] Tìm thấy 1 dấu (!): 1 đỏ, 0 vàng
[2026-04-29 08:19:53] [INFO]   🔴 Click dấu (!) red tại (599, 358) conf=1.00
[2026-04-29 08:19:54] [DEBUG] Tap: (599, 358)
[2026-04-29 08:19:58] [DEBUG] Screenshot OK: (900, 1600)
[2026-04-29 08:19:58] [DEBUG] Found btn_chua_co_hang.png at (275,1277) conf=1.000
[2026-04-29 08:19:58] [DEBUG] Tap: (275, 1277)
[2026-04-29 08:19:58] [INFO] Tap btn_chua_co_hang.png at (275,1277)
[2026-04-29 08:19:58] [INFO]   ✅ Đã click 'Chưa có hàng'
[2026-04-29 08:19:59] [INFO]   ✅ Xử lý đơn #1
[2026-04-29 08:20:03] [DEBUG] Screenshot OK: (900, 1600)
[2026-04-29 08:20:04] [INFO] Tìm thấy 2 dấu (!): 2 đỏ, 0 vàng
[2026-04-29 08:20:04] [INFO]   🔴 Click dấu (!) red tại (221, 679) conf=1.00
[2026-04-29 08:20:04] [DEBUG] Tap: (221, 679)
[2026-04-29 08:20:08] [DEBUG] Screenshot OK: (900, 1600)
[2026-04-29 08:20:09] [DEBUG] Found btn_chua_co_hang.png at (275,1277) conf=1.000
[2026-04-29 08:20:09] [DEBUG] Tap: (275, 1277)
[2026-04-29 08:20:09] [INFO] Tap btn_chua_co_hang.png at (275,1277)
[2026-04-29 08:20:09] [INFO]   ✅ Đã click 'Chưa có hàng'
[2026-04-29 08:20:10] [INFO]   ✅ Xử lý đơn #2
[2026-04-29 08:20:11] [INFO]   🔴 Click dấu (!) red tại (714, 684) conf=1.00
[2026-04-29 08:20:11] [DEBUG] Tap: (714, 684)
[2026-04-29 08:20:16] [DEBUG] Screenshot OK: (900, 1600)
[2026-04-29 08:20:16] [DEBUG] Found btn_chua_co_hang.png at (275,1277) conf=1.000
[2026-04-29 08:20:16] [DEBUG] Tap: (275, 1277)
[2026-04-29 08:20:16] [INFO] Tap btn_chua_co_hang.png at (275,1277)
[2026-04-29 08:20:16] [INFO]   ✅ Đã click 'Chưa có hàng'
[2026-04-29 08:20:17] [INFO]   ✅ Xử lý đơn #3
[2026-04-29 08:20:22] [DEBUG] Screenshot OK: (900, 1600)
[2026-04-29 08:20:23] [INFO] Đã xử lý 3 đơn hàng
[2026-04-29 08:20:23] [INFO] --- THỐNG KÊ ---
[2026-04-29 08:20:23] [INFO]   Thu hoạch: 0
[2026-04-29 08:20:23] [INFO]   Trồng cây: 0
[2026-04-29 08:20:23] [INFO]   Đơn hàng:  5
[2026-04-29 08:20:23] [INFO]   Lỗi:       0
[2026-04-29 08:20:28] [INFO] ========================================
[2026-04-29 08:20:28] [INFO] 🔄 BẮT ĐẦU CHU KỲ MỚI
[2026-04-29 08:20:28] [INFO] ========================================
[2026-04-29 08:20:28] [INFO] ⏭️ Bỏ qua thu hoạch (chưa có ảnh mẫu)
[2026-04-29 08:20:28] [INFO] ⏭️ Bỏ qua trồng cây (chưa có ảnh mẫu)
[2026-04-29 08:20:28] [INFO] 📦 Bắt đầu XỬ LÝ ĐƠN HÀNG...
[2026-04-29 08:20:29] [DEBUG] Screenshot OK: (900, 1600)
[2026-04-29 08:20:30] [INFO] Không tìm thấy dấu chấm than (!) nào
[2026-04-29 08:20:30] [INFO] Đã xử lý 0 đơn hàng
[2026-04-29 08:20:30] [INFO] --- THỐNG KÊ ---
[2026-04-29 08:20:30] [INFO]   Thu hoạch: 0
[2026-04-29 08:20:30] [INFO]   Trồng cây: 0
[2026-04-29 08:20:30] [INFO]   Đơn hàng:  5
[2026-04-29 08:20:30] [INFO]   Lỗi:       0
[2026-04-29 08:20:35] [INFO] ========================================
[2026-04-29 08:20:35] [INFO] 🔄 BẮT ĐẦU CHU KỲ MỚI
[2026-04-29 08:20:35] [INFO] ========================================
[2026-04-29 08:20:35] [INFO] ⏭️ Bỏ qua thu hoạch (chưa có ảnh mẫu)
[2026-04-29 08:20:35] [INFO] ⏭️ Bỏ qua trồng cây (chưa có ảnh mẫu)
[2026-04-29 08:20:35] [INFO] 📦 Bắt đầu XỬ LÝ ĐƠN HÀNG...
[2026-04-29 08:20:36] [DEBUG] Screenshot OK: (900, 1600)
[2026-04-29 08:20:37] [INFO] Không tìm thấy dấu chấm than (!) nào
[2026-04-29 08:20:37] [INFO] Đã xử lý 0 đơn hàng
[2026-04-29 08:20:37] [INFO] --- THỐNG KÊ ---
[2026-04-29 08:20:37] [INFO]   Thu hoạch: 0
[2026-04-29 08:20:37] [INFO]   Trồng cây: 0
[2026-04-29 08:20:37] [INFO]   Đơn hàng:  5
[2026-04-29 08:20:37] [INFO]   Lỗi:       0
[2026-04-29 08:20:42] [INFO] ========================================
[2026-04-29 08:20:42] [INFO] 🔄 BẮT ĐẦU CHU KỲ MỚI
[2026-04-29 08:20:42] [INFO] ========================================
[2026-04-29 08:20:42] [INFO] ⏭️ Bỏ qua thu hoạch (chưa có ảnh mẫu)
[2026-04-29 08:20:42] [INFO] ⏭️ Bỏ qua trồng cây (chưa có ảnh mẫu)
[2026-04-29 08:20:42] [INFO] 📦 Bắt đầu XỬ LÝ ĐƠN HÀNG...
[2026-04-29 08:20:43] [DEBUG] Screenshot OK: (900, 1600)
[2026-04-29 08:20:44] [INFO] Không tìm thấy dấu chấm than (!) nào
[2026-04-29 08:20:44] [INFO] Đã xử lý 0 đơn hàng
[2026-04-29 08:20:44] [INFO] --- THỐNG KÊ ---
[2026-04-29 08:20:44] [INFO]   Thu hoạch: 0
[2026-04-29 08:20:44] [INFO]   Trồng cây: 0
[2026-04-29 08:20:44] [INFO]   Đơn hàng:  5
[2026-04-29 08:20:44] [INFO]   Lỗi:       0
[2026-04-29 08:20:49] [INFO] ========================================
[2026-04-29 08:20:49] [INFO] 🔄 BẮT ĐẦU CHU KỲ MỚI
[2026-04-29 08:20:49] [INFO] ========================================
[2026-04-29 08:20:49] [INFO] ⏭️ Bỏ qua thu hoạch (chưa có ảnh mẫu)
[2026-04-29 08:20:49] [INFO] ⏭️ Bỏ qua trồng cây (chưa có ảnh mẫu)
[2026-04-29 08:20:49] [INFO] 📦 Bắt đầu XỬ LÝ ĐƠN HÀNG...
[2026-04-29 08:20:50] [DEBUG] Screenshot OK: (900, 1600)
[2026-04-29 08:20:50] [INFO] Không tìm thấy dấu chấm than (!) nào
[2026-04-29 08:20:50] [INFO] Đã xử lý 0 đơn hàng
[2026-04-29 08:20:50] [INFO] --- THỐNG KÊ ---
[2026-04-29 08:20:50] [INFO]   Thu hoạch: 0
[2026-04-29 08:20:50] [INFO]   Trồng cây: 0
[2026-04-29 08:20:50] [INFO]   Đơn hàng:  5
[2026-04-29 08:20:50] [INFO]   Lỗi:       0
[2026-04-29 08:20:55] [INFO] ========================================
[2026-04-29 08:20:55] [INFO] 🔄 BẮT ĐẦU CHU KỲ MỚI
[2026-04-29 08:20:55] [INFO] ========================================
[2026-04-29 08:20:55] [INFO] ⏭️ Bỏ qua thu hoạch (chưa có ảnh mẫu)
[2026-04-29 08:20:55] [INFO] ⏭️ Bỏ qua trồng cây (chưa có ảnh mẫu)
[2026-04-29 08:20:55] [INFO] 📦 Bắt đầu XỬ LÝ ĐƠN HÀNG...
[2026-04-29 08:20:56] [DEBUG] Screenshot OK: (900, 1600)
[2026-04-29 08:20:57] [INFO] Không tìm thấy dấu chấm than (!) nào
[2026-04-29 08:20:57] [INFO] Đã xử lý 0 đơn hàng
[2026-04-29 08:20:57] [INFO] --- THỐNG KÊ ---
[2026-04-29 08:20:57] [INFO]   Thu hoạch: 0
[2026-04-29 08:20:57] [INFO]   Trồng cây: 0
[2026-04-29 08:20:57] [INFO]   Đơn hàng:  5
[2026-04-29 08:20:57] [INFO]   Lỗi:       0
[2026-04-29 08:21:02] [INFO] ========================================
[2026-04-29 08:21:02] [INFO] 🔄 BẮT ĐẦU CHU KỲ MỚI
[2026-04-29 08:21:02] [INFO] ========================================
[2026-04-29 08:21:02] [INFO] ⏭️ Bỏ qua thu hoạch (chưa có ảnh mẫu)
[2026-04-29 08:21:02] [INFO] ⏭️ Bỏ qua trồng cây (chưa có ảnh mẫu)
[2026-04-29 08:21:02] [INFO] 📦 Bắt đầu XỬ LÝ ĐƠN HÀNG...
[2026-04-29 08:21:03] [DEBUG] Screenshot OK: (900, 1600)
[2026-04-29 08:21:03] [INFO] Không tìm thấy dấu chấm than (!) nào
[2026-04-29 08:21:03] [INFO] Đã xử lý 0 đơn hàng
[2026-04-29 08:21:03] [INFO] --- THỐNG KÊ ---
[2026-04-29 08:21:03] [INFO]   Thu hoạch: 0
[2026-04-29 08:21:03] [INFO]   Trồng cây: 0
[2026-04-29 08:21:03] [INFO]   Đơn hàng:  5
[2026-04-29 08:21:03] [INFO]   Lỗi:       0
[2026-04-29 08:21:08] [INFO] ========================================
[2026-04-29 08:21:08] [INFO] 🔄 BẮT ĐẦU CHU KỲ MỚI
[2026-04-29 08:21:08] [INFO] ========================================
[2026-04-29 08:21:08] [INFO] ⏭️ Bỏ qua thu hoạch (chưa có ảnh mẫu)
[2026-04-29 08:21:08] [INFO] ⏭️ Bỏ qua trồng cây (chưa có ảnh mẫu)
[2026-04-29 08:21:08] [INFO] 📦 Bắt đầu XỬ LÝ ĐƠN HÀNG...
[2026-04-29 08:21:10] [DEBUG] Screenshot OK: (900, 1600)
[2026-04-29 08:21:10] [INFO] Không tìm thấy dấu chấm than (!) nào
[2026-04-29 08:21:10] [INFO] Đã xử lý 0 đơn hàng
[2026-04-29 08:21:10] [INFO] --- THỐNG KÊ ---
[2026-04-29 08:21:10] [INFO]   Thu hoạch: 0
[2026-04-29 08:21:10] [INFO]   Trồng cây: 0
[2026-04-29 08:21:10] [INFO]   Đơn hàng:  5
[2026-04-29 08:21:10] [INFO]   Lỗi:       0
[2026-04-29 08:21:15] [INFO] ========================================
[2026-04-29 08:21:15] [INFO] 🔄 BẮT ĐẦU CHU KỲ MỚI
[2026-04-29 08:21:15] [INFO] ========================================
[2026-04-29 08:21:15] [INFO] ⏭️ Bỏ qua thu hoạch (chưa có ảnh mẫu)
[2026-04-29 08:21:15] [INFO] ⏭️ Bỏ qua trồng cây (chưa có ảnh mẫu)
[2026-04-29 08:21:15] [INFO] 📦 Bắt đầu XỬ LÝ ĐƠN HÀNG...
[2026-04-29 08:21:16] [DEBUG] Screenshot OK: (900, 1600)
[2026-04-29 08:21:17] [INFO] Không tìm thấy dấu chấm than (!) nào
[2026-04-29 08:21:17] [INFO] Đã xử lý 0 đơn hàng
[2026-04-29 08:21:17] [INFO] --- THỐNG KÊ ---
[2026-04-29 08:21:17] [INFO]   Thu hoạch: 0
[2026-04-29 08:21:17] [INFO]   Trồng cây: 0
[2026-04-29 08:21:17] [INFO]   Đơn hàng:  5
[2026-04-29 08:21:17] [INFO]   Lỗi:       0
[2026-04-29 08:21:22] [INFO] ========================================
[2026-04-29 08:21:22] [INFO] 🔄 BẮT ĐẦU CHU KỲ MỚI
[2026-04-29 08:21:22] [INFO] ========================================
[2026-04-29 08:21:22] [INFO] ⏭️ Bỏ qua thu hoạch (chưa có ảnh mẫu)
[2026-04-29 08:21:22] [INFO] ⏭️ Bỏ qua trồng cây (chưa có ảnh mẫu)
[2026-04-29 08:21:22] [INFO] 📦 Bắt đầu XỬ LÝ ĐƠN HÀNG...
[2026-04-29 08:21:23] [DEBUG] Screenshot OK: (900, 1600)
[2026-04-29 08:21:23] [INFO] Không tìm thấy dấu chấm than (!) nào
[2026-04-29 08:21:23] [INFO] Đã xử lý 0 đơn hàng
[2026-04-29 08:21:23] [INFO] --- THỐNG KÊ ---
[2026-04-29 08:21:23] [INFO]   Thu hoạch: 0
[2026-04-29 08:21:23] [INFO]   Trồng cây: 0
[2026-04-29 08:21:23] [INFO]   Đơn hàng:  5
[2026-04-29 08:21:23] [INFO]   Lỗi:       0
[2026-04-29 08:21:28] [INFO] ========================================
[2026-04-29 08:21:28] [INFO] 🔄 BẮT ĐẦU CHU KỲ MỚI
[2026-04-29 08:21:28] [INFO] ========================================
[2026-04-29 08:21:28] [INFO] ⏭️ Bỏ qua thu hoạch (chưa có ảnh mẫu)
[2026-04-29 08:21:28] [INFO] ⏭️ Bỏ qua trồng cây (chưa có ảnh mẫu)
[2026-04-29 08:21:28] [INFO] 📦 Bắt đầu XỬ LÝ ĐƠN HÀNG...
[2026-04-29 08:21:29] [DEBUG] Screenshot OK: (900, 1600)
[2026-04-29 08:21:30] [INFO] Không tìm thấy dấu chấm than (!) nào
[2026-04-29 08:21:30] [INFO] Đã xử lý 0 đơn hàng
[2026-04-29 08:21:30] [INFO] --- THỐNG KÊ ---
[2026-04-29 08:21:30] [INFO]   Thu hoạch: 0
[2026-04-29 08:21:30] [INFO]   Trồng cây: 0
[2026-04-29 08:21:30] [INFO]   Đơn hàng:  5
[2026-04-29 08:21:30] [INFO]   Lỗi:       0
[2026-04-29 08:21:35] [INFO] ========================================
[2026-04-29 08:21:35] [INFO] 🔄 BẮT ĐẦU CHU KỲ MỚI
[2026-04-29 08:21:35] [INFO] ========================================
[2026-04-29 08:21:35] [INFO] ⏭️ Bỏ qua thu hoạch (chưa có ảnh mẫu)
[2026-04-29 08:21:35] [INFO] ⏭️ Bỏ qua trồng cây (chưa có ảnh mẫu)
[2026-04-29 08:21:35] [INFO] 📦 Bắt đầu XỬ LÝ ĐƠN HÀNG...
[2026-04-29 08:21:36] [DEBUG] Screenshot OK: (900, 1600)
[2026-04-29 08:21:36] [INFO] Không tìm thấy dấu chấm than (!) nào
[2026-04-29 08:21:36] [INFO] Đã xử lý 0 đơn hàng
[2026-04-29 08:21:36] [INFO] --- THỐNG KÊ ---
[2026-04-29 08:21:36] [INFO]   Thu hoạch: 0
[2026-04-29 08:21:36] [INFO]   Trồng cây: 0
[2026-04-29 08:21:36] [INFO]   Đơn hàng:  5
[2026-04-29 08:21:36] [INFO]   Lỗi:       0
[2026-04-29 08:21:41] [INFO] ========================================
[2026-04-29 08:21:41] [INFO] 🔄 BẮT ĐẦU CHU KỲ MỚI
[2026-04-29 08:21:41] [INFO] ========================================
[2026-04-29 08:21:41] [INFO] ⏭️ Bỏ qua thu hoạch (chưa có ảnh mẫu)
[2026-04-29 08:21:41] [INFO] ⏭️ Bỏ qua trồng cây (chưa có ảnh mẫu)
[2026-04-29 08:21:41] [INFO] 📦 Bắt đầu XỬ LÝ ĐƠN HÀNG...
[2026-04-29 08:21:42] [DEBUG] Screenshot OK: (900, 1600)
[2026-04-29 08:21:43] [INFO] Không tìm thấy dấu chấm than (!) nào
[2026-04-29 08:21:43] [INFO] Đã xử lý 0 đơn hàng
[2026-04-29 08:21:43] [INFO] --- THỐNG KÊ ---
[2026-04-29 08:21:43] [INFO]   Thu hoạch: 0
[2026-04-29 08:21:43] [INFO]   Trồng cây: 0
[2026-04-29 08:21:43] [INFO]   Đơn hàng:  5
[2026-04-29 08:21:43] [INFO]   Lỗi:       0
[2026-04-29 08:21:48] [INFO] ========================================
[2026-04-29 08:21:48] [INFO] 🔄 BẮT ĐẦU CHU KỲ MỚI
[2026-04-29 08:21:48] [INFO] ========================================
[2026-04-29 08:21:48] [INFO] ⏭️ Bỏ qua thu hoạch (chưa có ảnh mẫu)
[2026-04-29 08:21:48] [INFO] ⏭️ Bỏ qua trồng cây (chưa có ảnh mẫu)
[2026-04-29 08:21:48] [INFO] 📦 Bắt đầu XỬ LÝ ĐƠN HÀNG...
[2026-04-29 08:21:49] [DEBUG] Screenshot OK: (900, 1600)
[2026-04-29 08:21:49] [INFO] Không tìm thấy dấu chấm than (!) nào
[2026-04-29 08:21:49] [INFO] Đã xử lý 0 đơn hàng
[2026-04-29 08:21:49] [INFO] --- THỐNG KÊ ---
[2026-04-29 08:21:49] [INFO]   Thu hoạch: 0
[2026-04-29 08:21:49] [INFO]   Trồng cây: 0
[2026-04-29 08:21:49] [INFO]   Đơn hàng:  5
[2026-04-29 08:21:49] [INFO]   Lỗi:       0
[2026-04-29 08:21:54] [INFO] ========================================
[2026-04-29 08:21:54] [INFO] 🔄 BẮT ĐẦU CHU KỲ MỚI
[2026-04-29 08:21:54] [INFO] ========================================
[2026-04-29 08:21:54] [INFO] ⏭️ Bỏ qua thu hoạch (chưa có ảnh mẫu)
[2026-04-29 08:21:54] [INFO] ⏭️ Bỏ qua trồng cây (chưa có ảnh mẫu)
[2026-04-29 08:21:54] [INFO] 📦 Bắt đầu XỬ LÝ ĐƠN HÀNG...
[2026-04-29 08:21:55] [DEBUG] Screenshot OK: (900, 1600)
[2026-04-29 08:21:56] [INFO] Không tìm thấy dấu chấm than (!) nào
[2026-04-29 08:21:56] [INFO] Đã xử lý 0 đơn hàng
[2026-04-29 08:21:56] [INFO] --- THỐNG KÊ ---
[2026-04-29 08:21:56] [INFO]   Thu hoạch: 0
[2026-04-29 08:21:56] [INFO]   Trồng cây: 0
[2026-04-29 08:21:56] [INFO]   Đơn hàng:  5
[2026-04-29 08:21:56] [INFO]   Lỗi:       0
[2026-04-29 08:22:01] [INFO] ========================================
[2026-04-29 08:22:01] [INFO] 🔄 BẮT ĐẦU CHU KỲ MỚI
[2026-04-29 08:22:01] [INFO] ========================================
[2026-04-29 08:22:01] [INFO] ⏭️ Bỏ qua thu hoạch (chưa có ảnh mẫu)
[2026-04-29 08:22:01] [INFO] ⏭️ Bỏ qua trồng cây (chưa có ảnh mẫu)
[2026-04-29 08:22:01] [INFO] 📦 Bắt đầu XỬ LÝ ĐƠN HÀNG...
[2026-04-29 08:22:02] [DEBUG] Screenshot OK: (900, 1600)
[2026-04-29 08:22:02] [INFO] Không tìm thấy dấu chấm than (!) nào
[2026-04-29 08:22:02] [INFO] Đã xử lý 0 đơn hàng
[2026-04-29 08:22:02] [INFO] --- THỐNG KÊ ---
[2026-04-29 08:22:02] [INFO]   Thu hoạch: 0
[2026-04-29 08:22:02] [INFO]   Trồng cây: 0
[2026-04-29 08:22:02] [INFO]   Đơn hàng:  5
[2026-04-29 08:22:02] [INFO]   Lỗi:       0
[2026-04-29 08:22:07] [INFO] ========================================
[2026-04-29 08:22:07] [INFO] 🔄 BẮT ĐẦU CHU KỲ MỚI
[2026-04-29 08:22:07] [INFO] ========================================
[2026-04-29 08:22:07] [INFO] ⏭️ Bỏ qua thu hoạch (chưa có ảnh mẫu)
[2026-04-29 08:22:07] [INFO] ⏭️ Bỏ qua trồng cây (chưa có ảnh mẫu)
[2026-04-29 08:22:07] [INFO] 📦 Bắt đầu XỬ LÝ ĐƠN HÀNG...
[2026-04-29 08:22:08] [DEBUG] Screenshot OK: (900, 1600)
[2026-04-29 08:22:09] [INFO] Không tìm thấy dấu chấm than (!) nào
[2026-04-29 08:22:09] [INFO] Đã xử lý 0 đơn hàng
[2026-04-29 08:22:09] [INFO] --- THỐNG KÊ ---
[2026-04-29 08:22:09] [INFO]   Thu hoạch: 0
[2026-04-29 08:22:09] [INFO]   Trồng cây: 0
[2026-04-29 08:22:09] [INFO]   Đơn hàng:  5
[2026-04-29 08:22:09] [INFO]   Lỗi:       0
[2026-04-29 08:22:14] [INFO] ========================================
[2026-04-29 08:22:14] [INFO] 🔄 BẮT ĐẦU CHU KỲ MỚI
[2026-04-29 08:22:14] [INFO] ========================================
[2026-04-29 08:22:14] [INFO] ⏭️ Bỏ qua thu hoạch (chưa có ảnh mẫu)
[2026-04-29 08:22:14] [INFO] ⏭️ Bỏ qua trồng cây (chưa có ảnh mẫu)
[2026-04-29 08:22:14] [INFO] 📦 Bắt đầu XỬ LÝ ĐƠN HÀNG...
[2026-04-29 08:22:15] [DEBUG] Screenshot OK: (900, 1600)
[2026-04-29 08:22:15] [INFO] Không tìm thấy dấu chấm than (!) nào
[2026-04-29 08:22:15] [INFO] Đã xử lý 0 đơn hàng
[2026-04-29 08:22:15] [INFO] --- THỐNG KÊ ---
[2026-04-29 08:22:15] [INFO]   Thu hoạch: 0
[2026-04-29 08:22:15] [INFO]   Trồng cây: 0
[2026-04-29 08:22:15] [INFO]   Đơn hàng:  5
[2026-04-29 08:22:15] [INFO]   Lỗi:       0
[2026-04-29 08:22:20] [INFO] ========================================
[2026-04-29 08:22:20] [INFO] 🔄 BẮT ĐẦU CHU KỲ MỚI
[2026-04-29 08:22:20] [INFO] ========================================
[2026-04-29 08:22:20] [INFO] ⏭️ Bỏ qua thu hoạch (chưa có ảnh mẫu)
[2026-04-29 08:22:20] [INFO] ⏭️ Bỏ qua trồng cây (chưa có ảnh mẫu)
[2026-04-29 08:22:20] [INFO] 📦 Bắt đầu XỬ LÝ ĐƠN HÀNG...
[2026-04-29 08:22:21] [DEBUG] Screenshot OK: (900, 1600)
[2026-04-29 08:22:22] [INFO] Không tìm thấy dấu chấm than (!) nào
[2026-04-29 08:22:22] [INFO] Đã xử lý 0 đơn hàng
[2026-04-29 08:22:22] [INFO] --- THỐNG KÊ ---
[2026-04-29 08:22:22] [INFO]   Thu hoạch: 0
[2026-04-29 08:22:22] [INFO]   Trồng cây: 0
[2026-04-29 08:22:22] [INFO]   Đơn hàng:  5
[2026-04-29 08:22:22] [INFO]   Lỗi:       0
[2026-04-29 08:22:27] [INFO] ========================================
[2026-04-29 08:22:27] [INFO] 🔄 BẮT ĐẦU CHU KỲ MỚI
[2026-04-29 08:22:27] [INFO] ========================================
[2026-04-29 08:22:27] [INFO] ⏭️ Bỏ qua thu hoạch (chưa có ảnh mẫu)
[2026-04-29 08:22:27] [INFO] ⏭️ Bỏ qua trồng cây (chưa có ảnh mẫu)
[2026-04-29 08:22:27] [INFO] 📦 Bắt đầu XỬ LÝ ĐƠN HÀNG...
[2026-04-29 08:22:28] [DEBUG] Screenshot OK: (900, 1600)
[2026-04-29 08:22:28] [INFO] Không tìm thấy dấu chấm than (!) nào
[2026-04-29 08:22:28] [INFO] Đã xử lý 0 đơn hàng
[2026-04-29 08:22:28] [INFO] --- THỐNG KÊ ---
[2026-04-29 08:22:28] [INFO]   Thu hoạch: 0
[2026-04-29 08:22:28] [INFO]   Trồng cây: 0
[2026-04-29 08:22:28] [INFO]   Đơn hàng:  5
[2026-04-29 08:22:28] [INFO]   Lỗi:       0
[2026-04-29 08:22:33] [INFO] ========================================
[2026-04-29 08:22:33] [INFO] 🔄 BẮT ĐẦU CHU KỲ MỚI
[2026-04-29 08:22:33] [INFO] ========================================
[2026-04-29 08:22:33] [INFO] ⏭️ Bỏ qua thu hoạch (chưa có ảnh mẫu)
[2026-04-29 08:22:33] [INFO] ⏭️ Bỏ qua trồng cây (chưa có ảnh mẫu)
[2026-04-29 08:22:33] [INFO] 📦 Bắt đầu XỬ LÝ ĐƠN HÀNG...
[2026-04-29 08:22:34] [DEBUG] Screenshot OK: (900, 1600)
[2026-04-29 08:22:35] [INFO] Không tìm thấy dấu chấm than (!) nào
[2026-04-29 08:22:35] [INFO] Đã xử lý 0 đơn hàng
[2026-04-29 08:22:35] [INFO] --- THỐNG KÊ ---
[2026-04-29 08:22:35] [INFO]   Thu hoạch: 0
[2026-04-29 08:22:35] [INFO]   Trồng cây: 0
[2026-04-29 08:22:35] [INFO]   Đơn hàng:  5
[2026-04-29 08:22:35] [INFO]   Lỗi:       0
[2026-04-29 08:22:40] [INFO] ========================================
[2026-04-29 08:22:40] [INFO] 🔄 BẮT ĐẦU CHU KỲ MỚI
[2026-04-29 08:22:40] [INFO] ========================================
[2026-04-29 08:22:40] [INFO] ⏭️ Bỏ qua thu hoạch (chưa có ảnh mẫu)
[2026-04-29 08:22:40] [INFO] ⏭️ Bỏ qua trồng cây (chưa có ảnh mẫu)
[2026-04-29 08:22:40] [INFO] 📦 Bắt đầu XỬ LÝ ĐƠN HÀNG...
[2026-04-29 08:22:41] [DEBUG] Screenshot OK: (900, 1600)
[2026-04-29 08:22:41] [INFO] Không tìm thấy dấu chấm than (!) nào
[2026-04-29 08:22:41] [INFO] Đã xử lý 0 đơn hàng
[2026-04-29 08:22:41] [INFO] --- THỐNG KÊ ---
[2026-04-29 08:22:41] [INFO]   Thu hoạch: 0
[2026-04-29 08:22:41] [INFO]   Trồng cây: 0
[2026-04-29 08:22:41] [INFO]   Đơn hàng:  5
[2026-04-29 08:22:41] [INFO]   Lỗi:       0
[2026-04-29 08:22:46] [INFO] ========================================
[2026-04-29 08:22:46] [INFO] 🔄 BẮT ĐẦU CHU KỲ MỚI
[2026-04-29 08:22:46] [INFO] ========================================
[2026-04-29 08:22:46] [INFO] ⏭️ Bỏ qua thu hoạch (chưa có ảnh mẫu)
[2026-04-29 08:22:46] [INFO] ⏭️ Bỏ qua trồng cây (chưa có ảnh mẫu)
[2026-04-29 08:22:46] [INFO] 📦 Bắt đầu XỬ LÝ ĐƠN HÀNG...
[2026-04-29 08:22:47] [DEBUG] Screenshot OK: (900, 1600)
[2026-04-29 08:22:48] [INFO] Không tìm thấy dấu chấm than (!) nào
[2026-04-29 08:22:48] [INFO] Đã xử lý 0 đơn hàng
[2026-04-29 08:22:48] [INFO] --- THỐNG KÊ ---
[2026-04-29 08:22:48] [INFO]   Thu hoạch: 0
[2026-04-29 08:22:48] [INFO]   Trồng cây: 0
[2026-04-29 08:22:48] [INFO]   Đơn hàng:  5
[2026-04-29 08:22:48] [INFO]   Lỗi:       0
[2026-04-29 08:22:53] [INFO] ========================================
[2026-04-29 08:22:53] [INFO] 🔄 BẮT ĐẦU CHU KỲ MỚI
[2026-04-29 08:22:53] [INFO] ========================================
[2026-04-29 08:22:53] [INFO] ⏭️ Bỏ qua thu hoạch (chưa có ảnh mẫu)
[2026-04-29 08:22:53] [INFO] ⏭️ Bỏ qua trồng cây (chưa có ảnh mẫu)
[2026-04-29 08:22:53] [INFO] 📦 Bắt đầu XỬ LÝ ĐƠN HÀNG...
[2026-04-29 08:22:54] [DEBUG] Screenshot OK: (900, 1600)
[2026-04-29 08:22:54] [INFO] Không tìm thấy dấu chấm than (!) nào
[2026-04-29 08:22:54] [INFO] Đã xử lý 0 đơn hàng
[2026-04-29 08:22:54] [INFO] --- THỐNG KÊ ---
[2026-04-29 08:22:54] [INFO]   Thu hoạch: 0
[2026-04-29 08:22:54] [INFO]   Trồng cây: 0
[2026-04-29 08:22:54] [INFO]   Đơn hàng:  5
[2026-04-29 08:22:54] [INFO]   Lỗi:       0
[2026-04-29 08:22:59] [INFO] ========================================
[2026-04-29 08:22:59] [INFO] 🔄 BẮT ĐẦU CHU KỲ MỚI
[2026-04-29 08:22:59] [INFO] ========================================
[2026-04-29 08:22:59] [INFO] ⏭️ Bỏ qua thu hoạch (chưa có ảnh mẫu)
[2026-04-29 08:22:59] [INFO] ⏭️ Bỏ qua trồng cây (chưa có ảnh mẫu)
[2026-04-29 08:22:59] [INFO] 📦 Bắt đầu XỬ LÝ ĐƠN HÀNG...
[2026-04-29 08:23:00] [DEBUG] Screenshot OK: (900, 1600)
[2026-04-29 08:23:01] [INFO] Không tìm thấy dấu chấm than (!) nào
[2026-04-29 08:23:01] [INFO] Đã xử lý 0 đơn hàng
[2026-04-29 08:23:01] [INFO] --- THỐNG KÊ ---
[2026-04-29 08:23:01] [INFO]   Thu hoạch: 0
[2026-04-29 08:23:01] [INFO]   Trồng cây: 0
[2026-04-29 08:23:01] [INFO]   Đơn hàng:  5
[2026-04-29 08:23:01] [INFO]   Lỗi:       0
[2026-04-29 08:29:37] [INFO] Tìm thấy ADB trong PATH
[2026-04-29 08:29:37] [INFO] ==================================================
[2026-04-29 08:29:37] [INFO] 🌱 KHỞI ĐỘNG AUTO GAME - THẾ GIỚI HOA VIÊN
[2026-04-29 08:29:37] [INFO] ==================================================
[2026-04-29 08:29:37] [INFO] Đang kết nối tới 127.0.0.1:5555...
[2026-04-29 08:29:39] [INFO] ✅ Đã kết nối: 127.0.0.1:5555
[2026-04-29 08:29:39] [INFO] Màn hình: 1600x900
[2026-04-29 08:29:39] [INFO] ========================================
[2026-04-29 08:29:39] [INFO] 🔄 BẮT ĐẦU CHU KỲ MỚI
[2026-04-29 08:29:39] [INFO] ========================================
[2026-04-29 08:29:39] [INFO] ⏭️ Bỏ qua thu hoạch (chưa có ảnh mẫu)
[2026-04-29 08:29:39] [INFO] ⏭️ Bỏ qua trồng cây (chưa có ảnh mẫu)
[2026-04-29 08:29:39] [INFO] 📦 Bắt đầu XỬ LÝ ĐƠN HÀNG...
[2026-04-29 08:29:41] [DEBUG] Screenshot OK: (900, 1600)
[2026-04-29 08:29:41] [INFO] Tìm thấy 2 dấu (!): 2 đỏ, 0 vàng
[2026-04-29 08:29:41] [INFO]   🔴 Click dấu (!) red tại (185, 539) conf=1.00
[2026-04-29 08:29:42] [DEBUG] Tap: (185, 539)
[2026-04-29 08:29:46] [DEBUG] Screenshot OK: (900, 1600)
[2026-04-29 08:29:46] [DEBUG] Found btn_chua_co_hang.png at (275,1277) conf=1.000
[2026-04-29 08:29:47] [DEBUG] Tap: (275, 1277)
[2026-04-29 08:29:47] [INFO] Tap btn_chua_co_hang.png at (275,1277)
[2026-04-29 08:29:47] [INFO]   ✅ Đã click 'Chưa có hàng'
[2026-04-29 08:29:48] [INFO]   ✅ Xử lý đơn #1
[2026-04-29 08:29:49] [INFO]   🔴 Click dấu (!) red tại (679, 560) conf=1.00
[2026-04-29 08:29:49] [DEBUG] Tap: (679, 560)
[2026-04-29 08:29:53] [DEBUG] Screenshot OK: (900, 1600)
[2026-04-29 08:29:53] [DEBUG] Found btn_chua_co_hang.png at (275,1277) conf=1.000
[2026-04-29 08:29:54] [DEBUG] Tap: (275, 1277)
[2026-04-29 08:29:54] [INFO] Tap btn_chua_co_hang.png at (275,1277)
[2026-04-29 08:29:54] [INFO]   ✅ Đã click 'Chưa có hàng'
[2026-04-29 08:29:55] [INFO]   ✅ Xử lý đơn #2
[2026-04-29 08:29:59] [DEBUG] Screenshot OK: (900, 1600)
[2026-04-29 08:30:00] [INFO] Đã xử lý 2 đơn hàng
[2026-04-29 08:30:00] [INFO] --- THỐNG KÊ ---
[2026-04-29 08:30:00] [INFO]   Thu hoạch: 0
[2026-04-29 08:30:00] [INFO]   Trồng cây: 0
[2026-04-29 08:30:00] [INFO]   Đơn hàng:  2
[2026-04-29 08:30:00] [INFO]   Lỗi:       0
[2026-04-29 08:30:05] [INFO] ========================================
[2026-04-29 08:30:05] [INFO] 🔄 BẮT ĐẦU CHU KỲ MỚI
[2026-04-29 08:30:05] [INFO] ========================================
[2026-04-29 08:30:05] [INFO] ⏭️ Bỏ qua thu hoạch (chưa có ảnh mẫu)
[2026-04-29 08:30:05] [INFO] ⏭️ Bỏ qua trồng cây (chưa có ảnh mẫu)
[2026-04-29 08:30:05] [INFO] 📦 Bắt đầu XỬ LÝ ĐƠN HÀNG...
[2026-04-29 08:30:06] [DEBUG] Screenshot OK: (900, 1600)
[2026-04-29 08:30:07] [INFO] Không tìm thấy dấu chấm than (!) nào
[2026-04-29 08:30:07] [INFO] Đã xử lý 0 đơn hàng
[2026-04-29 08:30:07] [INFO] --- THỐNG KÊ ---
[2026-04-29 08:30:07] [INFO]   Thu hoạch: 0
[2026-04-29 08:30:07] [INFO]   Trồng cây: 0
[2026-04-29 08:30:07] [INFO]   Đơn hàng:  2
[2026-04-29 08:30:07] [INFO]   Lỗi:       0
[2026-04-29 08:30:12] [INFO] ========================================
[2026-04-29 08:30:12] [INFO] 🔄 BẮT ĐẦU CHU KỲ MỚI
[2026-04-29 08:30:12] [INFO] ========================================
[2026-04-29 08:30:12] [INFO] ⏭️ Bỏ qua thu hoạch (chưa có ảnh mẫu)
[2026-04-29 08:30:12] [INFO] ⏭️ Bỏ qua trồng cây (chưa có ảnh mẫu)
[2026-04-29 08:30:12] [INFO] 📦 Bắt đầu XỬ LÝ ĐƠN HÀNG...
[2026-04-29 08:30:13] [DEBUG] Screenshot OK: (900, 1600)
[2026-04-29 08:30:14] [INFO] Không tìm thấy dấu chấm than (!) nào
[2026-04-29 08:30:14] [INFO] Đã xử lý 0 đơn hàng
[2026-04-29 08:30:14] [INFO] --- THỐNG KÊ ---
[2026-04-29 08:30:14] [INFO]   Thu hoạch: 0
[2026-04-29 08:30:14] [INFO]   Trồng cây: 0
[2026-04-29 08:30:14] [INFO]   Đơn hàng:  2
[2026-04-29 08:30:14] [INFO]   Lỗi:       0
[2026-04-29 08:30:19] [INFO] ========================================
[2026-04-29 08:30:19] [INFO] 🔄 BẮT ĐẦU CHU KỲ MỚI
[2026-04-29 08:30:19] [INFO] ========================================
[2026-04-29 08:30:19] [INFO] ⏭️ Bỏ qua thu hoạch (chưa có ảnh mẫu)
[2026-04-29 08:30:19] [INFO] ⏭️ Bỏ qua trồng cây (chưa có ảnh mẫu)
[2026-04-29 08:30:19] [INFO] 📦 Bắt đầu XỬ LÝ ĐƠN HÀNG...
[2026-04-29 08:30:20] [DEBUG] Screenshot OK: (900, 1600)
[2026-04-29 08:30:20] [INFO] Không tìm thấy dấu chấm than (!) nào
[2026-04-29 08:30:20] [INFO] Đã xử lý 0 đơn hàng
[2026-04-29 08:30:20] [INFO] --- THỐNG KÊ ---
[2026-04-29 08:30:20] [INFO]   Thu hoạch: 0
[2026-04-29 08:30:20] [INFO]   Trồng cây: 0
[2026-04-29 08:30:20] [INFO]   Đơn hàng:  2
[2026-04-29 08:30:20] [INFO]   Lỗi:       0
[2026-04-29 08:30:25] [INFO] ========================================
[2026-04-29 08:30:25] [INFO] 🔄 BẮT ĐẦU CHU KỲ MỚI
[2026-04-29 08:30:25] [INFO] ========================================
[2026-04-29 08:30:25] [INFO] ⏭️ Bỏ qua thu hoạch (chưa có ảnh mẫu)
[2026-04-29 08:30:25] [INFO] ⏭️ Bỏ qua trồng cây (chưa có ảnh mẫu)
[2026-04-29 08:30:25] [INFO] 📦 Bắt đầu XỬ LÝ ĐƠN HÀNG...
[2026-04-29 08:30:26] [DEBUG] Screenshot OK: (900, 1600)
[2026-04-29 08:30:27] [INFO] Không tìm thấy dấu chấm than (!) nào
[2026-04-29 08:30:27] [INFO] Đã xử lý 0 đơn hàng
[2026-04-29 08:30:27] [INFO] --- THỐNG KÊ ---
[2026-04-29 08:30:27] [INFO]   Thu hoạch: 0
[2026-04-29 08:30:27] [INFO]   Trồng cây: 0
[2026-04-29 08:30:27] [INFO]   Đơn hàng:  2
[2026-04-29 08:30:27] [INFO]   Lỗi:       0
[2026-04-29 08:30:32] [INFO] ========================================
[2026-04-29 08:30:32] [INFO] 🔄 BẮT ĐẦU CHU KỲ MỚI
[2026-04-29 08:30:32] [INFO] ========================================
[2026-04-29 08:30:32] [INFO] ⏭️ Bỏ qua thu hoạch (chưa có ảnh mẫu)
[2026-04-29 08:30:32] [INFO] ⏭️ Bỏ qua trồng cây (chưa có ảnh mẫu)
[2026-04-29 08:30:32] [INFO] 📦 Bắt đầu XỬ LÝ ĐƠN HÀNG...
[2026-04-29 08:30:33] [DEBUG] Screenshot OK: (900, 1600)
[2026-04-29 08:30:33] [INFO] Không tìm thấy dấu chấm than (!) nào
[2026-04-29 08:30:33] [INFO] Đã xử lý 0 đơn hàng
[2026-04-29 08:30:33] [INFO] --- THỐNG KÊ ---
[2026-04-29 08:30:33] [INFO]   Thu hoạch: 0
[2026-04-29 08:30:33] [INFO]   Trồng cây: 0
[2026-04-29 08:30:33] [INFO]   Đơn hàng:  2
[2026-04-29 08:30:33] [INFO]   Lỗi:       0
[2026-04-29 08:30:38] [INFO] ========================================
[2026-04-29 08:30:38] [INFO] 🔄 BẮT ĐẦU CHU KỲ MỚI
[2026-04-29 08:30:38] [INFO] ========================================
[2026-04-29 08:30:38] [INFO] ⏭️ Bỏ qua thu hoạch (chưa có ảnh mẫu)
[2026-04-29 08:30:38] [INFO] ⏭️ Bỏ qua trồng cây (chưa có ảnh mẫu)
[2026-04-29 08:30:38] [INFO] 📦 Bắt đầu XỬ LÝ ĐƠN HÀNG...
[2026-04-29 08:30:39] [DEBUG] Screenshot OK: (900, 1600)
[2026-04-29 08:30:40] [INFO] Không tìm thấy dấu chấm than (!) nào
[2026-04-29 08:30:40] [INFO] Đã xử lý 0 đơn hàng
[2026-04-29 08:30:40] [INFO] --- THỐNG KÊ ---
[2026-04-29 08:30:40] [INFO]   Thu hoạch: 0
[2026-04-29 08:30:40] [INFO]   Trồng cây: 0
[2026-04-29 08:30:40] [INFO]   Đơn hàng:  2
[2026-04-29 08:30:40] [INFO]   Lỗi:       0
[2026-04-29 08:30:45] [INFO] ========================================
[2026-04-29 08:30:45] [INFO] 🔄 BẮT ĐẦU CHU KỲ MỚI
[2026-04-29 08:30:45] [INFO] ========================================
[2026-04-29 08:30:45] [INFO] ⏭️ Bỏ qua thu hoạch (chưa có ảnh mẫu)
[2026-04-29 08:30:45] [INFO] ⏭️ Bỏ qua trồng cây (chưa có ảnh mẫu)
[2026-04-29 08:30:45] [INFO] 📦 Bắt đầu XỬ LÝ ĐƠN HÀNG...
[2026-04-29 08:30:46] [DEBUG] Screenshot OK: (900, 1600)
[2026-04-29 08:30:46] [INFO] Không tìm thấy dấu chấm than (!) nào
[2026-04-29 08:30:46] [INFO] Đã xử lý 0 đơn hàng
[2026-04-29 08:30:46] [INFO] --- THỐNG KÊ ---
[2026-04-29 08:30:46] [INFO]   Thu hoạch: 0
[2026-04-29 08:30:46] [INFO]   Trồng cây: 0
[2026-04-29 08:30:46] [INFO]   Đơn hàng:  2
[2026-04-29 08:30:46] [INFO]   Lỗi:       0
[2026-04-29 08:30:51] [INFO] ========================================
[2026-04-29 08:30:51] [INFO] 🔄 BẮT ĐẦU CHU KỲ MỚI
[2026-04-29 08:30:51] [INFO] ========================================
[2026-04-29 08:30:51] [INFO] ⏭️ Bỏ qua thu hoạch (chưa có ảnh mẫu)
[2026-04-29 08:30:51] [INFO] ⏭️ Bỏ qua trồng cây (chưa có ảnh mẫu)
[2026-04-29 08:30:51] [INFO] 📦 Bắt đầu XỬ LÝ ĐƠN HÀNG...
[2026-04-29 08:30:53] [DEBUG] Screenshot OK: (900, 1600)
[2026-04-29 08:30:53] [INFO] Không tìm thấy dấu chấm than (!) nào
[2026-04-29 08:30:53] [INFO] Đã xử lý 0 đơn hàng
[2026-04-29 08:30:53] [INFO] --- THỐNG KÊ ---
[2026-04-29 08:30:53] [INFO]   Thu hoạch: 0
[2026-04-29 08:30:53] [INFO]   Trồng cây: 0
[2026-04-29 08:30:53] [INFO]   Đơn hàng:  2
[2026-04-29 08:30:53] [INFO]   Lỗi:       0
[2026-04-29 08:30:58] [INFO] ========================================
[2026-04-29 08:30:58] [INFO] 🔄 BẮT ĐẦU CHU KỲ MỚI
[2026-04-29 08:30:58] [INFO] ========================================
[2026-04-29 08:30:58] [INFO] ⏭️ Bỏ qua thu hoạch (chưa có ảnh mẫu)
[2026-04-29 08:30:58] [INFO] ⏭️ Bỏ qua trồng cây (chưa có ảnh mẫu)
[2026-04-29 08:30:58] [INFO] 📦 Bắt đầu XỬ LÝ ĐƠN HÀNG...
[2026-04-29 08:30:59] [DEBUG] Screenshot OK: (900, 1600)
[2026-04-29 08:31:00] [INFO] Không tìm thấy dấu chấm than (!) nào
[2026-04-29 08:31:00] [INFO] Đã xử lý 0 đơn hàng
[2026-04-29 08:31:00] [INFO] --- THỐNG KÊ ---
[2026-04-29 08:31:00] [INFO]   Thu hoạch: 0
[2026-04-29 08:31:00] [INFO]   Trồng cây: 0
[2026-04-29 08:31:00] [INFO]   Đơn hàng:  2
[2026-04-29 08:31:00] [INFO]   Lỗi:       0
[2026-04-29 08:31:05] [INFO] ========================================
[2026-04-29 08:31:05] [INFO] 🔄 BẮT ĐẦU CHU KỲ MỚI
[2026-04-29 08:31:05] [INFO] ========================================
[2026-04-29 08:31:05] [INFO] ⏭️ Bỏ qua thu hoạch (chưa có ảnh mẫu)
[2026-04-29 08:31:05] [INFO] ⏭️ Bỏ qua trồng cây (chưa có ảnh mẫu)
[2026-04-29 08:31:05] [INFO] 📦 Bắt đầu XỬ LÝ ĐƠN HÀNG...
[2026-04-29 08:31:06] [DEBUG] Screenshot OK: (900, 1600)
[2026-04-29 08:31:06] [INFO] Không tìm thấy dấu chấm than (!) nào
[2026-04-29 08:31:06] [INFO] Đã xử lý 0 đơn hàng
[2026-04-29 08:31:06] [INFO] --- THỐNG KÊ ---
[2026-04-29 08:31:06] [INFO]   Thu hoạch: 0
[2026-04-29 08:31:06] [INFO]   Trồng cây: 0
[2026-04-29 08:31:06] [INFO]   Đơn hàng:  2
[2026-04-29 08:31:06] [INFO]   Lỗi:       0
[2026-04-29 08:31:11] [INFO] ========================================
[2026-04-29 08:31:11] [INFO] 🔄 BẮT ĐẦU CHU KỲ MỚI
[2026-04-29 08:31:11] [INFO] ========================================
[2026-04-29 08:31:11] [INFO] ⏭️ Bỏ qua thu hoạch (chưa có ảnh mẫu)
[2026-04-29 08:31:11] [INFO] ⏭️ Bỏ qua trồng cây (chưa có ảnh mẫu)
[2026-04-29 08:31:11] [INFO] 📦 Bắt đầu XỬ LÝ ĐƠN HÀNG...
[2026-04-29 08:31:12] [DEBUG] Screenshot OK: (900, 1600)
[2026-04-29 08:31:13] [INFO] Không tìm thấy dấu chấm than (!) nào
[2026-04-29 08:31:13] [INFO] Đã xử lý 0 đơn hàng
[2026-04-29 08:31:13] [INFO] --- THỐNG KÊ ---
[2026-04-29 08:31:13] [INFO]   Thu hoạch: 0
[2026-04-29 08:31:13] [INFO]   Trồng cây: 0
[2026-04-29 08:31:13] [INFO]   Đơn hàng:  2
[2026-04-29 08:31:13] [INFO]   Lỗi:       0
[2026-04-29 08:31:18] [INFO] ========================================
[2026-04-29 08:31:18] [INFO] 🔄 BẮT ĐẦU CHU KỲ MỚI
[2026-04-29 08:31:18] [INFO] ========================================
[2026-04-29 08:31:18] [INFO] ⏭️ Bỏ qua thu hoạch (chưa có ảnh mẫu)
[2026-04-29 08:31:18] [INFO] ⏭️ Bỏ qua trồng cây (chưa có ảnh mẫu)
[2026-04-29 08:31:18] [INFO] 📦 Bắt đầu XỬ LÝ ĐƠN HÀNG...
[2026-04-29 08:31:19] [DEBUG] Screenshot OK: (900, 1600)
[2026-04-29 08:31:19] [INFO] Không tìm thấy dấu chấm than (!) nào
[2026-04-29 08:31:19] [INFO] Đã xử lý 0 đơn hàng
[2026-04-29 08:31:19] [INFO] --- THỐNG KÊ ---
[2026-04-29 08:31:19] [INFO]   Thu hoạch: 0
[2026-04-29 08:31:19] [INFO]   Trồng cây: 0
[2026-04-29 08:31:19] [INFO]   Đơn hàng:  2
[2026-04-29 08:31:19] [INFO]   Lỗi:       0
[2026-04-29 08:31:24] [INFO] ========================================
[2026-04-29 08:31:24] [INFO] 🔄 BẮT ĐẦU CHU KỲ MỚI
[2026-04-29 08:31:24] [INFO] ========================================
[2026-04-29 08:31:24] [INFO] ⏭️ Bỏ qua thu hoạch (chưa có ảnh mẫu)
[2026-04-29 08:31:24] [INFO] ⏭️ Bỏ qua trồng cây (chưa có ảnh mẫu)
[2026-04-29 08:31:24] [INFO] 📦 Bắt đầu XỬ LÝ ĐƠN HÀNG...
[2026-04-29 08:31:25] [DEBUG] Screenshot OK: (900, 1600)
[2026-04-29 08:31:26] [INFO] Không tìm thấy dấu chấm than (!) nào
[2026-04-29 08:31:26] [INFO] Đã xử lý 0 đơn hàng
[2026-04-29 08:31:26] [INFO] --- THỐNG KÊ ---
[2026-04-29 08:31:26] [INFO]   Thu hoạch: 0
[2026-04-29 08:31:26] [INFO]   Trồng cây: 0
[2026-04-29 08:31:26] [INFO]   Đơn hàng:  2
[2026-04-29 08:31:26] [INFO]   Lỗi:       0
[2026-04-29 08:31:31] [INFO] ========================================
[2026-04-29 08:31:31] [INFO] 🔄 BẮT ĐẦU CHU KỲ MỚI
[2026-04-29 08:31:31] [INFO] ========================================
[2026-04-29 08:31:31] [INFO] ⏭️ Bỏ qua thu hoạch (chưa có ảnh mẫu)
[2026-04-29 08:31:31] [INFO] ⏭️ Bỏ qua trồng cây (chưa có ảnh mẫu)
[2026-04-29 08:31:31] [INFO] 📦 Bắt đầu XỬ LÝ ĐƠN HÀNG...
[2026-04-29 08:31:32] [DEBUG] Screenshot OK: (900, 1600)
[2026-04-29 08:31:32] [INFO] Không tìm thấy dấu chấm than (!) nào
[2026-04-29 08:31:32] [INFO] Đã xử lý 0 đơn hàng
[2026-04-29 08:31:32] [INFO] --- THỐNG KÊ ---
[2026-04-29 08:31:32] [INFO]   Thu hoạch: 0
[2026-04-29 08:31:32] [INFO]   Trồng cây: 0
[2026-04-29 08:31:32] [INFO]   Đơn hàng:  2
[2026-04-29 08:31:32] [INFO]   Lỗi:       0
[2026-04-29 08:31:37] [INFO] ========================================
[2026-04-29 08:31:37] [INFO] 🔄 BẮT ĐẦU CHU KỲ MỚI
[2026-04-29 08:31:37] [INFO] ========================================
[2026-04-29 08:31:37] [INFO] ⏭️ Bỏ qua thu hoạch (chưa có ảnh mẫu)
[2026-04-29 08:31:37] [INFO] ⏭️ Bỏ qua trồng cây (chưa có ảnh mẫu)
[2026-04-29 08:31:37] [INFO] 📦 Bắt đầu XỬ LÝ ĐƠN HÀNG...
[2026-04-29 08:31:39] [DEBUG] Screenshot OK: (900, 1600)
[2026-04-29 08:31:39] [INFO] Không tìm thấy dấu chấm than (!) nào
[2026-04-29 08:31:39] [INFO] Đã xử lý 0 đơn hàng
[2026-04-29 08:31:39] [INFO] --- THỐNG KÊ ---
[2026-04-29 08:31:39] [INFO]   Thu hoạch: 0
[2026-04-29 08:31:39] [INFO]   Trồng cây: 0
[2026-04-29 08:31:39] [INFO]   Đơn hàng:  2
[2026-04-29 08:31:39] [INFO]   Lỗi:       0
[2026-04-29 08:31:44] [INFO] ========================================
[2026-04-29 08:31:44] [INFO] 🔄 BẮT ĐẦU CHU KỲ MỚI
[2026-04-29 08:31:44] [INFO] ========================================
[2026-04-29 08:31:44] [INFO] ⏭️ Bỏ qua thu hoạch (chưa có ảnh mẫu)
[2026-04-29 08:31:44] [INFO] ⏭️ Bỏ qua trồng cây (chưa có ảnh mẫu)
[2026-04-29 08:31:44] [INFO] 📦 Bắt đầu XỬ LÝ ĐƠN HÀNG...
[2026-04-29 08:31:45] [DEBUG] Screenshot OK: (900, 1600)
[2026-04-29 08:31:46] [INFO] Tìm thấy 1 dấu (!): 0 đỏ, 1 vàng
[2026-04-29 08:31:46] [INFO]   🟡 Click dấu (!) yellow tại (564, 276) conf=0.98
[2026-04-29 08:31:46] [DEBUG] Tap: (564, 276)
[2026-04-29 08:31:50] [DEBUG] Screenshot OK: (900, 1600)
[2026-04-29 08:31:51] [DEBUG] Found btn_den_lam.png at (597,1277) conf=1.000
[2026-04-29 08:31:51] [DEBUG] Tap: (597, 1277)
[2026-04-29 08:31:51] [INFO] Tap btn_den_lam.png at (597,1277)
[2026-04-29 08:31:51] [INFO]   🔨 Đã click 'Đến làm'
[2026-04-29 08:31:54] [DEBUG] Screenshot OK: (900, 1600)
[2026-04-29 08:31:54] [DEBUG] Found btn_lam.png at (445,1477) conf=1.000
[2026-04-29 08:31:54] [DEBUG] Tap: (445, 1477)
[2026-04-29 08:31:54] [INFO]   ✅ Đã click 'Làm' tại (445, 1477)
[2026-04-29 08:31:58] [DEBUG] Tap: (50, 200)
[2026-04-29 08:31:58] [INFO]   ✅ Đã tap ngoài popup tại (50,200)
[2026-04-29 08:32:01] [DEBUG] Screenshot OK: (900, 1600)
[2026-04-29 08:32:01] [DEBUG] Found btn_giao.png at (595,1277) conf=1.000
[2026-04-29 08:32:01] [DEBUG] Tap: (595, 1277)
[2026-04-29 08:32:01] [INFO] Tap btn_giao.png at (595,1277)
[2026-04-29 08:32:01] [INFO]   📦 Đã click 'Giao'
[2026-04-29 08:32:04] [DEBUG] Tap: (450, 1200)
[2026-04-29 08:32:05] [INFO]   🎉 Đã đóng popup phần thưởng
[2026-04-29 08:32:06] [INFO]   ✅ Xử lý đơn #1
[2026-04-29 08:32:10] [DEBUG] Screenshot OK: (900, 1600)
[2026-04-29 08:32:10] [INFO] Tìm thấy 1 dấu (!): 0 đỏ, 1 vàng
[2026-04-29 08:32:10] [INFO]   🟡 Click dấu (!) yellow tại (679, 544) conf=0.98
[2026-04-29 08:32:10] [DEBUG] Tap: (679, 544)
[2026-04-29 08:32:14] [DEBUG] Screenshot OK: (900, 1600)
[2026-04-29 08:32:15] [DEBUG] Found btn_den_lam.png at (597,1277) conf=1.000
[2026-04-29 08:32:15] [DEBUG] Tap: (597, 1277)
[2026-04-29 08:32:15] [INFO] Tap btn_den_lam.png at (597,1277)
[2026-04-29 08:32:15] [INFO]   🔨 Đã click 'Đến làm'
[2026-04-29 08:32:18] [DEBUG] Screenshot OK: (900, 1600)
[2026-04-29 08:32:18] [DEBUG] Found btn_lam.png at (445,1477) conf=1.000
[2026-04-29 08:32:18] [DEBUG] Tap: (445, 1477)
[2026-04-29 08:32:19] [INFO]   ✅ Đã click 'Làm' tại (445, 1477)
[2026-04-29 08:32:22] [DEBUG] Tap: (50, 200)
[2026-04-29 08:32:22] [INFO]   ✅ Đã tap ngoài popup tại (50,200)
[2026-04-29 08:32:25] [DEBUG] Screenshot OK: (900, 1600)
[2026-04-29 08:32:25] [DEBUG] Found btn_giao.png at (595,1277) conf=1.000
[2026-04-29 08:32:25] [DEBUG] Tap: (595, 1277)
[2026-04-29 08:32:25] [INFO] Tap btn_giao.png at (595,1277)
[2026-04-29 08:32:25] [INFO]   📦 Đã click 'Giao'
[2026-04-29 08:32:29] [DEBUG] Tap: (450, 1200)
[2026-04-29 08:32:29] [INFO]   🎉 Đã đóng popup phần thưởng
[2026-04-29 08:32:30] [INFO]   ✅ Xử lý đơn #2
[2026-04-29 08:32:34] [DEBUG] Screenshot OK: (900, 1600)
[2026-04-29 08:32:34] [INFO] Đã xử lý 2 đơn hàng
[2026-04-29 08:32:34] [INFO] --- THỐNG KÊ ---
[2026-04-29 08:32:34] [INFO]   Thu hoạch: 0
[2026-04-29 08:32:34] [INFO]   Trồng cây: 0
[2026-04-29 08:32:34] [INFO]   Đơn hàng:  4
[2026-04-29 08:32:34] [INFO]   Lỗi:       0
[2026-04-29 08:32:39] [INFO] ========================================
[2026-04-29 08:32:39] [INFO] 🔄 BẮT ĐẦU CHU KỲ MỚI
[2026-04-29 08:32:39] [INFO] ========================================
[2026-04-29 08:32:39] [INFO] ⏭️ Bỏ qua thu hoạch (chưa có ảnh mẫu)
[2026-04-29 08:32:39] [INFO] ⏭️ Bỏ qua trồng cây (chưa có ảnh mẫu)
[2026-04-29 08:32:39] [INFO] 📦 Bắt đầu XỬ LÝ ĐƠN HÀNG...
[2026-04-29 08:32:40] [DEBUG] Screenshot OK: (900, 1600)
[2026-04-29 08:32:41] [INFO] Không tìm thấy dấu chấm than (!) nào
[2026-04-29 08:32:41] [INFO] Đã xử lý 0 đơn hàng
[2026-04-29 08:32:41] [INFO] --- THỐNG KÊ ---
[2026-04-29 08:32:41] [INFO]   Thu hoạch: 0
[2026-04-29 08:32:41] [INFO]   Trồng cây: 0
[2026-04-29 08:32:41] [INFO]   Đơn hàng:  4
[2026-04-29 08:32:41] [INFO]   Lỗi:       0
[2026-04-29 08:32:46] [INFO] ========================================
[2026-04-29 08:32:46] [INFO] 🔄 BẮT ĐẦU CHU KỲ MỚI
[2026-04-29 08:32:46] [INFO] ========================================
[2026-04-29 08:32:46] [INFO] ⏭️ Bỏ qua thu hoạch (chưa có ảnh mẫu)
[2026-04-29 08:32:46] [INFO] ⏭️ Bỏ qua trồng cây (chưa có ảnh mẫu)
[2026-04-29 08:32:46] [INFO] 📦 Bắt đầu XỬ LÝ ĐƠN HÀNG...
[2026-04-29 08:32:47] [DEBUG] Screenshot OK: (900, 1600)
[2026-04-29 08:32:48] [INFO] Không tìm thấy dấu chấm than (!) nào
[2026-04-29 08:32:48] [INFO] Đã xử lý 0 đơn hàng
[2026-04-29 08:32:48] [INFO] --- THỐNG KÊ ---
[2026-04-29 08:32:48] [INFO]   Thu hoạch: 0
[2026-04-29 08:32:48] [INFO]   Trồng cây: 0
[2026-04-29 08:32:48] [INFO]   Đơn hàng:  4
[2026-04-29 08:32:48] [INFO]   Lỗi:       0
[2026-04-29 08:32:53] [INFO] ========================================
[2026-04-29 08:32:53] [INFO] 🔄 BẮT ĐẦU CHU KỲ MỚI
[2026-04-29 08:32:53] [INFO] ========================================
[2026-04-29 08:32:53] [INFO] ⏭️ Bỏ qua thu hoạch (chưa có ảnh mẫu)
[2026-04-29 08:32:53] [INFO] ⏭️ Bỏ qua trồng cây (chưa có ảnh mẫu)
[2026-04-29 08:32:53] [INFO] 📦 Bắt đầu XỬ LÝ ĐƠN HÀNG...
[2026-04-29 08:32:54] [DEBUG] Screenshot OK: (900, 1600)
[2026-04-29 08:32:54] [INFO] Không tìm thấy dấu chấm than (!) nào
[2026-04-29 08:32:54] [INFO] Đã xử lý 0 đơn hàng
[2026-04-29 08:32:54] [INFO] --- THỐNG KÊ ---
[2026-04-29 08:32:54] [INFO]   Thu hoạch: 0
[2026-04-29 08:32:54] [INFO]   Trồng cây: 0
[2026-04-29 08:32:54] [INFO]   Đơn hàng:  4
[2026-04-29 08:32:54] [INFO]   Lỗi:       0
[2026-04-29 08:32:59] [INFO] ========================================
[2026-04-29 08:32:59] [INFO] 🔄 BẮT ĐẦU CHU KỲ MỚI
[2026-04-29 08:32:59] [INFO] ========================================
[2026-04-29 08:32:59] [INFO] ⏭️ Bỏ qua thu hoạch (chưa có ảnh mẫu)
[2026-04-29 08:32:59] [INFO] ⏭️ Bỏ qua trồng cây (chưa có ảnh mẫu)
[2026-04-29 08:32:59] [INFO] 📦 Bắt đầu XỬ LÝ ĐƠN HÀNG...
[2026-04-29 08:33:00] [DEBUG] Screenshot OK: (900, 1600)
[2026-04-29 08:33:01] [INFO] Không tìm thấy dấu chấm than (!) nào
[2026-04-29 08:33:01] [INFO] Đã xử lý 0 đơn hàng
[2026-04-29 08:33:01] [INFO] --- THỐNG KÊ ---
[2026-04-29 08:33:01] [INFO]   Thu hoạch: 0
[2026-04-29 08:33:01] [INFO]   Trồng cây: 0
[2026-04-29 08:33:01] [INFO]   Đơn hàng:  4
[2026-04-29 08:33:01] [INFO]   Lỗi:       0
[2026-04-29 08:33:06] [INFO] ========================================
[2026-04-29 08:33:06] [INFO] 🔄 BẮT ĐẦU CHU KỲ MỚI
[2026-04-29 08:33:06] [INFO] ========================================
[2026-04-29 08:33:06] [INFO] ⏭️ Bỏ qua thu hoạch (chưa có ảnh mẫu)
[2026-04-29 08:33:06] [INFO] ⏭️ Bỏ qua trồng cây (chưa có ảnh mẫu)
[2026-04-29 08:33:06] [INFO] 📦 Bắt đầu XỬ LÝ ĐƠN HÀNG...
[2026-04-29 08:33:07] [DEBUG] Screenshot OK: (900, 1600)
[2026-04-29 08:33:07] [INFO] Không tìm thấy dấu chấm than (!) nào
[2026-04-29 08:33:07] [INFO] Đã xử lý 0 đơn hàng
[2026-04-29 08:33:07] [INFO] --- THỐNG KÊ ---
[2026-04-29 08:33:07] [INFO]   Thu hoạch: 0
[2026-04-29 08:33:07] [INFO]   Trồng cây: 0
[2026-04-29 08:33:07] [INFO]   Đơn hàng:  4
[2026-04-29 08:33:07] [INFO]   Lỗi:       0
[2026-04-29 08:33:12] [INFO] ========================================
[2026-04-29 08:33:12] [INFO] 🔄 BẮT ĐẦU CHU KỲ MỚI
[2026-04-29 08:33:12] [INFO] ========================================
[2026-04-29 08:33:12] [INFO] ⏭️ Bỏ qua thu hoạch (chưa có ảnh mẫu)
[2026-04-29 08:33:12] [INFO] ⏭️ Bỏ qua trồng cây (chưa có ảnh mẫu)
[2026-04-29 08:33:12] [INFO] 📦 Bắt đầu XỬ LÝ ĐƠN HÀNG...
[2026-04-29 08:33:13] [DEBUG] Screenshot OK: (900, 1600)
[2026-04-29 08:33:14] [INFO] Không tìm thấy dấu chấm than (!) nào
[2026-04-29 08:33:14] [INFO] Đã xử lý 0 đơn hàng
[2026-04-29 08:33:14] [INFO] --- THỐNG KÊ ---
[2026-04-29 08:33:14] [INFO]   Thu hoạch: 0
[2026-04-29 08:33:14] [INFO]   Trồng cây: 0
[2026-04-29 08:33:14] [INFO]   Đơn hàng:  4
[2026-04-29 08:33:14] [INFO]   Lỗi:       0
[2026-04-29 08:33:19] [INFO] ========================================
[2026-04-29 08:33:19] [INFO] 🔄 BẮT ĐẦU CHU KỲ MỚI
[2026-04-29 08:33:19] [INFO] ========================================
[2026-04-29 08:33:19] [INFO] ⏭️ Bỏ qua thu hoạch (chưa có ảnh mẫu)
[2026-04-29 08:33:19] [INFO] ⏭️ Bỏ qua trồng cây (chưa có ảnh mẫu)
[2026-04-29 08:33:19] [INFO] 📦 Bắt đầu XỬ LÝ ĐƠN HÀNG...
[2026-04-29 08:33:20] [DEBUG] Screenshot OK: (900, 1600)
[2026-04-29 08:33:20] [INFO] Không tìm thấy dấu chấm than (!) nào
[2026-04-29 08:33:20] [INFO] Đã xử lý 0 đơn hàng
[2026-04-29 08:33:20] [INFO] --- THỐNG KÊ ---
[2026-04-29 08:33:20] [INFO]   Thu hoạch: 0
[2026-04-29 08:33:20] [INFO]   Trồng cây: 0
[2026-04-29 08:33:20] [INFO]   Đơn hàng:  4
[2026-04-29 08:33:20] [INFO]   Lỗi:       0
[2026-04-29 08:33:25] [INFO] ========================================
[2026-04-29 08:33:25] [INFO] 🔄 BẮT ĐẦU CHU KỲ MỚI
[2026-04-29 08:33:25] [INFO] ========================================
[2026-04-29 08:33:25] [INFO] ⏭️ Bỏ qua thu hoạch (chưa có ảnh mẫu)
[2026-04-29 08:33:25] [INFO] ⏭️ Bỏ qua trồng cây (chưa có ảnh mẫu)
[2026-04-29 08:33:25] [INFO] 📦 Bắt đầu XỬ LÝ ĐƠN HÀNG...
[2026-04-29 08:33:26] [DEBUG] Screenshot OK: (900, 1600)
[2026-04-29 08:33:27] [INFO] Không tìm thấy dấu chấm than (!) nào
[2026-04-29 08:33:27] [INFO] Đã xử lý 0 đơn hàng
[2026-04-29 08:33:27] [INFO] --- THỐNG KÊ ---
[2026-04-29 08:33:27] [INFO]   Thu hoạch: 0
[2026-04-29 08:33:27] [INFO]   Trồng cây: 0
[2026-04-29 08:33:27] [INFO]   Đơn hàng:  4
[2026-04-29 08:33:27] [INFO]   Lỗi:       0
[2026-04-29 08:33:32] [INFO] ========================================
[2026-04-29 08:33:32] [INFO] 🔄 BẮT ĐẦU CHU KỲ MỚI
[2026-04-29 08:33:32] [INFO] ========================================
[2026-04-29 08:33:32] [INFO] ⏭️ Bỏ qua thu hoạch (chưa có ảnh mẫu)
[2026-04-29 08:33:32] [INFO] ⏭️ Bỏ qua trồng cây (chưa có ảnh mẫu)
[2026-04-29 08:33:32] [INFO] 📦 Bắt đầu XỬ LÝ ĐƠN HÀNG...
[2026-04-29 08:33:33] [DEBUG] Screenshot OK: (900, 1600)
[2026-04-29 08:33:34] [INFO] Không tìm thấy dấu chấm than (!) nào
[2026-04-29 08:33:34] [INFO] Đã xử lý 0 đơn hàng
[2026-04-29 08:33:34] [INFO] --- THỐNG KÊ ---
[2026-04-29 08:33:34] [INFO]   Thu hoạch: 0
[2026-04-29 08:33:34] [INFO]   Trồng cây: 0
[2026-04-29 08:33:34] [INFO]   Đơn hàng:  4
[2026-04-29 08:33:34] [INFO]   Lỗi:       0
[2026-04-29 08:33:39] [INFO] ========================================
[2026-04-29 08:33:39] [INFO] 🔄 BẮT ĐẦU CHU KỲ MỚI
[2026-04-29 08:33:39] [INFO] ========================================
[2026-04-29 08:33:39] [INFO] ⏭️ Bỏ qua thu hoạch (chưa có ảnh mẫu)
[2026-04-29 08:33:39] [INFO] ⏭️ Bỏ qua trồng cây (chưa có ảnh mẫu)
[2026-04-29 08:33:39] [INFO] 📦 Bắt đầu XỬ LÝ ĐƠN HÀNG...
[2026-04-29 08:33:40] [DEBUG] Screenshot OK: (900, 1600)
[2026-04-29 08:33:40] [INFO] Không tìm thấy dấu chấm than (!) nào
[2026-04-29 08:33:40] [INFO] Đã xử lý 0 đơn hàng
[2026-04-29 08:33:40] [INFO] --- THỐNG KÊ ---
[2026-04-29 08:33:40] [INFO]   Thu hoạch: 0
[2026-04-29 08:33:40] [INFO]   Trồng cây: 0
[2026-04-29 08:33:40] [INFO]   Đơn hàng:  4
[2026-04-29 08:33:40] [INFO]   Lỗi:       0
[2026-04-29 08:33:45] [INFO] ========================================
[2026-04-29 08:33:45] [INFO] 🔄 BẮT ĐẦU CHU KỲ MỚI
[2026-04-29 08:33:45] [INFO] ========================================
[2026-04-29 08:33:45] [INFO] ⏭️ Bỏ qua thu hoạch (chưa có ảnh mẫu)
[2026-04-29 08:33:45] [INFO] ⏭️ Bỏ qua trồng cây (chưa có ảnh mẫu)
[2026-04-29 08:33:45] [INFO] 📦 Bắt đầu XỬ LÝ ĐƠN HÀNG...
[2026-04-29 08:33:46] [DEBUG] Screenshot OK: (900, 1600)
[2026-04-29 08:33:47] [INFO] Không tìm thấy dấu chấm than (!) nào
[2026-04-29 08:33:47] [INFO] Đã xử lý 0 đơn hàng
[2026-04-29 08:33:47] [INFO] --- THỐNG KÊ ---
[2026-04-29 08:33:47] [INFO]   Thu hoạch: 0
[2026-04-29 08:33:47] [INFO]   Trồng cây: 0
[2026-04-29 08:33:47] [INFO]   Đơn hàng:  4
[2026-04-29 08:33:47] [INFO]   Lỗi:       0
[2026-04-29 08:33:52] [INFO] ========================================
[2026-04-29 08:33:52] [INFO] 🔄 BẮT ĐẦU CHU KỲ MỚI
[2026-04-29 08:33:52] [INFO] ========================================
[2026-04-29 08:33:52] [INFO] ⏭️ Bỏ qua thu hoạch (chưa có ảnh mẫu)
[2026-04-29 08:33:52] [INFO] ⏭️ Bỏ qua trồng cây (chưa có ảnh mẫu)
[2026-04-29 08:33:52] [INFO] 📦 Bắt đầu XỬ LÝ ĐƠN HÀNG...
[2026-04-29 08:33:53] [DEBUG] Screenshot OK: (900, 1600)
[2026-04-29 08:33:53] [INFO] Không tìm thấy dấu chấm than (!) nào
[2026-04-29 08:33:53] [INFO] Đã xử lý 0 đơn hàng
[2026-04-29 08:33:53] [INFO] --- THỐNG KÊ ---
[2026-04-29 08:33:53] [INFO]   Thu hoạch: 0
[2026-04-29 08:33:53] [INFO]   Trồng cây: 0
[2026-04-29 08:33:53] [INFO]   Đơn hàng:  4
[2026-04-29 08:33:53] [INFO]   Lỗi:       0
[2026-04-29 08:33:58] [INFO] ========================================
[2026-04-29 08:33:58] [INFO] 🔄 BẮT ĐẦU CHU KỲ MỚI
[2026-04-29 08:33:58] [INFO] ========================================
[2026-04-29 08:33:58] [INFO] ⏭️ Bỏ qua thu hoạch (chưa có ảnh mẫu)
[2026-04-29 08:33:58] [INFO] ⏭️ Bỏ qua trồng cây (chưa có ảnh mẫu)
[2026-04-29 08:33:58] [INFO] 📦 Bắt đầu XỬ LÝ ĐƠN HÀNG...
[2026-04-29 08:33:59] [DEBUG] Screenshot OK: (900, 1600)
[2026-04-29 08:34:00] [INFO] Không tìm thấy dấu chấm than (!) nào
[2026-04-29 08:34:00] [INFO] Đã xử lý 0 đơn hàng
[2026-04-29 08:34:00] [INFO] --- THỐNG KÊ ---
[2026-04-29 08:34:00] [INFO]   Thu hoạch: 0
[2026-04-29 08:34:00] [INFO]   Trồng cây: 0
[2026-04-29 08:34:00] [INFO]   Đơn hàng:  4
[2026-04-29 08:34:00] [INFO]   Lỗi:       0
[2026-04-29 08:34:05] [INFO] ========================================
[2026-04-29 08:34:05] [INFO] 🔄 BẮT ĐẦU CHU KỲ MỚI
[2026-04-29 08:34:05] [INFO] ========================================
[2026-04-29 08:34:05] [INFO] ⏭️ Bỏ qua thu hoạch (chưa có ảnh mẫu)
[2026-04-29 08:34:05] [INFO] ⏭️ Bỏ qua trồng cây (chưa có ảnh mẫu)
[2026-04-29 08:34:05] [INFO] 📦 Bắt đầu XỬ LÝ ĐƠN HÀNG...
[2026-04-29 08:34:06] [DEBUG] Screenshot OK: (900, 1600)
[2026-04-29 08:34:06] [INFO] Không tìm thấy dấu chấm than (!) nào
[2026-04-29 08:34:06] [INFO] Đã xử lý 0 đơn hàng
[2026-04-29 08:34:06] [INFO] --- THỐNG KÊ ---
[2026-04-29 08:34:06] [INFO]   Thu hoạch: 0
[2026-04-29 08:34:06] [INFO]   Trồng cây: 0
[2026-04-29 08:34:06] [INFO]   Đơn hàng:  4
[2026-04-29 08:34:06] [INFO]   Lỗi:       0
[2026-04-29 08:34:11] [INFO] ========================================
[2026-04-29 08:34:11] [INFO] 🔄 BẮT ĐẦU CHU KỲ MỚI
[2026-04-29 08:34:11] [INFO] ========================================
[2026-04-29 08:34:11] [INFO] ⏭️ Bỏ qua thu hoạch (chưa có ảnh mẫu)
[2026-04-29 08:34:11] [INFO] ⏭️ Bỏ qua trồng cây (chưa có ảnh mẫu)
[2026-04-29 08:34:11] [INFO] 📦 Bắt đầu XỬ LÝ ĐƠN HÀNG...
[2026-04-29 08:34:12] [DEBUG] Screenshot OK: (900, 1600)
[2026-04-29 08:34:13] [INFO] Không tìm thấy dấu chấm than (!) nào
[2026-04-29 08:34:13] [INFO] Đã xử lý 0 đơn hàng
[2026-04-29 08:34:13] [INFO] --- THỐNG KÊ ---
[2026-04-29 08:34:13] [INFO]   Thu hoạch: 0
[2026-04-29 08:34:13] [INFO]   Trồng cây: 0
[2026-04-29 08:34:13] [INFO]   Đơn hàng:  4
[2026-04-29 08:34:13] [INFO]   Lỗi:       0
[2026-04-29 08:34:18] [INFO] ========================================
[2026-04-29 08:34:18] [INFO] 🔄 BẮT ĐẦU CHU KỲ MỚI
[2026-04-29 08:34:18] [INFO] ========================================
[2026-04-29 08:34:18] [INFO] ⏭️ Bỏ qua thu hoạch (chưa có ảnh mẫu)
[2026-04-29 08:34:18] [INFO] ⏭️ Bỏ qua trồng cây (chưa có ảnh mẫu)
[2026-04-29 08:34:18] [INFO] 📦 Bắt đầu XỬ LÝ ĐƠN HÀNG...
[2026-04-29 08:34:19] [DEBUG] Screenshot OK: (900, 1600)
[2026-04-29 08:34:19] [INFO] Không tìm thấy dấu chấm than (!) nào
[2026-04-29 08:34:19] [INFO] Đã xử lý 0 đơn hàng
[2026-04-29 08:34:19] [INFO] --- THỐNG KÊ ---
[2026-04-29 08:34:19] [INFO]   Thu hoạch: 0
[2026-04-29 08:34:19] [INFO]   Trồng cây: 0
[2026-04-29 08:34:19] [INFO]   Đơn hàng:  4
[2026-04-29 08:34:19] [INFO]   Lỗi:       0
[2026-04-29 08:34:24] [INFO] ========================================
[2026-04-29 08:34:24] [INFO] 🔄 BẮT ĐẦU CHU KỲ MỚI
[2026-04-29 08:34:24] [INFO] ========================================
[2026-04-29 08:34:24] [INFO] ⏭️ Bỏ qua thu hoạch (chưa có ảnh mẫu)
[2026-04-29 08:34:24] [INFO] ⏭️ Bỏ qua trồng cây (chưa có ảnh mẫu)
[2026-04-29 08:34:24] [INFO] 📦 Bắt đầu XỬ LÝ ĐƠN HÀNG...
[2026-04-29 08:34:26] [DEBUG] Screenshot OK: (900, 1600)
[2026-04-29 08:34:26] [INFO] Không tìm thấy dấu chấm than (!) nào
[2026-04-29 08:34:26] [INFO] Đã xử lý 0 đơn hàng
[2026-04-29 08:34:26] [INFO] --- THỐNG KÊ ---
[2026-04-29 08:34:26] [INFO]   Thu hoạch: 0
[2026-04-29 08:34:26] [INFO]   Trồng cây: 0
[2026-04-29 08:34:26] [INFO]   Đơn hàng:  4
[2026-04-29 08:34:26] [INFO]   Lỗi:       0
[2026-04-29 08:34:31] [INFO] ========================================
[2026-04-29 08:34:31] [INFO] 🔄 BẮT ĐẦU CHU KỲ MỚI
[2026-04-29 08:34:31] [INFO] ========================================
[2026-04-29 08:34:31] [INFO] ⏭️ Bỏ qua thu hoạch (chưa có ảnh mẫu)
[2026-04-29 08:34:31] [INFO] ⏭️ Bỏ qua trồng cây (chưa có ảnh mẫu)
[2026-04-29 08:34:31] [INFO] 📦 Bắt đầu XỬ LÝ ĐƠN HÀNG...
[2026-04-29 08:34:32] [DEBUG] Screenshot OK: (900, 1600)
[2026-04-29 08:34:33] [INFO] Không tìm thấy dấu chấm than (!) nào
[2026-04-29 08:34:33] [INFO] Đã xử lý 0 đơn hàng
[2026-04-29 08:34:33] [INFO] --- THỐNG KÊ ---
[2026-04-29 08:34:33] [INFO]   Thu hoạch: 0
[2026-04-29 08:34:33] [INFO]   Trồng cây: 0
[2026-04-29 08:34:33] [INFO]   Đơn hàng:  4
[2026-04-29 08:34:33] [INFO]   Lỗi:       0
[2026-04-29 08:34:38] [INFO] ========================================
[2026-04-29 08:34:38] [INFO] 🔄 BẮT ĐẦU CHU KỲ MỚI
[2026-04-29 08:34:38] [INFO] ========================================
[2026-04-29 08:34:38] [INFO] ⏭️ Bỏ qua thu hoạch (chưa có ảnh mẫu)
[2026-04-29 08:34:38] [INFO] ⏭️ Bỏ qua trồng cây (chưa có ảnh mẫu)
[2026-04-29 08:34:38] [INFO] 📦 Bắt đầu XỬ LÝ ĐƠN HÀNG...
[2026-04-29 08:34:39] [DEBUG] Screenshot OK: (900, 1600)
[2026-04-29 08:34:39] [INFO] Không tìm thấy dấu chấm than (!) nào
[2026-04-29 08:34:39] [INFO] Đã xử lý 0 đơn hàng
[2026-04-29 08:34:39] [INFO] --- THỐNG KÊ ---
[2026-04-29 08:34:39] [INFO]   Thu hoạch: 0
[2026-04-29 08:34:39] [INFO]   Trồng cây: 0
[2026-04-29 08:34:39] [INFO]   Đơn hàng:  4
[2026-04-29 08:34:39] [INFO]   Lỗi:       0
[2026-04-29 08:34:44] [INFO] ========================================
[2026-04-29 08:34:44] [INFO] 🔄 BẮT ĐẦU CHU KỲ MỚI
[2026-04-29 08:34:44] [INFO] ========================================
[2026-04-29 08:34:44] [INFO] ⏭️ Bỏ qua thu hoạch (chưa có ảnh mẫu)
[2026-04-29 08:34:44] [INFO] ⏭️ Bỏ qua trồng cây (chưa có ảnh mẫu)
[2026-04-29 08:34:44] [INFO] 📦 Bắt đầu XỬ LÝ ĐƠN HÀNG...
[2026-04-29 08:34:45] [DEBUG] Screenshot OK: (900, 1600)
[2026-04-29 08:34:46] [INFO] Không tìm thấy dấu chấm than (!) nào
[2026-04-29 08:34:46] [INFO] Đã xử lý 0 đơn hàng
[2026-04-29 08:34:46] [INFO] --- THỐNG KÊ ---
[2026-04-29 08:34:46] [INFO]   Thu hoạch: 0
[2026-04-29 08:34:46] [INFO]   Trồng cây: 0
[2026-04-29 08:34:46] [INFO]   Đơn hàng:  4
[2026-04-29 08:34:46] [INFO]   Lỗi:       0
[2026-04-29 08:34:51] [INFO] ========================================
[2026-04-29 08:34:51] [INFO] 🔄 BẮT ĐẦU CHU KỲ MỚI
[2026-04-29 08:34:51] [INFO] ========================================
[2026-04-29 08:34:51] [INFO] ⏭️ Bỏ qua thu hoạch (chưa có ảnh mẫu)
[2026-04-29 08:34:51] [INFO] ⏭️ Bỏ qua trồng cây (chưa có ảnh mẫu)
[2026-04-29 08:34:51] [INFO] 📦 Bắt đầu XỬ LÝ ĐƠN HÀNG...
[2026-04-29 08:34:52] [DEBUG] Screenshot OK: (900, 1600)
[2026-04-29 08:34:52] [INFO] Không tìm thấy dấu chấm than (!) nào
[2026-04-29 08:34:52] [INFO] Đã xử lý 0 đơn hàng
[2026-04-29 08:34:52] [INFO] --- THỐNG KÊ ---
[2026-04-29 08:34:52] [INFO]   Thu hoạch: 0
[2026-04-29 08:34:52] [INFO]   Trồng cây: 0
[2026-04-29 08:34:52] [INFO]   Đơn hàng:  4
[2026-04-29 08:34:52] [INFO]   Lỗi:       0
[2026-04-29 08:34:57] [INFO] ========================================
[2026-04-29 08:34:57] [INFO] 🔄 BẮT ĐẦU CHU KỲ MỚI
[2026-04-29 08:34:57] [INFO] ========================================
[2026-04-29 08:34:57] [INFO] ⏭️ Bỏ qua thu hoạch (chưa có ảnh mẫu)
[2026-04-29 08:34:57] [INFO] ⏭️ Bỏ qua trồng cây (chưa có ảnh mẫu)
[2026-04-29 08:34:57] [INFO] 📦 Bắt đầu XỬ LÝ ĐƠN HÀNG...
[2026-04-29 08:34:58] [DEBUG] Screenshot OK: (900, 1600)
[2026-04-29 08:34:59] [INFO] Không tìm thấy dấu chấm than (!) nào
[2026-04-29 08:34:59] [INFO] Đã xử lý 0 đơn hàng
[2026-04-29 08:34:59] [INFO] --- THỐNG KÊ ---
[2026-04-29 08:34:59] [INFO]   Thu hoạch: 0
[2026-04-29 08:34:59] [INFO]   Trồng cây: 0
[2026-04-29 08:34:59] [INFO]   Đơn hàng:  4
[2026-04-29 08:34:59] [INFO]   Lỗi:       0
[2026-04-29 08:35:04] [INFO] ========================================
[2026-04-29 08:35:04] [INFO] 🔄 BẮT ĐẦU CHU KỲ MỚI
[2026-04-29 08:35:04] [INFO] ========================================
[2026-04-29 08:35:04] [INFO] ⏭️ Bỏ qua thu hoạch (chưa có ảnh mẫu)
[2026-04-29 08:35:04] [INFO] ⏭️ Bỏ qua trồng cây (chưa có ảnh mẫu)
[2026-04-29 08:35:04] [INFO] 📦 Bắt đầu XỬ LÝ ĐƠN HÀNG...
[2026-04-29 08:35:05] [DEBUG] Screenshot OK: (900, 1600)
[2026-04-29 08:35:05] [INFO] Không tìm thấy dấu chấm than (!) nào
[2026-04-29 08:35:05] [INFO] Đã xử lý 0 đơn hàng
[2026-04-29 08:35:05] [INFO] --- THỐNG KÊ ---
[2026-04-29 08:35:05] [INFO]   Thu hoạch: 0
[2026-04-29 08:35:05] [INFO]   Trồng cây: 0
[2026-04-29 08:35:05] [INFO]   Đơn hàng:  4
[2026-04-29 08:35:05] [INFO]   Lỗi:       0
[2026-04-29 08:35:10] [INFO] ========================================
[2026-04-29 08:35:10] [INFO] 🔄 BẮT ĐẦU CHU KỲ MỚI
[2026-04-29 08:35:10] [INFO] ========================================
[2026-04-29 08:35:10] [INFO] ⏭️ Bỏ qua thu hoạch (chưa có ảnh mẫu)
[2026-04-29 08:35:10] [INFO] ⏭️ Bỏ qua trồng cây (chưa có ảnh mẫu)
[2026-04-29 08:35:10] [INFO] 📦 Bắt đầu XỬ LÝ ĐƠN HÀNG...
[2026-04-29 08:35:12] [DEBUG] Screenshot OK: (900, 1600)
[2026-04-29 08:35:12] [INFO] Không tìm thấy dấu chấm than (!) nào
[2026-04-29 08:35:12] [INFO] Đã xử lý 0 đơn hàng
[2026-04-29 08:35:12] [INFO] --- THỐNG KÊ ---
[2026-04-29 08:35:12] [INFO]   Thu hoạch: 0
[2026-04-29 08:35:12] [INFO]   Trồng cây: 0
[2026-04-29 08:35:12] [INFO]   Đơn hàng:  4
[2026-04-29 08:35:12] [INFO]   Lỗi:       0
[2026-04-29 08:35:17] [INFO] ========================================
[2026-04-29 08:35:17] [INFO] 🔄 BẮT ĐẦU CHU KỲ MỚI
[2026-04-29 08:35:17] [INFO] ========================================
[2026-04-29 08:35:17] [INFO] ⏭️ Bỏ qua thu hoạch (chưa có ảnh mẫu)
[2026-04-29 08:35:17] [INFO] ⏭️ Bỏ qua trồng cây (chưa có ảnh mẫu)
[2026-04-29 08:35:17] [INFO] 📦 Bắt đầu XỬ LÝ ĐƠN HÀNG...
[2026-04-29 08:35:18] [DEBUG] Screenshot OK: (900, 1600)
[2026-04-29 08:35:19] [INFO] Không tìm thấy dấu chấm than (!) nào
[2026-04-29 08:35:19] [INFO] Đã xử lý 0 đơn hàng
[2026-04-29 08:35:19] [INFO] --- THỐNG KÊ ---
[2026-04-29 08:35:19] [INFO]   Thu hoạch: 0
[2026-04-29 08:35:19] [INFO]   Trồng cây: 0
[2026-04-29 08:35:19] [INFO]   Đơn hàng:  4
[2026-04-29 08:35:19] [INFO]   Lỗi:       0
[2026-04-29 08:35:24] [INFO] ========================================
[2026-04-29 08:35:24] [INFO] 🔄 BẮT ĐẦU CHU KỲ MỚI
[2026-04-29 08:35:24] [INFO] ========================================
[2026-04-29 08:35:24] [INFO] ⏭️ Bỏ qua thu hoạch (chưa có ảnh mẫu)
[2026-04-29 08:35:24] [INFO] ⏭️ Bỏ qua trồng cây (chưa có ảnh mẫu)
[2026-04-29 08:35:24] [INFO] 📦 Bắt đầu XỬ LÝ ĐƠN HÀNG...
[2026-04-29 08:35:25] [DEBUG] Screenshot OK: (900, 1600)
[2026-04-29 08:35:25] [INFO] Không tìm thấy dấu chấm than (!) nào
[2026-04-29 08:35:25] [INFO] Đã xử lý 0 đơn hàng
[2026-04-29 08:35:25] [INFO] --- THỐNG KÊ ---
[2026-04-29 08:35:25] [INFO]   Thu hoạch: 0
[2026-04-29 08:35:25] [INFO]   Trồng cây: 0
[2026-04-29 08:35:25] [INFO]   Đơn hàng:  4
[2026-04-29 08:35:25] [INFO]   Lỗi:       0
[2026-04-29 08:35:30] [INFO] ========================================
[2026-04-29 08:35:30] [INFO] 🔄 BẮT ĐẦU CHU KỲ MỚI
[2026-04-29 08:35:30] [INFO] ========================================
[2026-04-29 08:35:30] [INFO] ⏭️ Bỏ qua thu hoạch (chưa có ảnh mẫu)
[2026-04-29 08:35:30] [INFO] ⏭️ Bỏ qua trồng cây (chưa có ảnh mẫu)
[2026-04-29 08:35:30] [INFO] 📦 Bắt đầu XỬ LÝ ĐƠN HÀNG...
[2026-04-29 08:35:31] [DEBUG] Screenshot OK: (900, 1600)
[2026-04-29 08:35:32] [INFO] Không tìm thấy dấu chấm than (!) nào
[2026-04-29 08:35:32] [INFO] Đã xử lý 0 đơn hàng
[2026-04-29 08:35:32] [INFO] --- THỐNG KÊ ---
[2026-04-29 08:35:32] [INFO]   Thu hoạch: 0
[2026-04-29 08:35:32] [INFO]   Trồng cây: 0
[2026-04-29 08:35:32] [INFO]   Đơn hàng:  4
[2026-04-29 08:35:32] [INFO]   Lỗi:       0
[2026-04-29 08:35:37] [INFO] ========================================
[2026-04-29 08:35:37] [INFO] 🔄 BẮT ĐẦU CHU KỲ MỚI
[2026-04-29 08:35:37] [INFO] ========================================
[2026-04-29 08:35:37] [INFO] ⏭️ Bỏ qua thu hoạch (chưa có ảnh mẫu)
[2026-04-29 08:35:37] [INFO] ⏭️ Bỏ qua trồng cây (chưa có ảnh mẫu)
[2026-04-29 08:35:37] [INFO] 📦 Bắt đầu XỬ LÝ ĐƠN HÀNG...
[2026-04-29 08:35:38] [DEBUG] Screenshot OK: (900, 1600)
[2026-04-29 08:35:38] [INFO] Không tìm thấy dấu chấm than (!) nào
[2026-04-29 08:35:38] [INFO] Đã xử lý 0 đơn hàng
[2026-04-29 08:35:38] [INFO] --- THỐNG KÊ ---
[2026-04-29 08:35:38] [INFO]   Thu hoạch: 0
[2026-04-29 08:35:38] [INFO]   Trồng cây: 0
[2026-04-29 08:35:38] [INFO]   Đơn hàng:  4
[2026-04-29 08:35:38] [INFO]   Lỗi:       0
[2026-04-29 08:35:43] [INFO] ========================================
[2026-04-29 08:35:43] [INFO] 🔄 BẮT ĐẦU CHU KỲ MỚI
[2026-04-29 08:35:43] [INFO] ========================================
[2026-04-29 08:35:43] [INFO] ⏭️ Bỏ qua thu hoạch (chưa có ảnh mẫu)
[2026-04-29 08:35:43] [INFO] ⏭️ Bỏ qua trồng cây (chưa có ảnh mẫu)
[2026-04-29 08:35:43] [INFO] 📦 Bắt đầu XỬ LÝ ĐƠN HÀNG...
[2026-04-29 08:35:44] [DEBUG] Screenshot OK: (900, 1600)
[2026-04-29 08:35:45] [INFO] Tìm thấy 1 dấu (!): 0 đỏ, 1 vàng
[2026-04-29 08:35:45] [INFO]   🟡 Click dấu (!) yellow tại (558, 357) conf=0.98
[2026-04-29 08:35:45] [DEBUG] Tap: (558, 357)
[2026-04-29 08:35:49] [DEBUG] Screenshot OK: (900, 1600)
[2026-04-29 08:35:49] [DEBUG] Found btn_den_lam.png at (597,1277) conf=1.000
[2026-04-29 08:35:50] [DEBUG] Tap: (597, 1277)
[2026-04-29 08:35:50] [INFO] Tap btn_den_lam.png at (597,1277)
[2026-04-29 08:35:50] [INFO]   🔨 Đã click 'Đến làm'
[2026-04-29 08:35:53] [DEBUG] Screenshot OK: (900, 1600)
[2026-04-29 08:35:53] [DEBUG] Found btn_lam.png at (445,1477) conf=1.000
[2026-04-29 08:35:53] [DEBUG] Tap: (445, 1477)
[2026-04-29 08:35:53] [INFO]   ✅ Đã click 'Làm' tại (445, 1477)
[2026-04-29 08:35:56] [DEBUG] Tap: (50, 200)
[2026-04-29 08:35:57] [INFO]   ✅ Đã tap ngoài popup tại (50,200)
[2026-04-29 08:35:59] [DEBUG] Screenshot OK: (900, 1600)
[2026-04-29 08:36:00] [DEBUG] Found btn_giao.png at (595,1277) conf=1.000
[2026-04-29 08:36:00] [DEBUG] Tap: (595, 1277)
[2026-04-29 08:36:00] [INFO] Tap btn_giao.png at (595,1277)
[2026-04-29 08:36:00] [INFO]   📦 Đã click 'Giao'
[2026-04-29 08:36:03] [DEBUG] Tap: (450, 1200)
[2026-04-29 08:36:03] [INFO]   🎉 Đã đóng popup phần thưởng
[2026-04-29 08:36:04] [INFO]   ✅ Xử lý đơn #1
[2026-04-29 08:36:08] [DEBUG] Screenshot OK: (900, 1600)
[2026-04-29 08:36:09] [INFO] Đã xử lý 1 đơn hàng
[2026-04-29 08:36:09] [INFO] --- THỐNG KÊ ---
[2026-04-29 08:36:09] [INFO]   Thu hoạch: 0
[2026-04-29 08:36:09] [INFO]   Trồng cây: 0
[2026-04-29 08:36:09] [INFO]   Đơn hàng:  5
[2026-04-29 08:36:09] [INFO]   Lỗi:       0
[2026-04-29 08:36:14] [INFO] ========================================
[2026-04-29 08:36:14] [INFO] 🔄 BẮT ĐẦU CHU KỲ MỚI
[2026-04-29 08:36:14] [INFO] ========================================
[2026-04-29 08:36:14] [INFO] ⏭️ Bỏ qua thu hoạch (chưa có ảnh mẫu)
[2026-04-29 08:36:14] [INFO] ⏭️ Bỏ qua trồng cây (chưa có ảnh mẫu)
[2026-04-29 08:36:14] [INFO] 📦 Bắt đầu XỬ LÝ ĐƠN HÀNG...
[2026-04-29 08:36:15] [DEBUG] Screenshot OK: (900, 1600)
[2026-04-29 08:36:16] [INFO] Không tìm thấy dấu chấm than (!) nào
[2026-04-29 08:36:16] [INFO] Đã xử lý 0 đơn hàng
[2026-04-29 08:36:16] [INFO] --- THỐNG KÊ ---
[2026-04-29 08:36:16] [INFO]   Thu hoạch: 0
[2026-04-29 08:36:16] [INFO]   Trồng cây: 0
[2026-04-29 08:36:16] [INFO]   Đơn hàng:  5
[2026-04-29 08:36:16] [INFO]   Lỗi:       0
[2026-04-29 08:36:21] [INFO] ========================================
[2026-04-29 08:36:21] [INFO] 🔄 BẮT ĐẦU CHU KỲ MỚI
[2026-04-29 08:36:21] [INFO] ========================================
[2026-04-29 08:36:21] [INFO] ⏭️ Bỏ qua thu hoạch (chưa có ảnh mẫu)
[2026-04-29 08:36:21] [INFO] ⏭️ Bỏ qua trồng cây (chưa có ảnh mẫu)
[2026-04-29 08:36:21] [INFO] 📦 Bắt đầu XỬ LÝ ĐƠN HÀNG...
[2026-04-29 08:36:22] [DEBUG] Screenshot OK: (900, 1600)
[2026-04-29 08:36:22] [INFO] Không tìm thấy dấu chấm than (!) nào
[2026-04-29 08:36:22] [INFO] Đã xử lý 0 đơn hàng
[2026-04-29 08:36:22] [INFO] --- THỐNG KÊ ---
[2026-04-29 08:36:22] [INFO]   Thu hoạch: 0
[2026-04-29 08:36:22] [INFO]   Trồng cây: 0
[2026-04-29 08:36:22] [INFO]   Đơn hàng:  5
[2026-04-29 08:36:22] [INFO]   Lỗi:       0
[2026-04-29 08:36:27] [INFO] ========================================
[2026-04-29 08:36:27] [INFO] 🔄 BẮT ĐẦU CHU KỲ MỚI
[2026-04-29 08:36:27] [INFO] ========================================
[2026-04-29 08:36:27] [INFO] ⏭️ Bỏ qua thu hoạch (chưa có ảnh mẫu)
[2026-04-29 08:36:27] [INFO] ⏭️ Bỏ qua trồng cây (chưa có ảnh mẫu)
[2026-04-29 08:36:27] [INFO] 📦 Bắt đầu XỬ LÝ ĐƠN HÀNG...
[2026-04-29 08:36:28] [DEBUG] Screenshot OK: (900, 1600)
[2026-04-29 08:36:29] [INFO] Không tìm thấy dấu chấm than (!) nào
[2026-04-29 08:36:29] [INFO] Đã xử lý 0 đơn hàng
[2026-04-29 08:36:29] [INFO] --- THỐNG KÊ ---
[2026-04-29 08:36:29] [INFO]   Thu hoạch: 0
[2026-04-29 08:36:29] [INFO]   Trồng cây: 0
[2026-04-29 08:36:29] [INFO]   Đơn hàng:  5
[2026-04-29 08:36:29] [INFO]   Lỗi:       0
[2026-04-29 08:36:34] [INFO] ========================================
[2026-04-29 08:36:34] [INFO] 🔄 BẮT ĐẦU CHU KỲ MỚI
[2026-04-29 08:36:34] [INFO] ========================================
[2026-04-29 08:36:34] [INFO] ⏭️ Bỏ qua thu hoạch (chưa có ảnh mẫu)
[2026-04-29 08:36:34] [INFO] ⏭️ Bỏ qua trồng cây (chưa có ảnh mẫu)
[2026-04-29 08:36:34] [INFO] 📦 Bắt đầu XỬ LÝ ĐƠN HÀNG...
[2026-04-29 08:36:35] [DEBUG] Screenshot OK: (900, 1600)
[2026-04-29 08:36:35] [INFO] Không tìm thấy dấu chấm than (!) nào
[2026-04-29 08:36:35] [INFO] Đã xử lý 0 đơn hàng
[2026-04-29 08:36:35] [INFO] --- THỐNG KÊ ---
[2026-04-29 08:36:35] [INFO]   Thu hoạch: 0
[2026-04-29 08:36:35] [INFO]   Trồng cây: 0
[2026-04-29 08:36:35] [INFO]   Đơn hàng:  5
[2026-04-29 08:36:35] [INFO]   Lỗi:       0
[2026-04-29 08:36:40] [INFO] ========================================
[2026-04-29 08:36:40] [INFO] 🔄 BẮT ĐẦU CHU KỲ MỚI
[2026-04-29 08:36:40] [INFO] ========================================
[2026-04-29 08:36:40] [INFO] ⏭️ Bỏ qua thu hoạch (chưa có ảnh mẫu)
[2026-04-29 08:36:40] [INFO] ⏭️ Bỏ qua trồng cây (chưa có ảnh mẫu)
[2026-04-29 08:36:40] [INFO] 📦 Bắt đầu XỬ LÝ ĐƠN HÀNG...
[2026-04-29 08:36:41] [DEBUG] Screenshot OK: (900, 1600)
[2026-04-29 08:36:42] [INFO] Không tìm thấy dấu chấm than (!) nào
[2026-04-29 08:36:42] [INFO] Đã xử lý 0 đơn hàng
[2026-04-29 08:36:42] [INFO] --- THỐNG KÊ ---
[2026-04-29 08:36:42] [INFO]   Thu hoạch: 0
[2026-04-29 08:36:42] [INFO]   Trồng cây: 0
[2026-04-29 08:36:42] [INFO]   Đơn hàng:  5
[2026-04-29 08:36:42] [INFO]   Lỗi:       0
[2026-04-29 08:36:47] [INFO] ========================================
[2026-04-29 08:36:47] [INFO] 🔄 BẮT ĐẦU CHU KỲ MỚI
[2026-04-29 08:36:47] [INFO] ========================================
[2026-04-29 08:36:47] [INFO] ⏭️ Bỏ qua thu hoạch (chưa có ảnh mẫu)
[2026-04-29 08:36:47] [INFO] ⏭️ Bỏ qua trồng cây (chưa có ảnh mẫu)
[2026-04-29 08:36:47] [INFO] 📦 Bắt đầu XỬ LÝ ĐƠN HÀNG...
[2026-04-29 08:36:48] [DEBUG] Screenshot OK: (900, 1600)
[2026-04-29 08:36:49] [INFO] Không tìm thấy dấu chấm than (!) nào
[2026-04-29 08:36:49] [INFO] Đã xử lý 0 đơn hàng
[2026-04-29 08:36:49] [INFO] --- THỐNG KÊ ---
[2026-04-29 08:36:49] [INFO]   Thu hoạch: 0
[2026-04-29 08:36:49] [INFO]   Trồng cây: 0
[2026-04-29 08:36:49] [INFO]   Đơn hàng:  5
[2026-04-29 08:36:49] [INFO]   Lỗi:       0
[2026-04-29 08:36:54] [INFO] ========================================
[2026-04-29 08:36:54] [INFO] 🔄 BẮT ĐẦU CHU KỲ MỚI
[2026-04-29 08:36:54] [INFO] ========================================
[2026-04-29 08:36:54] [INFO] ⏭️ Bỏ qua thu hoạch (chưa có ảnh mẫu)
[2026-04-29 08:36:54] [INFO] ⏭️ Bỏ qua trồng cây (chưa có ảnh mẫu)
[2026-04-29 08:36:54] [INFO] 📦 Bắt đầu XỬ LÝ ĐƠN HÀNG...
[2026-04-29 08:36:55] [DEBUG] Screenshot OK: (900, 1600)
[2026-04-29 08:36:55] [INFO] Không tìm thấy dấu chấm than (!) nào
[2026-04-29 08:36:55] [INFO] Đã xử lý 0 đơn hàng
[2026-04-29 08:36:55] [INFO] --- THỐNG KÊ ---
[2026-04-29 08:36:55] [INFO]   Thu hoạch: 0
[2026-04-29 08:36:55] [INFO]   Trồng cây: 0
[2026-04-29 08:36:55] [INFO]   Đơn hàng:  5
[2026-04-29 08:36:55] [INFO]   Lỗi:       0
[2026-04-29 08:37:00] [INFO] ========================================
[2026-04-29 08:37:00] [INFO] 🔄 BẮT ĐẦU CHU KỲ MỚI
[2026-04-29 08:37:00] [INFO] ========================================
[2026-04-29 08:37:00] [INFO] ⏭️ Bỏ qua thu hoạch (chưa có ảnh mẫu)
[2026-04-29 08:37:00] [INFO] ⏭️ Bỏ qua trồng cây (chưa có ảnh mẫu)
[2026-04-29 08:37:00] [INFO] 📦 Bắt đầu XỬ LÝ ĐƠN HÀNG...
[2026-04-29 08:37:01] [DEBUG] Screenshot OK: (900, 1600)
[2026-04-29 08:37:02] [INFO] Không tìm thấy dấu chấm than (!) nào
[2026-04-29 08:37:02] [INFO] Đã xử lý 0 đơn hàng
[2026-04-29 08:37:02] [INFO] --- THỐNG KÊ ---
[2026-04-29 08:37:02] [INFO]   Thu hoạch: 0
[2026-04-29 08:37:02] [INFO]   Trồng cây: 0
[2026-04-29 08:37:02] [INFO]   Đơn hàng:  5
[2026-04-29 08:37:02] [INFO]   Lỗi:       0
[2026-04-29 08:37:07] [INFO] ========================================
[2026-04-29 08:37:07] [INFO] 🔄 BẮT ĐẦU CHU KỲ MỚI
[2026-04-29 08:37:07] [INFO] ========================================
[2026-04-29 08:37:07] [INFO] ⏭️ Bỏ qua thu hoạch (chưa có ảnh mẫu)
[2026-04-29 08:37:07] [INFO] ⏭️ Bỏ qua trồng cây (chưa có ảnh mẫu)
[2026-04-29 08:37:07] [INFO] 📦 Bắt đầu XỬ LÝ ĐƠN HÀNG...
[2026-04-29 08:37:08] [DEBUG] Screenshot OK: (900, 1600)
[2026-04-29 08:37:08] [INFO] Không tìm thấy dấu chấm than (!) nào
[2026-04-29 08:37:08] [INFO] Đã xử lý 0 đơn hàng
[2026-04-29 08:37:08] [INFO] --- THỐNG KÊ ---
[2026-04-29 08:37:08] [INFO]   Thu hoạch: 0
[2026-04-29 08:37:08] [INFO]   Trồng cây: 0
[2026-04-29 08:37:08] [INFO]   Đơn hàng:  5
[2026-04-29 08:37:08] [INFO]   Lỗi:       0
[2026-04-29 08:37:13] [INFO] ========================================
[2026-04-29 08:37:13] [INFO] 🔄 BẮT ĐẦU CHU KỲ MỚI
[2026-04-29 08:37:13] [INFO] ========================================
[2026-04-29 08:37:13] [INFO] ⏭️ Bỏ qua thu hoạch (chưa có ảnh mẫu)
[2026-04-29 08:37:13] [INFO] ⏭️ Bỏ qua trồng cây (chưa có ảnh mẫu)
[2026-04-29 08:37:13] [INFO] 📦 Bắt đầu XỬ LÝ ĐƠN HÀNG...
[2026-04-29 08:37:14] [DEBUG] Screenshot OK: (900, 1600)
[2026-04-29 08:37:15] [INFO] Không tìm thấy dấu chấm than (!) nào
[2026-04-29 08:37:15] [INFO] Đã xử lý 0 đơn hàng
[2026-04-29 08:37:15] [INFO] --- THỐNG KÊ ---
[2026-04-29 08:37:15] [INFO]   Thu hoạch: 0
[2026-04-29 08:37:15] [INFO]   Trồng cây: 0
[2026-04-29 08:37:15] [INFO]   Đơn hàng:  5
[2026-04-29 08:37:15] [INFO]   Lỗi:       0
[2026-04-29 08:37:20] [INFO] ========================================
[2026-04-29 08:37:20] [INFO] 🔄 BẮT ĐẦU CHU KỲ MỚI
[2026-04-29 08:37:20] [INFO] ========================================
[2026-04-29 08:37:20] [INFO] ⏭️ Bỏ qua thu hoạch (chưa có ảnh mẫu)
[2026-04-29 08:37:20] [INFO] ⏭️ Bỏ qua trồng cây (chưa có ảnh mẫu)
[2026-04-29 08:37:20] [INFO] 📦 Bắt đầu XỬ LÝ ĐƠN HÀNG...
[2026-04-29 08:37:21] [DEBUG] Screenshot OK: (900, 1600)
[2026-04-29 08:37:21] [INFO] Không tìm thấy dấu chấm than (!) nào
[2026-04-29 08:37:21] [INFO] Đã xử lý 0 đơn hàng
[2026-04-29 08:37:21] [INFO] --- THỐNG KÊ ---
[2026-04-29 08:37:21] [INFO]   Thu hoạch: 0
[2026-04-29 08:37:21] [INFO]   Trồng cây: 0
[2026-04-29 08:37:21] [INFO]   Đơn hàng:  5
[2026-04-29 08:37:21] [INFO]   Lỗi:       0
[2026-04-29 08:37:26] [INFO] ========================================
[2026-04-29 08:37:26] [INFO] 🔄 BẮT ĐẦU CHU KỲ MỚI
[2026-04-29 08:37:26] [INFO] ========================================
[2026-04-29 08:37:26] [INFO] ⏭️ Bỏ qua thu hoạch (chưa có ảnh mẫu)
[2026-04-29 08:37:26] [INFO] ⏭️ Bỏ qua trồng cây (chưa có ảnh mẫu)
[2026-04-29 08:37:26] [INFO] 📦 Bắt đầu XỬ LÝ ĐƠN HÀNG...
[2026-04-29 08:37:27] [DEBUG] Screenshot OK: (900, 1600)
[2026-04-29 08:37:28] [INFO] Không tìm thấy dấu chấm than (!) nào
[2026-04-29 08:37:28] [INFO] Đã xử lý 0 đơn hàng
[2026-04-29 08:37:28] [INFO] --- THỐNG KÊ ---
[2026-04-29 08:37:28] [INFO]   Thu hoạch: 0
[2026-04-29 08:37:28] [INFO]   Trồng cây: 0
[2026-04-29 08:37:28] [INFO]   Đơn hàng:  5
[2026-04-29 08:37:28] [INFO]   Lỗi:       0
[2026-04-29 08:37:33] [INFO] ========================================
[2026-04-29 08:37:33] [INFO] 🔄 BẮT ĐẦU CHU KỲ MỚI
[2026-04-29 08:37:33] [INFO] ========================================
[2026-04-29 08:37:33] [INFO] ⏭️ Bỏ qua thu hoạch (chưa có ảnh mẫu)
[2026-04-29 08:37:33] [INFO] ⏭️ Bỏ qua trồng cây (chưa có ảnh mẫu)
[2026-04-29 08:37:33] [INFO] 📦 Bắt đầu XỬ LÝ ĐƠN HÀNG...
[2026-04-29 08:37:34] [DEBUG] Screenshot OK: (900, 1600)
[2026-04-29 08:37:34] [INFO] Không tìm thấy dấu chấm than (!) nào
[2026-04-29 08:37:34] [INFO] Đã xử lý 0 đơn hàng
[2026-04-29 08:37:34] [INFO] --- THỐNG KÊ ---
[2026-04-29 08:37:34] [INFO]   Thu hoạch: 0
[2026-04-29 08:37:34] [INFO]   Trồng cây: 0
[2026-04-29 08:37:34] [INFO]   Đơn hàng:  5
[2026-04-29 08:37:34] [INFO]   Lỗi:       0
[2026-04-29 08:37:39] [INFO] ========================================
[2026-04-29 08:37:39] [INFO] 🔄 BẮT ĐẦU CHU KỲ MỚI
[2026-04-29 08:37:39] [INFO] ========================================
[2026-04-29 08:37:39] [INFO] ⏭️ Bỏ qua thu hoạch (chưa có ảnh mẫu)
[2026-04-29 08:37:39] [INFO] ⏭️ Bỏ qua trồng cây (chưa có ảnh mẫu)
[2026-04-29 08:37:39] [INFO] 📦 Bắt đầu XỬ LÝ ĐƠN HÀNG...
[2026-04-29 08:37:40] [DEBUG] Screenshot OK: (900, 1600)
[2026-04-29 08:37:41] [INFO] Không tìm thấy dấu chấm than (!) nào
[2026-04-29 08:37:41] [INFO] Đã xử lý 0 đơn hàng
[2026-04-29 08:37:41] [INFO] --- THỐNG KÊ ---
[2026-04-29 08:37:41] [INFO]   Thu hoạch: 0
[2026-04-29 08:37:41] [INFO]   Trồng cây: 0
[2026-04-29 08:37:41] [INFO]   Đơn hàng:  5
[2026-04-29 08:37:41] [INFO]   Lỗi:       0
[2026-04-29 08:37:46] [INFO] ========================================
[2026-04-29 08:37:46] [INFO] 🔄 BẮT ĐẦU CHU KỲ MỚI
[2026-04-29 08:37:46] [INFO] ========================================
[2026-04-29 08:37:46] [INFO] ⏭️ Bỏ qua thu hoạch (chưa có ảnh mẫu)
[2026-04-29 08:37:46] [INFO] ⏭️ Bỏ qua trồng cây (chưa có ảnh mẫu)
[2026-04-29 08:37:46] [INFO] 📦 Bắt đầu XỬ LÝ ĐƠN HÀNG...
[2026-04-29 08:37:47] [DEBUG] Screenshot OK: (900, 1600)
[2026-04-29 08:37:48] [INFO] Không tìm thấy dấu chấm than (!) nào
[2026-04-29 08:37:48] [INFO] Đã xử lý 0 đơn hàng
[2026-04-29 08:37:48] [INFO] --- THỐNG KÊ ---
[2026-04-29 08:37:48] [INFO]   Thu hoạch: 0
[2026-04-29 08:37:48] [INFO]   Trồng cây: 0
[2026-04-29 08:37:48] [INFO]   Đơn hàng:  5
[2026-04-29 08:37:48] [INFO]   Lỗi:       0
[2026-04-29 08:37:53] [INFO] ========================================
[2026-04-29 08:37:53] [INFO] 🔄 BẮT ĐẦU CHU KỲ MỚI
[2026-04-29 08:37:53] [INFO] ========================================
[2026-04-29 08:37:53] [INFO] ⏭️ Bỏ qua thu hoạch (chưa có ảnh mẫu)
[2026-04-29 08:37:53] [INFO] ⏭️ Bỏ qua trồng cây (chưa có ảnh mẫu)
[2026-04-29 08:37:53] [INFO] 📦 Bắt đầu XỬ LÝ ĐƠN HÀNG...
[2026-04-29 08:37:53] [DEBUG] Screenshot OK: (900, 1600)
[2026-04-29 08:37:54] [INFO] Không tìm thấy dấu chấm than (!) nào
[2026-04-29 08:37:54] [INFO] Đã xử lý 0 đơn hàng
[2026-04-29 08:37:54] [INFO] --- THỐNG KÊ ---
[2026-04-29 08:37:54] [INFO]   Thu hoạch: 0
[2026-04-29 08:37:54] [INFO]   Trồng cây: 0
[2026-04-29 08:37:54] [INFO]   Đơn hàng:  5
[2026-04-29 08:37:54] [INFO]   Lỗi:       0
[2026-04-29 08:37:59] [INFO] ========================================
[2026-04-29 08:37:59] [INFO] 🔄 BẮT ĐẦU CHU KỲ MỚI
[2026-04-29 08:37:59] [INFO] ========================================
[2026-04-29 08:37:59] [INFO] ⏭️ Bỏ qua thu hoạch (chưa có ảnh mẫu)
[2026-04-29 08:37:59] [INFO] ⏭️ Bỏ qua trồng cây (chưa có ảnh mẫu)
[2026-04-29 08:37:59] [INFO] 📦 Bắt đầu XỬ LÝ ĐƠN HÀNG...
[2026-04-29 08:38:00] [DEBUG] Screenshot OK: (900, 1600)
[2026-04-29 08:38:01] [INFO] Không tìm thấy dấu chấm than (!) nào
[2026-04-29 08:38:01] [INFO] Đã xử lý 0 đơn hàng
[2026-04-29 08:38:01] [INFO] --- THỐNG KÊ ---
[2026-04-29 08:38:01] [INFO]   Thu hoạch: 0
[2026-04-29 08:38:01] [INFO]   Trồng cây: 0
[2026-04-29 08:38:01] [INFO]   Đơn hàng:  5
[2026-04-29 08:38:01] [INFO]   Lỗi:       0
[2026-04-29 08:38:06] [INFO] ========================================
[2026-04-29 08:38:06] [INFO] 🔄 BẮT ĐẦU CHU KỲ MỚI
[2026-04-29 08:38:06] [INFO] ========================================
[2026-04-29 08:38:06] [INFO] ⏭️ Bỏ qua thu hoạch (chưa có ảnh mẫu)
[2026-04-29 08:38:06] [INFO] ⏭️ Bỏ qua trồng cây (chưa có ảnh mẫu)
[2026-04-29 08:38:06] [INFO] 📦 Bắt đầu XỬ LÝ ĐƠN HÀNG...
[2026-04-29 08:38:07] [DEBUG] Screenshot OK: (900, 1600)
[2026-04-29 08:38:07] [INFO] Không tìm thấy dấu chấm than (!) nào
[2026-04-29 08:38:07] [INFO] Đã xử lý 0 đơn hàng
[2026-04-29 08:38:07] [INFO] --- THỐNG KÊ ---
[2026-04-29 08:38:07] [INFO]   Thu hoạch: 0
[2026-04-29 08:38:07] [INFO]   Trồng cây: 0
[2026-04-29 08:38:07] [INFO]   Đơn hàng:  5
[2026-04-29 08:38:07] [INFO]   Lỗi:       0
[2026-04-29 08:38:12] [INFO] ========================================
[2026-04-29 08:38:12] [INFO] 🔄 BẮT ĐẦU CHU KỲ MỚI
[2026-04-29 08:38:12] [INFO] ========================================
[2026-04-29 08:38:12] [INFO] ⏭️ Bỏ qua thu hoạch (chưa có ảnh mẫu)
[2026-04-29 08:38:12] [INFO] ⏭️ Bỏ qua trồng cây (chưa có ảnh mẫu)
[2026-04-29 08:38:12] [INFO] 📦 Bắt đầu XỬ LÝ ĐƠN HÀNG...
[2026-04-29 08:38:13] [DEBUG] Screenshot OK: (900, 1600)
[2026-04-29 08:38:14] [INFO] Không tìm thấy dấu chấm than (!) nào
[2026-04-29 08:38:14] [INFO] Đã xử lý 0 đơn hàng
[2026-04-29 08:38:14] [INFO] --- THỐNG KÊ ---
[2026-04-29 08:38:14] [INFO]   Thu hoạch: 0
[2026-04-29 08:38:14] [INFO]   Trồng cây: 0
[2026-04-29 08:38:14] [INFO]   Đơn hàng:  5
[2026-04-29 08:38:14] [INFO]   Lỗi:       0
[2026-04-29 08:38:19] [INFO] ========================================
[2026-04-29 08:38:19] [INFO] 🔄 BẮT ĐẦU CHU KỲ MỚI
[2026-04-29 08:38:19] [INFO] ========================================
[2026-04-29 08:38:19] [INFO] ⏭️ Bỏ qua thu hoạch (chưa có ảnh mẫu)
[2026-04-29 08:38:19] [INFO] ⏭️ Bỏ qua trồng cây (chưa có ảnh mẫu)
[2026-04-29 08:38:19] [INFO] 📦 Bắt đầu XỬ LÝ ĐƠN HÀNG...
[2026-04-29 08:38:20] [DEBUG] Screenshot OK: (900, 1600)
[2026-04-29 08:38:20] [INFO] Không tìm thấy dấu chấm than (!) nào
[2026-04-29 08:38:20] [INFO] Đã xử lý 0 đơn hàng
[2026-04-29 08:38:20] [INFO] --- THỐNG KÊ ---
[2026-04-29 08:38:20] [INFO]   Thu hoạch: 0
[2026-04-29 08:38:20] [INFO]   Trồng cây: 0
[2026-04-29 08:38:20] [INFO]   Đơn hàng:  5
[2026-04-29 08:38:20] [INFO]   Lỗi:       0
[2026-04-29 08:38:25] [INFO] ========================================
[2026-04-29 08:38:25] [INFO] 🔄 BẮT ĐẦU CHU KỲ MỚI
[2026-04-29 08:38:25] [INFO] ========================================
[2026-04-29 08:38:25] [INFO] ⏭️ Bỏ qua thu hoạch (chưa có ảnh mẫu)
[2026-04-29 08:38:25] [INFO] ⏭️ Bỏ qua trồng cây (chưa có ảnh mẫu)
[2026-04-29 08:38:25] [INFO] 📦 Bắt đầu XỬ LÝ ĐƠN HÀNG...
[2026-04-29 08:38:26] [DEBUG] Screenshot OK: (900, 1600)
[2026-04-29 08:38:27] [INFO] Không tìm thấy dấu chấm than (!) nào
[2026-04-29 08:38:27] [INFO] Đã xử lý 0 đơn hàng
[2026-04-29 08:38:27] [INFO] --- THỐNG KÊ ---
[2026-04-29 08:38:27] [INFO]   Thu hoạch: 0
[2026-04-29 08:38:27] [INFO]   Trồng cây: 0
[2026-04-29 08:38:27] [INFO]   Đơn hàng:  5
[2026-04-29 08:38:27] [INFO]   Lỗi:       0
[2026-04-29 08:38:32] [INFO] ========================================
[2026-04-29 08:38:32] [INFO] 🔄 BẮT ĐẦU CHU KỲ MỚI
[2026-04-29 08:38:32] [INFO] ========================================
[2026-04-29 08:38:32] [INFO] ⏭️ Bỏ qua thu hoạch (chưa có ảnh mẫu)
[2026-04-29 08:38:32] [INFO] ⏭️ Bỏ qua trồng cây (chưa có ảnh mẫu)
[2026-04-29 08:38:32] [INFO] 📦 Bắt đầu XỬ LÝ ĐƠN HÀNG...
[2026-04-29 08:38:33] [DEBUG] Screenshot OK: (900, 1600)
[2026-04-29 08:38:33] [INFO] Không tìm thấy dấu chấm than (!) nào
[2026-04-29 08:38:33] [INFO] Đã xử lý 0 đơn hàng
[2026-04-29 08:38:33] [INFO] --- THỐNG KÊ ---
[2026-04-29 08:38:33] [INFO]   Thu hoạch: 0
[2026-04-29 08:38:33] [INFO]   Trồng cây: 0
[2026-04-29 08:38:33] [INFO]   Đơn hàng:  5
[2026-04-29 08:38:33] [INFO]   Lỗi:       0
[2026-04-29 08:38:38] [INFO] ========================================
[2026-04-29 08:38:38] [INFO] 🔄 BẮT ĐẦU CHU KỲ MỚI
[2026-04-29 08:38:38] [INFO] ========================================
[2026-04-29 08:38:38] [INFO] ⏭️ Bỏ qua thu hoạch (chưa có ảnh mẫu)
[2026-04-29 08:38:38] [INFO] ⏭️ Bỏ qua trồng cây (chưa có ảnh mẫu)
[2026-04-29 08:38:38] [INFO] 📦 Bắt đầu XỬ LÝ ĐƠN HÀNG...
[2026-04-29 08:38:39] [DEBUG] Screenshot OK: (900, 1600)
[2026-04-29 08:38:40] [INFO] Không tìm thấy dấu chấm than (!) nào
[2026-04-29 08:38:40] [INFO] Đã xử lý 0 đơn hàng
[2026-04-29 08:38:40] [INFO] --- THỐNG KÊ ---
[2026-04-29 08:38:40] [INFO]   Thu hoạch: 0
[2026-04-29 08:38:40] [INFO]   Trồng cây: 0
[2026-04-29 08:38:40] [INFO]   Đơn hàng:  5
[2026-04-29 08:38:40] [INFO]   Lỗi:       0
[2026-04-29 08:38:45] [INFO] ========================================
[2026-04-29 08:38:45] [INFO] 🔄 BẮT ĐẦU CHU KỲ MỚI
[2026-04-29 08:38:45] [INFO] ========================================
[2026-04-29 08:38:45] [INFO] ⏭️ Bỏ qua thu hoạch (chưa có ảnh mẫu)
[2026-04-29 08:38:45] [INFO] ⏭️ Bỏ qua trồng cây (chưa có ảnh mẫu)
[2026-04-29 08:38:45] [INFO] 📦 Bắt đầu XỬ LÝ ĐƠN HÀNG...
[2026-04-29 08:38:46] [DEBUG] Screenshot OK: (900, 1600)
[2026-04-29 08:38:46] [INFO] Không tìm thấy dấu chấm than (!) nào
[2026-04-29 08:38:46] [INFO] Đã xử lý 0 đơn hàng
[2026-04-29 08:38:46] [INFO] --- THỐNG KÊ ---
[2026-04-29 08:38:46] [INFO]   Thu hoạch: 0
[2026-04-29 08:38:46] [INFO]   Trồng cây: 0
[2026-04-29 08:38:46] [INFO]   Đơn hàng:  5
[2026-04-29 08:38:46] [INFO]   Lỗi:       0
[2026-04-29 08:38:51] [INFO] ========================================
[2026-04-29 08:38:51] [INFO] 🔄 BẮT ĐẦU CHU KỲ MỚI
[2026-04-29 08:38:51] [INFO] ========================================
[2026-04-29 08:38:51] [INFO] ⏭️ Bỏ qua thu hoạch (chưa có ảnh mẫu)
[2026-04-29 08:38:51] [INFO] ⏭️ Bỏ qua trồng cây (chưa có ảnh mẫu)
[2026-04-29 08:38:51] [INFO] 📦 Bắt đầu XỬ LÝ ĐƠN HÀNG...
[2026-04-29 08:38:52] [DEBUG] Screenshot OK: (900, 1600)
[2026-04-29 08:38:53] [INFO] Không tìm thấy dấu chấm than (!) nào
[2026-04-29 08:38:53] [INFO] Đã xử lý 0 đơn hàng
[2026-04-29 08:38:53] [INFO] --- THỐNG KÊ ---
[2026-04-29 08:38:53] [INFO]   Thu hoạch: 0
[2026-04-29 08:38:53] [INFO]   Trồng cây: 0
[2026-04-29 08:38:53] [INFO]   Đơn hàng:  5
[2026-04-29 08:38:53] [INFO]   Lỗi:       0
[2026-04-29 08:38:58] [INFO] ========================================
[2026-04-29 08:38:58] [INFO] 🔄 BẮT ĐẦU CHU KỲ MỚI
[2026-04-29 08:38:58] [INFO] ========================================
[2026-04-29 08:38:58] [INFO] ⏭️ Bỏ qua thu hoạch (chưa có ảnh mẫu)
[2026-04-29 08:38:58] [INFO] ⏭️ Bỏ qua trồng cây (chưa có ảnh mẫu)
[2026-04-29 08:38:58] [INFO] 📦 Bắt đầu XỬ LÝ ĐƠN HÀNG...
[2026-04-29 08:38:59] [DEBUG] Screenshot OK: (900, 1600)
[2026-04-29 08:38:59] [INFO] Không tìm thấy dấu chấm than (!) nào
[2026-04-29 08:38:59] [INFO] Đã xử lý 0 đơn hàng
[2026-04-29 08:38:59] [INFO] --- THỐNG KÊ ---
[2026-04-29 08:38:59] [INFO]   Thu hoạch: 0
[2026-04-29 08:38:59] [INFO]   Trồng cây: 0
[2026-04-29 08:38:59] [INFO]   Đơn hàng:  5
[2026-04-29 08:38:59] [INFO]   Lỗi:       0
[2026-04-29 08:39:04] [INFO] ========================================
[2026-04-29 08:39:04] [INFO] 🔄 BẮT ĐẦU CHU KỲ MỚI
[2026-04-29 08:39:04] [INFO] ========================================
[2026-04-29 08:39:04] [INFO] ⏭️ Bỏ qua thu hoạch (chưa có ảnh mẫu)
[2026-04-29 08:39:04] [INFO] ⏭️ Bỏ qua trồng cây (chưa có ảnh mẫu)
[2026-04-29 08:39:04] [INFO] 📦 Bắt đầu XỬ LÝ ĐƠN HÀNG...
[2026-04-29 08:39:05] [DEBUG] Screenshot OK: (900, 1600)
[2026-04-29 08:39:06] [INFO] Không tìm thấy dấu chấm than (!) nào
[2026-04-29 08:39:06] [INFO] Đã xử lý 0 đơn hàng
[2026-04-29 08:39:06] [INFO] --- THỐNG KÊ ---
[2026-04-29 08:39:06] [INFO]   Thu hoạch: 0
[2026-04-29 08:39:06] [INFO]   Trồng cây: 0
[2026-04-29 08:39:06] [INFO]   Đơn hàng:  5
[2026-04-29 08:39:06] [INFO]   Lỗi:       0
[2026-04-29 08:39:11] [INFO] ========================================
[2026-04-29 08:39:11] [INFO] 🔄 BẮT ĐẦU CHU KỲ MỚI
[2026-04-29 08:39:11] [INFO] ========================================
[2026-04-29 08:39:11] [INFO] ⏭️ Bỏ qua thu hoạch (chưa có ảnh mẫu)
[2026-04-29 08:39:11] [INFO] ⏭️ Bỏ qua trồng cây (chưa có ảnh mẫu)
[2026-04-29 08:39:11] [INFO] 📦 Bắt đầu XỬ LÝ ĐƠN HÀNG...
[2026-04-29 08:39:12] [DEBUG] Screenshot OK: (900, 1600)
[2026-04-29 08:39:12] [INFO] Tìm thấy 1 dấu (!): 1 đỏ, 0 vàng
[2026-04-29 08:39:12] [INFO]   🔴 Click dấu (!) red tại (557, 391) conf=1.00
[2026-04-29 08:39:13] [DEBUG] Tap: (557, 391)
[2026-04-29 08:39:17] [DEBUG] Screenshot OK: (900, 1600)
[2026-04-29 08:39:17] [DEBUG] Found btn_chua_co_hang.png at (275,1277) conf=1.000
[2026-04-29 08:39:17] [DEBUG] Tap: (275, 1277)
[2026-04-29 08:39:17] [INFO] Tap btn_chua_co_hang.png at (275,1277)
[2026-04-29 08:39:17] [INFO]   ✅ Đã click 'Chưa có hàng'
[2026-04-29 08:39:18] [INFO]   ✅ Xử lý đơn #1
[2026-04-29 08:39:22] [DEBUG] Screenshot OK: (900, 1600)
[2026-04-29 08:39:23] [INFO] Đã xử lý 1 đơn hàng
[2026-04-29 08:39:23] [INFO] --- THỐNG KÊ ---
[2026-04-29 08:39:23] [INFO]   Thu hoạch: 0
[2026-04-29 08:39:23] [INFO]   Trồng cây: 0
[2026-04-29 08:39:23] [INFO]   Đơn hàng:  6
[2026-04-29 08:39:23] [INFO]   Lỗi:       0
[2026-04-29 08:39:28] [INFO] ========================================
[2026-04-29 08:39:28] [INFO] 🔄 BẮT ĐẦU CHU KỲ MỚI
[2026-04-29 08:39:28] [INFO] ========================================
[2026-04-29 08:39:28] [INFO] ⏭️ Bỏ qua thu hoạch (chưa có ảnh mẫu)
[2026-04-29 08:39:28] [INFO] ⏭️ Bỏ qua trồng cây (chưa có ảnh mẫu)
[2026-04-29 08:39:28] [INFO] 📦 Bắt đầu XỬ LÝ ĐƠN HÀNG...
[2026-04-29 08:39:29] [DEBUG] Screenshot OK: (900, 1600)
[2026-04-29 08:39:29] [INFO] Không tìm thấy dấu chấm than (!) nào
[2026-04-29 08:39:29] [INFO] Đã xử lý 0 đơn hàng
[2026-04-29 08:39:29] [INFO] --- THỐNG KÊ ---
[2026-04-29 08:39:29] [INFO]   Thu hoạch: 0
[2026-04-29 08:39:29] [INFO]   Trồng cây: 0
[2026-04-29 08:39:29] [INFO]   Đơn hàng:  6
[2026-04-29 08:39:29] [INFO]   Lỗi:       0
[2026-04-29 08:39:34] [INFO] ========================================
[2026-04-29 08:39:34] [INFO] 🔄 BẮT ĐẦU CHU KỲ MỚI
[2026-04-29 08:39:34] [INFO] ========================================
[2026-04-29 08:39:34] [INFO] ⏭️ Bỏ qua thu hoạch (chưa có ảnh mẫu)
[2026-04-29 08:39:34] [INFO] ⏭️ Bỏ qua trồng cây (chưa có ảnh mẫu)
[2026-04-29 08:39:34] [INFO] 📦 Bắt đầu XỬ LÝ ĐƠN HÀNG...
[2026-04-29 08:39:35] [DEBUG] Screenshot OK: (900, 1600)
[2026-04-29 08:39:36] [INFO] Không tìm thấy dấu chấm than (!) nào
[2026-04-29 08:39:36] [INFO] Đã xử lý 0 đơn hàng
[2026-04-29 08:39:36] [INFO] --- THỐNG KÊ ---
[2026-04-29 08:39:36] [INFO]   Thu hoạch: 0
[2026-04-29 08:39:36] [INFO]   Trồng cây: 0
[2026-04-29 08:39:36] [INFO]   Đơn hàng:  6
[2026-04-29 08:39:36] [INFO]   Lỗi:       0
[2026-04-29 08:39:41] [INFO] ========================================
[2026-04-29 08:39:41] [INFO] 🔄 BẮT ĐẦU CHU KỲ MỚI
[2026-04-29 08:39:41] [INFO] ========================================
[2026-04-29 08:39:41] [INFO] ⏭️ Bỏ qua thu hoạch (chưa có ảnh mẫu)
[2026-04-29 08:39:41] [INFO] ⏭️ Bỏ qua trồng cây (chưa có ảnh mẫu)
[2026-04-29 08:39:41] [INFO] 📦 Bắt đầu XỬ LÝ ĐƠN HÀNG...
[2026-04-29 08:39:42] [DEBUG] Screenshot OK: (900, 1600)
[2026-04-29 08:39:43] [INFO] Không tìm thấy dấu chấm than (!) nào
[2026-04-29 08:39:43] [INFO] Đã xử lý 0 đơn hàng
[2026-04-29 08:39:43] [INFO] --- THỐNG KÊ ---
[2026-04-29 08:39:43] [INFO]   Thu hoạch: 0
[2026-04-29 08:39:43] [INFO]   Trồng cây: 0
[2026-04-29 08:39:43] [INFO]   Đơn hàng:  6
[2026-04-29 08:39:43] [INFO]   Lỗi:       0
[2026-04-29 08:39:48] [INFO] ========================================
[2026-04-29 08:39:48] [INFO] 🔄 BẮT ĐẦU CHU KỲ MỚI
[2026-04-29 08:39:48] [INFO] ========================================
[2026-04-29 08:39:48] [INFO] ⏭️ Bỏ qua thu hoạch (chưa có ảnh mẫu)
[2026-04-29 08:39:48] [INFO] ⏭️ Bỏ qua trồng cây (chưa có ảnh mẫu)
[2026-04-29 08:39:48] [INFO] 📦 Bắt đầu XỬ LÝ ĐƠN HÀNG...
[2026-04-29 08:39:49] [DEBUG] Screenshot OK: (900, 1600)
[2026-04-29 08:39:49] [INFO] Không tìm thấy dấu chấm than (!) nào
[2026-04-29 08:39:49] [INFO] Đã xử lý 0 đơn hàng
[2026-04-29 08:39:49] [INFO] --- THỐNG KÊ ---
[2026-04-29 08:39:49] [INFO]   Thu hoạch: 0
[2026-04-29 08:39:49] [INFO]   Trồng cây: 0
[2026-04-29 08:39:49] [INFO]   Đơn hàng:  6
[2026-04-29 08:39:49] [INFO]   Lỗi:       0
[2026-04-29 08:39:54] [INFO] ========================================
[2026-04-29 08:39:54] [INFO] 🔄 BẮT ĐẦU CHU KỲ MỚI
[2026-04-29 08:39:54] [INFO] ========================================
[2026-04-29 08:39:54] [INFO] ⏭️ Bỏ qua thu hoạch (chưa có ảnh mẫu)
[2026-04-29 08:39:54] [INFO] ⏭️ Bỏ qua trồng cây (chưa có ảnh mẫu)
[2026-04-29 08:39:54] [INFO] 📦 Bắt đầu XỬ LÝ ĐƠN HÀNG...
[2026-04-29 08:39:55] [DEBUG] Screenshot OK: (900, 1600)
[2026-04-29 08:39:56] [INFO] Không tìm thấy dấu chấm than (!) nào
[2026-04-29 08:39:56] [INFO] Đã xử lý 0 đơn hàng
[2026-04-29 08:39:56] [INFO] --- THỐNG KÊ ---
[2026-04-29 08:39:56] [INFO]   Thu hoạch: 0
[2026-04-29 08:39:56] [INFO]   Trồng cây: 0
[2026-04-29 08:39:56] [INFO]   Đơn hàng:  6
[2026-04-29 08:39:56] [INFO]   Lỗi:       0
[2026-04-29 08:40:01] [INFO] ========================================
[2026-04-29 08:40:01] [INFO] 🔄 BẮT ĐẦU CHU KỲ MỚI
[2026-04-29 08:40:01] [INFO] ========================================
[2026-04-29 08:40:01] [INFO] ⏭️ Bỏ qua thu hoạch (chưa có ảnh mẫu)
[2026-04-29 08:40:01] [INFO] ⏭️ Bỏ qua trồng cây (chưa có ảnh mẫu)
[2026-04-29 08:40:01] [INFO] 📦 Bắt đầu XỬ LÝ ĐƠN HÀNG...
[2026-04-29 08:40:02] [DEBUG] Screenshot OK: (900, 1600)
[2026-04-29 08:40:02] [INFO] Không tìm thấy dấu chấm than (!) nào
[2026-04-29 08:40:02] [INFO] Đã xử lý 0 đơn hàng
[2026-04-29 08:40:02] [INFO] --- THỐNG KÊ ---
[2026-04-29 08:40:02] [INFO]   Thu hoạch: 0
[2026-04-29 08:40:02] [INFO]   Trồng cây: 0
[2026-04-29 08:40:02] [INFO]   Đơn hàng:  6
[2026-04-29 08:40:02] [INFO]   Lỗi:       0
[2026-04-29 08:40:07] [INFO] ========================================
[2026-04-29 08:40:07] [INFO] 🔄 BẮT ĐẦU CHU KỲ MỚI
[2026-04-29 08:40:07] [INFO] ========================================
[2026-04-29 08:40:07] [INFO] ⏭️ Bỏ qua thu hoạch (chưa có ảnh mẫu)
[2026-04-29 08:40:07] [INFO] ⏭️ Bỏ qua trồng cây (chưa có ảnh mẫu)
[2026-04-29 08:40:07] [INFO] 📦 Bắt đầu XỬ LÝ ĐƠN HÀNG...
[2026-04-29 08:40:08] [DEBUG] Screenshot OK: (900, 1600)
[2026-04-29 08:40:09] [INFO] Không tìm thấy dấu chấm than (!) nào
[2026-04-29 08:40:09] [INFO] Đã xử lý 0 đơn hàng
[2026-04-29 08:40:09] [INFO] --- THỐNG KÊ ---
[2026-04-29 08:40:09] [INFO]   Thu hoạch: 0
[2026-04-29 08:40:09] [INFO]   Trồng cây: 0
[2026-04-29 08:40:09] [INFO]   Đơn hàng:  6
[2026-04-29 08:40:09] [INFO]   Lỗi:       0
[2026-04-29 08:40:14] [INFO] ========================================
[2026-04-29 08:40:14] [INFO] 🔄 BẮT ĐẦU CHU KỲ MỚI
[2026-04-29 08:40:14] [INFO] ========================================
[2026-04-29 08:40:14] [INFO] ⏭️ Bỏ qua thu hoạch (chưa có ảnh mẫu)
[2026-04-29 08:40:14] [INFO] ⏭️ Bỏ qua trồng cây (chưa có ảnh mẫu)
[2026-04-29 08:40:14] [INFO] 📦 Bắt đầu XỬ LÝ ĐƠN HÀNG...
[2026-04-29 08:40:15] [DEBUG] Screenshot OK: (900, 1600)
[2026-04-29 08:40:15] [INFO] Không tìm thấy dấu chấm than (!) nào
[2026-04-29 08:40:15] [INFO] Đã xử lý 0 đơn hàng
[2026-04-29 08:40:15] [INFO] --- THỐNG KÊ ---
[2026-04-29 08:40:15] [INFO]   Thu hoạch: 0
[2026-04-29 08:40:15] [INFO]   Trồng cây: 0
[2026-04-29 08:40:15] [INFO]   Đơn hàng:  6
[2026-04-29 08:40:15] [INFO]   Lỗi:       0
[2026-04-29 08:40:20] [INFO] ========================================
[2026-04-29 08:40:20] [INFO] 🔄 BẮT ĐẦU CHU KỲ MỚI
[2026-04-29 08:40:20] [INFO] ========================================
[2026-04-29 08:40:20] [INFO] ⏭️ Bỏ qua thu hoạch (chưa có ảnh mẫu)
[2026-04-29 08:40:20] [INFO] ⏭️ Bỏ qua trồng cây (chưa có ảnh mẫu)
[2026-04-29 08:40:20] [INFO] 📦 Bắt đầu XỬ LÝ ĐƠN HÀNG...
[2026-04-29 08:40:21] [DEBUG] Screenshot OK: (900, 1600)
[2026-04-29 08:40:22] [INFO] Không tìm thấy dấu chấm than (!) nào
[2026-04-29 08:40:22] [INFO] Đã xử lý 0 đơn hàng
[2026-04-29 08:40:22] [INFO] --- THỐNG KÊ ---
[2026-04-29 08:40:22] [INFO]   Thu hoạch: 0
[2026-04-29 08:40:22] [INFO]   Trồng cây: 0
[2026-04-29 08:40:22] [INFO]   Đơn hàng:  6
[2026-04-29 08:40:22] [INFO]   Lỗi:       0
[2026-04-29 08:40:27] [INFO] ========================================
[2026-04-29 08:40:27] [INFO] 🔄 BẮT ĐẦU CHU KỲ MỚI
[2026-04-29 08:40:27] [INFO] ========================================
[2026-04-29 08:40:27] [INFO] ⏭️ Bỏ qua thu hoạch (chưa có ảnh mẫu)
[2026-04-29 08:40:27] [INFO] ⏭️ Bỏ qua trồng cây (chưa có ảnh mẫu)
[2026-04-29 08:40:27] [INFO] 📦 Bắt đầu XỬ LÝ ĐƠN HÀNG...
[2026-04-29 08:40:28] [DEBUG] Screenshot OK: (900, 1600)
[2026-04-29 08:40:28] [INFO] Không tìm thấy dấu chấm than (!) nào
[2026-04-29 08:40:28] [INFO] Đã xử lý 0 đơn hàng
[2026-04-29 08:40:28] [INFO] --- THỐNG KÊ ---
[2026-04-29 08:40:28] [INFO]   Thu hoạch: 0
[2026-04-29 08:40:28] [INFO]   Trồng cây: 0
[2026-04-29 08:40:28] [INFO]   Đơn hàng:  6
[2026-04-29 08:40:28] [INFO]   Lỗi:       0
[2026-04-29 08:40:33] [INFO] ========================================
[2026-04-29 08:40:33] [INFO] 🔄 BẮT ĐẦU CHU KỲ MỚI
[2026-04-29 08:40:33] [INFO] ========================================
[2026-04-29 08:40:33] [INFO] ⏭️ Bỏ qua thu hoạch (chưa có ảnh mẫu)
[2026-04-29 08:40:33] [INFO] ⏭️ Bỏ qua trồng cây (chưa có ảnh mẫu)
[2026-04-29 08:40:33] [INFO] 📦 Bắt đầu XỬ LÝ ĐƠN HÀNG...
[2026-04-29 08:40:34] [DEBUG] Screenshot OK: (900, 1600)
[2026-04-29 08:40:35] [INFO] Không tìm thấy dấu chấm than (!) nào
[2026-04-29 08:40:35] [INFO] Đã xử lý 0 đơn hàng
[2026-04-29 08:40:35] [INFO] --- THỐNG KÊ ---
[2026-04-29 08:40:35] [INFO]   Thu hoạch: 0
[2026-04-29 08:40:35] [INFO]   Trồng cây: 0
[2026-04-29 08:40:35] [INFO]   Đơn hàng:  6
[2026-04-29 08:40:35] [INFO]   Lỗi:       0
[2026-04-29 08:40:40] [INFO] ========================================
[2026-04-29 08:40:40] [INFO] 🔄 BẮT ĐẦU CHU KỲ MỚI
[2026-04-29 08:40:40] [INFO] ========================================
[2026-04-29 08:40:40] [INFO] ⏭️ Bỏ qua thu hoạch (chưa có ảnh mẫu)
[2026-04-29 08:40:40] [INFO] ⏭️ Bỏ qua trồng cây (chưa có ảnh mẫu)
[2026-04-29 08:40:40] [INFO] 📦 Bắt đầu XỬ LÝ ĐƠN HÀNG...
[2026-04-29 08:40:41] [DEBUG] Screenshot OK: (900, 1600)
[2026-04-29 08:40:42] [INFO] Không tìm thấy dấu chấm than (!) nào
[2026-04-29 08:40:42] [INFO] Đã xử lý 0 đơn hàng
[2026-04-29 08:40:42] [INFO] --- THỐNG KÊ ---
[2026-04-29 08:40:42] [INFO]   Thu hoạch: 0
[2026-04-29 08:40:42] [INFO]   Trồng cây: 0
[2026-04-29 08:40:42] [INFO]   Đơn hàng:  6
[2026-04-29 08:40:42] [INFO]   Lỗi:       0
[2026-04-29 08:40:47] [INFO] ========================================
[2026-04-29 08:40:47] [INFO] 🔄 BẮT ĐẦU CHU KỲ MỚI
[2026-04-29 08:40:47] [INFO] ========================================
[2026-04-29 08:40:47] [INFO] ⏭️ Bỏ qua thu hoạch (chưa có ảnh mẫu)
[2026-04-29 08:40:47] [INFO] ⏭️ Bỏ qua trồng cây (chưa có ảnh mẫu)
[2026-04-29 08:40:47] [INFO] 📦 Bắt đầu XỬ LÝ ĐƠN HÀNG...
[2026-04-29 08:40:48] [DEBUG] Screenshot OK: (900, 1600)
[2026-04-29 08:40:48] [INFO] Không tìm thấy dấu chấm than (!) nào
[2026-04-29 08:40:48] [INFO] Đã xử lý 0 đơn hàng
[2026-04-29 08:40:48] [INFO] --- THỐNG KÊ ---
[2026-04-29 08:40:48] [INFO]   Thu hoạch: 0
[2026-04-29 08:40:48] [INFO]   Trồng cây: 0
[2026-04-29 08:40:48] [INFO]   Đơn hàng:  6
[2026-04-29 08:40:48] [INFO]   Lỗi:       0
[2026-04-29 08:40:53] [INFO] ========================================
[2026-04-29 08:40:53] [INFO] 🔄 BẮT ĐẦU CHU KỲ MỚI
[2026-04-29 08:40:53] [INFO] ========================================
[2026-04-29 08:40:53] [INFO] ⏭️ Bỏ qua thu hoạch (chưa có ảnh mẫu)
[2026-04-29 08:40:53] [INFO] ⏭️ Bỏ qua trồng cây (chưa có ảnh mẫu)
[2026-04-29 08:40:53] [INFO] 📦 Bắt đầu XỬ LÝ ĐƠN HÀNG...
[2026-04-29 08:40:54] [DEBUG] Screenshot OK: (900, 1600)
[2026-04-29 08:40:55] [INFO] Không tìm thấy dấu chấm than (!) nào
[2026-04-29 08:40:55] [INFO] Đã xử lý 0 đơn hàng
[2026-04-29 08:40:55] [INFO] --- THỐNG KÊ ---
[2026-04-29 08:40:55] [INFO]   Thu hoạch: 0
[2026-04-29 08:40:55] [INFO]   Trồng cây: 0
[2026-04-29 08:40:55] [INFO]   Đơn hàng:  6
[2026-04-29 08:40:55] [INFO]   Lỗi:       0
[2026-04-29 08:41:00] [INFO] ========================================
[2026-04-29 08:41:00] [INFO] 🔄 BẮT ĐẦU CHU KỲ MỚI
[2026-04-29 08:41:00] [INFO] ========================================
[2026-04-29 08:41:00] [INFO] ⏭️ Bỏ qua thu hoạch (chưa có ảnh mẫu)
[2026-04-29 08:41:00] [INFO] ⏭️ Bỏ qua trồng cây (chưa có ảnh mẫu)
[2026-04-29 08:41:00] [INFO] 📦 Bắt đầu XỬ LÝ ĐƠN HÀNG...
[2026-04-29 08:41:01] [DEBUG] Screenshot OK: (900, 1600)
[2026-04-29 08:41:01] [INFO] Không tìm thấy dấu chấm than (!) nào
[2026-04-29 08:41:01] [INFO] Đã xử lý 0 đơn hàng
[2026-04-29 08:41:01] [INFO] --- THỐNG KÊ ---
[2026-04-29 08:41:01] [INFO]   Thu hoạch: 0
[2026-04-29 08:41:01] [INFO]   Trồng cây: 0
[2026-04-29 08:41:01] [INFO]   Đơn hàng:  6
[2026-04-29 08:41:01] [INFO]   Lỗi:       0
[2026-04-29 08:41:06] [INFO] ========================================
[2026-04-29 08:41:06] [INFO] 🔄 BẮT ĐẦU CHU KỲ MỚI
[2026-04-29 08:41:06] [INFO] ========================================
[2026-04-29 08:41:06] [INFO] ⏭️ Bỏ qua thu hoạch (chưa có ảnh mẫu)
[2026-04-29 08:41:06] [INFO] ⏭️ Bỏ qua trồng cây (chưa có ảnh mẫu)
[2026-04-29 08:41:06] [INFO] 📦 Bắt đầu XỬ LÝ ĐƠN HÀNG...
[2026-04-29 08:41:07] [DEBUG] Screenshot OK: (900, 1600)
[2026-04-29 08:41:08] [INFO] Không tìm thấy dấu chấm than (!) nào
[2026-04-29 08:41:08] [INFO] Đã xử lý 0 đơn hàng
[2026-04-29 08:41:08] [INFO] --- THỐNG KÊ ---
[2026-04-29 08:41:08] [INFO]   Thu hoạch: 0
[2026-04-29 08:41:08] [INFO]   Trồng cây: 0
[2026-04-29 08:41:08] [INFO]   Đơn hàng:  6
[2026-04-29 08:41:08] [INFO]   Lỗi:       0
[2026-04-29 08:41:13] [INFO] ========================================
[2026-04-29 08:41:13] [INFO] 🔄 BẮT ĐẦU CHU KỲ MỚI
[2026-04-29 08:41:13] [INFO] ========================================
[2026-04-29 08:41:13] [INFO] ⏭️ Bỏ qua thu hoạch (chưa có ảnh mẫu)
[2026-04-29 08:41:13] [INFO] ⏭️ Bỏ qua trồng cây (chưa có ảnh mẫu)
[2026-04-29 08:41:13] [INFO] 📦 Bắt đầu XỬ LÝ ĐƠN HÀNG...
[2026-04-29 08:41:14] [DEBUG] Screenshot OK: (900, 1600)
[2026-04-29 08:41:14] [INFO] Không tìm thấy dấu chấm than (!) nào
[2026-04-29 08:41:14] [INFO] Đã xử lý 0 đơn hàng
[2026-04-29 08:41:14] [INFO] --- THỐNG KÊ ---
[2026-04-29 08:41:14] [INFO]   Thu hoạch: 0
[2026-04-29 08:41:14] [INFO]   Trồng cây: 0
[2026-04-29 08:41:14] [INFO]   Đơn hàng:  6
[2026-04-29 08:41:14] [INFO]   Lỗi:       0
[2026-04-29 08:41:19] [INFO] ========================================
[2026-04-29 08:41:19] [INFO] 🔄 BẮT ĐẦU CHU KỲ MỚI
[2026-04-29 08:41:19] [INFO] ========================================
[2026-04-29 08:41:19] [INFO] ⏭️ Bỏ qua thu hoạch (chưa có ảnh mẫu)
[2026-04-29 08:41:19] [INFO] ⏭️ Bỏ qua trồng cây (chưa có ảnh mẫu)
[2026-04-29 08:41:19] [INFO] 📦 Bắt đầu XỬ LÝ ĐƠN HÀNG...
[2026-04-29 08:41:20] [DEBUG] Screenshot OK: (900, 1600)
[2026-04-29 08:41:21] [INFO] Không tìm thấy dấu chấm than (!) nào
[2026-04-29 08:41:21] [INFO] Đã xử lý 0 đơn hàng
[2026-04-29 08:41:21] [INFO] --- THỐNG KÊ ---
[2026-04-29 08:41:21] [INFO]   Thu hoạch: 0
[2026-04-29 08:41:21] [INFO]   Trồng cây: 0
[2026-04-29 08:41:21] [INFO]   Đơn hàng:  6
[2026-04-29 08:41:21] [INFO]   Lỗi:       0
[2026-04-29 08:41:26] [INFO] ========================================
[2026-04-29 08:41:26] [INFO] 🔄 BẮT ĐẦU CHU KỲ MỚI
[2026-04-29 08:41:26] [INFO] ========================================
[2026-04-29 08:41:26] [INFO] ⏭️ Bỏ qua thu hoạch (chưa có ảnh mẫu)
[2026-04-29 08:41:26] [INFO] ⏭️ Bỏ qua trồng cây (chưa có ảnh mẫu)
[2026-04-29 08:41:26] [INFO] 📦 Bắt đầu XỬ LÝ ĐƠN HÀNG...
[2026-04-29 08:41:27] [DEBUG] Screenshot OK: (900, 1600)
[2026-04-29 08:41:28] [INFO] Không tìm thấy dấu chấm than (!) nào
[2026-04-29 08:41:28] [INFO] Đã xử lý 0 đơn hàng
[2026-04-29 08:41:28] [INFO] --- THỐNG KÊ ---
[2026-04-29 08:41:28] [INFO]   Thu hoạch: 0
[2026-04-29 08:41:28] [INFO]   Trồng cây: 0
[2026-04-29 08:41:28] [INFO]   Đơn hàng:  6
[2026-04-29 08:41:28] [INFO]   Lỗi:       0
[2026-04-29 08:41:33] [INFO] ========================================
[2026-04-29 08:41:33] [INFO] 🔄 BẮT ĐẦU CHU KỲ MỚI
[2026-04-29 08:41:33] [INFO] ========================================
[2026-04-29 08:41:33] [INFO] ⏭️ Bỏ qua thu hoạch (chưa có ảnh mẫu)
[2026-04-29 08:41:33] [INFO] ⏭️ Bỏ qua trồng cây (chưa có ảnh mẫu)
[2026-04-29 08:41:33] [INFO] 📦 Bắt đầu XỬ LÝ ĐƠN HÀNG...
[2026-04-29 08:41:34] [DEBUG] Screenshot OK: (900, 1600)
[2026-04-29 08:41:34] [INFO] Không tìm thấy dấu chấm than (!) nào
[2026-04-29 08:41:34] [INFO] Đã xử lý 0 đơn hàng
[2026-04-29 08:41:34] [INFO] --- THỐNG KÊ ---
[2026-04-29 08:41:34] [INFO]   Thu hoạch: 0
[2026-04-29 08:41:34] [INFO]   Trồng cây: 0
[2026-04-29 08:41:34] [INFO]   Đơn hàng:  6
[2026-04-29 08:41:34] [INFO]   Lỗi:       0
[2026-04-29 08:41:39] [INFO] ========================================
[2026-04-29 08:41:39] [INFO] 🔄 BẮT ĐẦU CHU KỲ MỚI
[2026-04-29 08:41:39] [INFO] ========================================
[2026-04-29 08:41:39] [INFO] ⏭️ Bỏ qua thu hoạch (chưa có ảnh mẫu)
[2026-04-29 08:41:39] [INFO] ⏭️ Bỏ qua trồng cây (chưa có ảnh mẫu)
[2026-04-29 08:41:39] [INFO] 📦 Bắt đầu XỬ LÝ ĐƠN HÀNG...
[2026-04-29 08:41:40] [DEBUG] Screenshot OK: (900, 1600)
[2026-04-29 08:41:41] [INFO] Không tìm thấy dấu chấm than (!) nào
[2026-04-29 08:41:41] [INFO] Đã xử lý 0 đơn hàng
[2026-04-29 08:41:41] [INFO] --- THỐNG KÊ ---
[2026-04-29 08:41:41] [INFO]   Thu hoạch: 0
[2026-04-29 08:41:41] [INFO]   Trồng cây: 0
[2026-04-29 08:41:41] [INFO]   Đơn hàng:  6
[2026-04-29 08:41:41] [INFO]   Lỗi:       0
[2026-04-29 08:41:46] [INFO] ========================================
[2026-04-29 08:41:46] [INFO] 🔄 BẮT ĐẦU CHU KỲ MỚI
[2026-04-29 08:41:46] [INFO] ========================================
[2026-04-29 08:41:46] [INFO] ⏭️ Bỏ qua thu hoạch (chưa có ảnh mẫu)
[2026-04-29 08:41:46] [INFO] ⏭️ Bỏ qua trồng cây (chưa có ảnh mẫu)
[2026-04-29 08:41:46] [INFO] 📦 Bắt đầu XỬ LÝ ĐƠN HÀNG...
[2026-04-29 08:41:47] [DEBUG] Screenshot OK: (900, 1600)
[2026-04-29 08:41:48] [INFO] Không tìm thấy dấu chấm than (!) nào
[2026-04-29 08:41:48] [INFO] Đã xử lý 0 đơn hàng
[2026-04-29 08:41:48] [INFO] --- THỐNG KÊ ---
[2026-04-29 08:41:48] [INFO]   Thu hoạch: 0
[2026-04-29 08:41:48] [INFO]   Trồng cây: 0
[2026-04-29 08:41:48] [INFO]   Đơn hàng:  6
[2026-04-29 08:41:48] [INFO]   Lỗi:       0
[2026-04-29 08:41:53] [INFO] ========================================
[2026-04-29 08:41:53] [INFO] 🔄 BẮT ĐẦU CHU KỲ MỚI
[2026-04-29 08:41:53] [INFO] ========================================
[2026-04-29 08:41:53] [INFO] ⏭️ Bỏ qua thu hoạch (chưa có ảnh mẫu)
[2026-04-29 08:41:53] [INFO] ⏭️ Bỏ qua trồng cây (chưa có ảnh mẫu)
[2026-04-29 08:41:53] [INFO] 📦 Bắt đầu XỬ LÝ ĐƠN HÀNG...
[2026-04-29 08:41:54] [DEBUG] Screenshot OK: (900, 1600)
[2026-04-29 08:41:54] [INFO] Không tìm thấy dấu chấm than (!) nào
[2026-04-29 08:41:54] [INFO] Đã xử lý 0 đơn hàng
[2026-04-29 08:41:54] [INFO] --- THỐNG KÊ ---
[2026-04-29 08:41:54] [INFO]   Thu hoạch: 0
[2026-04-29 08:41:54] [INFO]   Trồng cây: 0
[2026-04-29 08:41:54] [INFO]   Đơn hàng:  6
[2026-04-29 08:41:54] [INFO]   Lỗi:       0
[2026-04-29 08:41:59] [INFO] ========================================
[2026-04-29 08:41:59] [INFO] 🔄 BẮT ĐẦU CHU KỲ MỚI
[2026-04-29 08:41:59] [INFO] ========================================
[2026-04-29 08:41:59] [INFO] ⏭️ Bỏ qua thu hoạch (chưa có ảnh mẫu)
[2026-04-29 08:41:59] [INFO] ⏭️ Bỏ qua trồng cây (chưa có ảnh mẫu)
[2026-04-29 08:41:59] [INFO] 📦 Bắt đầu XỬ LÝ ĐƠN HÀNG...
[2026-04-29 08:42:00] [DEBUG] Screenshot OK: (900, 1600)
[2026-04-29 08:42:01] [INFO] Không tìm thấy dấu chấm than (!) nào
[2026-04-29 08:42:01] [INFO] Đã xử lý 0 đơn hàng
[2026-04-29 08:42:01] [INFO] --- THỐNG KÊ ---
[2026-04-29 08:42:01] [INFO]   Thu hoạch: 0
[2026-04-29 08:42:01] [INFO]   Trồng cây: 0
[2026-04-29 08:42:01] [INFO]   Đơn hàng:  6
[2026-04-29 08:42:01] [INFO]   Lỗi:       0
[2026-04-29 08:42:06] [INFO] ========================================
[2026-04-29 08:42:06] [INFO] 🔄 BẮT ĐẦU CHU KỲ MỚI
[2026-04-29 08:42:06] [INFO] ========================================
[2026-04-29 08:42:06] [INFO] ⏭️ Bỏ qua thu hoạch (chưa có ảnh mẫu)
[2026-04-29 08:42:06] [INFO] ⏭️ Bỏ qua trồng cây (chưa có ảnh mẫu)
[2026-04-29 08:42:06] [INFO] 📦 Bắt đầu XỬ LÝ ĐƠN HÀNG...
[2026-04-29 08:42:07] [DEBUG] Screenshot OK: (900, 1600)
[2026-04-29 08:42:07] [INFO] Không tìm thấy dấu chấm than (!) nào
[2026-04-29 08:42:07] [INFO] Đã xử lý 0 đơn hàng
[2026-04-29 08:42:07] [INFO] --- THỐNG KÊ ---
[2026-04-29 08:42:07] [INFO]   Thu hoạch: 0
[2026-04-29 08:42:07] [INFO]   Trồng cây: 0
[2026-04-29 08:42:07] [INFO]   Đơn hàng:  6
[2026-04-29 08:42:07] [INFO]   Lỗi:       0
[2026-04-29 08:42:12] [INFO] ========================================
[2026-04-29 08:42:12] [INFO] 🔄 BẮT ĐẦU CHU KỲ MỚI
[2026-04-29 08:42:12] [INFO] ========================================
[2026-04-29 08:42:12] [INFO] ⏭️ Bỏ qua thu hoạch (chưa có ảnh mẫu)
[2026-04-29 08:42:12] [INFO] ⏭️ Bỏ qua trồng cây (chưa có ảnh mẫu)
[2026-04-29 08:42:12] [INFO] 📦 Bắt đầu XỬ LÝ ĐƠN HÀNG...
[2026-04-29 08:42:13] [DEBUG] Screenshot OK: (900, 1600)
[2026-04-29 08:42:14] [INFO] Không tìm thấy dấu chấm than (!) nào
[2026-04-29 08:42:14] [INFO] Đã xử lý 0 đơn hàng
[2026-04-29 08:42:14] [INFO] --- THỐNG KÊ ---
[2026-04-29 08:42:14] [INFO]   Thu hoạch: 0
[2026-04-29 08:42:14] [INFO]   Trồng cây: 0
[2026-04-29 08:42:14] [INFO]   Đơn hàng:  6
[2026-04-29 08:42:14] [INFO]   Lỗi:       0
[2026-04-29 08:42:19] [INFO] ========================================
[2026-04-29 08:42:19] [INFO] 🔄 BẮT ĐẦU CHU KỲ MỚI
[2026-04-29 08:42:19] [INFO] ========================================
[2026-04-29 08:42:19] [INFO] ⏭️ Bỏ qua thu hoạch (chưa có ảnh mẫu)
[2026-04-29 08:42:19] [INFO] ⏭️ Bỏ qua trồng cây (chưa có ảnh mẫu)
[2026-04-29 08:42:19] [INFO] 📦 Bắt đầu XỬ LÝ ĐƠN HÀNG...
[2026-04-29 08:42:20] [DEBUG] Screenshot OK: (900, 1600)
[2026-04-29 08:42:20] [INFO] Không tìm thấy dấu chấm than (!) nào
[2026-04-29 08:42:20] [INFO] Đã xử lý 0 đơn hàng
[2026-04-29 08:42:20] [INFO] --- THỐNG KÊ ---
[2026-04-29 08:42:20] [INFO]   Thu hoạch: 0
[2026-04-29 08:42:20] [INFO]   Trồng cây: 0
[2026-04-29 08:42:20] [INFO]   Đơn hàng:  6
[2026-04-29 08:42:20] [INFO]   Lỗi:       0
[2026-04-29 08:52:38] [INFO] Tìm thấy ADB trong PATH
[2026-04-29 08:52:38] [INFO] ==================================================
[2026-04-29 08:52:38] [INFO] 🌱 KHỞI ĐỘNG AUTO GAME - THẾ GIỚI HOA VIÊN
[2026-04-29 08:52:38] [INFO] ==================================================
[2026-04-29 08:52:38] [INFO] Đang kết nối tới 127.0.0.1:5555...
[2026-04-29 08:52:40] [INFO] ✅ Đã kết nối: 127.0.0.1:5555
[2026-04-29 08:52:40] [INFO] Màn hình: 1600x900
[2026-04-29 08:52:40] [INFO] ========================================
[2026-04-29 08:52:40] [INFO] 🔄 BẮT ĐẦU CHU KỲ MỚI
[2026-04-29 08:52:40] [INFO] ========================================
[2026-04-29 08:52:40] [INFO] ⏭️ Bỏ qua thu hoạch (chưa có ảnh mẫu)
[2026-04-29 08:52:40] [INFO] ⏭️ Bỏ qua trồng cây (chưa có ảnh mẫu)
[2026-04-29 08:52:40] [INFO] 📦 Bắt đầu XỬ LÝ ĐƠN HÀNG...
[2026-04-29 08:52:41] [DEBUG] Screenshot OK: (900, 1600)
[2026-04-29 08:52:42] [INFO] Tìm thấy 3 dấu (!): 3 đỏ, 0 vàng
[2026-04-29 08:52:42] [INFO]   🔴 Click dấu (!) red tại (209, 863) conf=1.00
[2026-04-29 08:52:43] [DEBUG] Tap: (209, 863)
[2026-04-29 08:52:47] [DEBUG] Screenshot OK: (900, 1600)
[2026-04-29 08:52:47] [DEBUG] Found btn_chua_co_hang.png at (275,1277) conf=1.000
[2026-04-29 08:52:47] [DEBUG] Tap: (275, 1277)
[2026-04-29 08:52:47] [INFO] Tap btn_chua_co_hang.png at (275,1277)
[2026-04-29 08:52:47] [INFO]   ✅ Đã click 'Chưa có hàng'
[2026-04-29 08:52:48] [INFO]   ✅ Xử lý đơn #1
[2026-04-29 08:52:49] [INFO]   🔴 Click dấu (!) red tại (587, 591) conf=1.00
[2026-04-29 08:52:49] [DEBUG] Tap: (587, 591)
[2026-04-29 08:52:54] [DEBUG] Screenshot OK: (900, 1600)
[2026-04-29 08:52:54] [DEBUG] Found btn_chua_co_hang.png at (275,1277) conf=1.000
[2026-04-29 08:52:54] [DEBUG] Tap: (275, 1277)
[2026-04-29 08:52:54] [INFO] Tap btn_chua_co_hang.png at (275,1277)
[2026-04-29 08:52:54] [INFO]   ✅ Đã click 'Chưa có hàng'
[2026-04-29 08:52:55] [INFO]   ✅ Xử lý đơn #2
[2026-04-29 08:52:56] [INFO]   🔴 Click dấu (!) red tại (703, 874) conf=1.00
[2026-04-29 08:52:56] [DEBUG] Tap: (703, 874)
[2026-04-29 08:53:00] [DEBUG] Screenshot OK: (900, 1600)
[2026-04-29 08:53:01] [DEBUG] Found btn_chua_co_hang.png at (275,1277) conf=1.000
[2026-04-29 08:53:01] [DEBUG] Tap: (275, 1277)
[2026-04-29 08:53:01] [INFO] Tap btn_chua_co_hang.png at (275,1277)
[2026-04-29 08:53:01] [INFO]   ✅ Đã click 'Chưa có hàng'
[2026-04-29 08:53:02] [INFO]   ✅ Xử lý đơn #3
[2026-04-29 08:53:06] [DEBUG] Screenshot OK: (900, 1600)
[2026-04-29 08:53:07] [INFO] Đã xử lý 3 đơn hàng
[2026-04-29 08:53:07] [INFO] --- THỐNG KÊ ---
[2026-04-29 08:53:07] [INFO]   Thu hoạch: 0
[2026-04-29 08:53:07] [INFO]   Trồng cây: 0
[2026-04-29 08:53:07] [INFO]   Đơn hàng:  3
[2026-04-29 08:53:07] [INFO]   Lỗi:       0
[2026-04-29 08:53:12] [INFO] ========================================
[2026-04-29 08:53:12] [INFO] 🔄 BẮT ĐẦU CHU KỲ MỚI
[2026-04-29 08:53:12] [INFO] ========================================
[2026-04-29 08:53:12] [INFO] ⏭️ Bỏ qua thu hoạch (chưa có ảnh mẫu)
[2026-04-29 08:53:12] [INFO] ⏭️ Bỏ qua trồng cây (chưa có ảnh mẫu)
[2026-04-29 08:53:12] [INFO] 📦 Bắt đầu XỬ LÝ ĐƠN HÀNG...
[2026-04-29 08:53:13] [DEBUG] Screenshot OK: (900, 1600)
[2026-04-29 08:53:13] [INFO] Không tìm thấy dấu chấm than (!) nào
[2026-04-29 08:53:13] [INFO] Đã xử lý 0 đơn hàng
[2026-04-29 08:53:13] [INFO] --- THỐNG KÊ ---
[2026-04-29 08:53:13] [INFO]   Thu hoạch: 0
[2026-04-29 08:53:13] [INFO]   Trồng cây: 0
[2026-04-29 08:53:13] [INFO]   Đơn hàng:  3
[2026-04-29 08:53:13] [INFO]   Lỗi:       0
[2026-04-29 08:53:18] [INFO] ========================================
[2026-04-29 08:53:18] [INFO] 🔄 BẮT ĐẦU CHU KỲ MỚI
[2026-04-29 08:53:18] [INFO] ========================================
[2026-04-29 08:53:18] [INFO] ⏭️ Bỏ qua thu hoạch (chưa có ảnh mẫu)
[2026-04-29 08:53:18] [INFO] ⏭️ Bỏ qua trồng cây (chưa có ảnh mẫu)
[2026-04-29 08:53:18] [INFO] 📦 Bắt đầu XỬ LÝ ĐƠN HÀNG...
[2026-04-29 08:53:19] [DEBUG] Screenshot OK: (900, 1600)
[2026-04-29 08:53:20] [INFO] Không tìm thấy dấu chấm than (!) nào
[2026-04-29 08:53:20] [INFO] Đã xử lý 0 đơn hàng
[2026-04-29 08:53:20] [INFO] --- THỐNG KÊ ---
[2026-04-29 08:53:20] [INFO]   Thu hoạch: 0
[2026-04-29 08:53:20] [INFO]   Trồng cây: 0
[2026-04-29 08:53:20] [INFO]   Đơn hàng:  3
[2026-04-29 08:53:20] [INFO]   Lỗi:       0
[2026-04-29 08:53:25] [INFO] ========================================
[2026-04-29 08:53:25] [INFO] 🔄 BẮT ĐẦU CHU KỲ MỚI
[2026-04-29 08:53:25] [INFO] ========================================
[2026-04-29 08:53:25] [INFO] ⏭️ Bỏ qua thu hoạch (chưa có ảnh mẫu)
[2026-04-29 08:53:25] [INFO] ⏭️ Bỏ qua trồng cây (chưa có ảnh mẫu)
[2026-04-29 08:53:25] [INFO] 📦 Bắt đầu XỬ LÝ ĐƠN HÀNG...
[2026-04-29 08:53:26] [DEBUG] Screenshot OK: (900, 1600)
[2026-04-29 08:53:26] [INFO] Không tìm thấy dấu chấm than (!) nào
[2026-04-29 08:53:26] [INFO] Đã xử lý 0 đơn hàng
[2026-04-29 08:53:26] [INFO] --- THỐNG KÊ ---
[2026-04-29 08:53:26] [INFO]   Thu hoạch: 0
[2026-04-29 08:53:26] [INFO]   Trồng cây: 0
[2026-04-29 08:53:26] [INFO]   Đơn hàng:  3
[2026-04-29 08:53:26] [INFO]   Lỗi:       0
[2026-04-29 08:53:31] [INFO] ========================================
[2026-04-29 08:53:31] [INFO] 🔄 BẮT ĐẦU CHU KỲ MỚI
[2026-04-29 08:53:31] [INFO] ========================================
[2026-04-29 08:53:31] [INFO] ⏭️ Bỏ qua thu hoạch (chưa có ảnh mẫu)
[2026-04-29 08:53:31] [INFO] ⏭️ Bỏ qua trồng cây (chưa có ảnh mẫu)
[2026-04-29 08:53:31] [INFO] 📦 Bắt đầu XỬ LÝ ĐƠN HÀNG...
[2026-04-29 08:53:32] [DEBUG] Screenshot OK: (900, 1600)
[2026-04-29 08:53:33] [INFO] Không tìm thấy dấu chấm than (!) nào
[2026-04-29 08:53:33] [INFO] Đã xử lý 0 đơn hàng
[2026-04-29 08:53:33] [INFO] --- THỐNG KÊ ---
[2026-04-29 08:53:33] [INFO]   Thu hoạch: 0
[2026-04-29 08:53:33] [INFO]   Trồng cây: 0
[2026-04-29 08:53:33] [INFO]   Đơn hàng:  3
[2026-04-29 08:53:33] [INFO]   Lỗi:       0
[2026-04-29 08:55:23] [INFO] Tìm thấy ADB trong PATH
[2026-04-29 08:55:23] [INFO] Đang kết nối tới 127.0.0.1:5555...
[2026-04-29 08:55:25] [INFO] ✅ Đã kết nối: 127.0.0.1:5555
[2026-04-29 08:55:27] [DEBUG] Screenshot OK: (900, 1600)
[2026-04-29 09:04:59] [INFO] Tìm thấy ADB trong PATH
[2026-04-29 09:04:59] [INFO] ==================================================
[2026-04-29 09:04:59] [INFO] 🌱 KHỞI ĐỘNG AUTO GAME - THẾ GIỚI HOA VIÊN
[2026-04-29 09:04:59] [INFO] ==================================================
[2026-04-29 09:04:59] [INFO] Đang kết nối tới 127.0.0.1:5555...
[2026-04-29 09:05:01] [INFO] ✅ Đã kết nối: 127.0.0.1:5555
[2026-04-29 09:05:01] [INFO] Màn hình: 1600x900
[2026-04-29 09:05:01] [INFO] 🌾 Bắt đầu THU HOẠCH...
[2026-04-29 09:05:02] [DEBUG] Tap: (200, 850)
[2026-04-29 09:05:02] [INFO]   Tap vườn tại (200, 850)
[2026-04-29 09:05:03] [INFO] Đã ngắt kết nối ADB
[2026-04-29 09:05:03] [INFO] 🛑 Bot đã dừng
[2026-04-29 09:05:03] [INFO] --- THỐNG KÊ ---
[2026-04-29 09:05:03] [INFO]   Thu hoạch: 0
[2026-04-29 09:05:03] [INFO]   Trồng cây: 0
[2026-04-29 09:05:03] [INFO]   Đơn hàng:  0
[2026-04-29 09:05:03] [INFO]   Lỗi:       0
[2026-04-29 09:05:33] [INFO] Tìm thấy ADB trong PATH
[2026-04-29 09:05:33] [INFO] Đang kết nối tới 127.0.0.1:5555...
[2026-04-29 09:05:35] [INFO] ✅ Đã kết nối: 127.0.0.1:5555
[2026-04-29 09:05:36] [DEBUG] Screenshot OK: (900, 1600)
[2026-04-29 09:07:42] [INFO] Tìm thấy ADB trong PATH
[2026-04-29 09:07:42] [INFO] ==================================================
[2026-04-29 09:07:42] [INFO] 🌱 KHỞI ĐỘNG AUTO GAME - THẾ GIỚI HOA VIÊN
[2026-04-29 09:07:42] [INFO] ==================================================
[2026-04-29 09:07:42] [INFO] Đang kết nối tới 127.0.0.1:5555...
[2026-04-29 09:07:45] [INFO] ✅ Đã kết nối: 127.0.0.1:5555
[2026-04-29 09:07:45] [INFO] Màn hình: 1600x900
[2026-04-29 09:07:45] [INFO] 🌾 Bắt đầu THU HOẠCH...
[2026-04-29 09:07:45] [DEBUG] Tap: (200, 850)
[2026-04-29 09:07:45] [INFO]   Tap vườn tại (200, 850)
[2026-04-29 09:07:47] [DEBUG] Screenshot OK: (900, 1600)
[2026-04-29 09:07:48] [INFO]   Không thấy nút thu hoạch (chưa chín hoặc đã thu)
[2026-04-29 09:07:48] [DEBUG] Tap: (700, 400)
[2026-04-29 09:07:49] [INFO] Đã ngắt kết nối ADB
[2026-04-29 09:07:49] [INFO] 🛑 Bot đã dừng
[2026-04-29 09:07:49] [INFO] --- THỐNG KÊ ---
[2026-04-29 09:07:49] [INFO]   Thu hoạch: 0
[2026-04-29 09:07:49] [INFO]   Trồng cây: 0
[2026-04-29 09:07:49] [INFO]   Đơn hàng:  0
[2026-04-29 09:07:49] [INFO]   Lỗi:       0
[2026-04-29 09:08:49] [INFO] Tìm thấy ADB trong PATH
[2026-04-29 09:08:49] [INFO] ==================================================
[2026-04-29 09:08:49] [INFO] 🌱 KHỞI ĐỘNG AUTO GAME - THẾ GIỚI HOA VIÊN
[2026-04-29 09:08:49] [INFO] ==================================================
[2026-04-29 09:08:49] [INFO] Đang kết nối tới 127.0.0.1:5555...
[2026-04-29 09:08:51] [INFO] ✅ Đã kết nối: 127.0.0.1:5555
[2026-04-29 09:08:51] [INFO] Màn hình: 1600x900
[2026-04-29 09:08:51] [INFO] 🌾 Bắt đầu THU HOẠCH...
[2026-04-29 09:08:51] [DEBUG] Tap: (200, 850)
[2026-04-29 09:08:51] [INFO]   Tap vườn tại (200, 850)
[2026-04-29 09:08:53] [DEBUG] Screenshot OK: (900, 1600)
[2026-04-29 09:08:54] [DEBUG] Found btn_thu_hoach.png at (80,677) conf=0.987
[2026-04-29 09:08:54] [DEBUG] Tap: (80, 677)
[2026-04-29 09:08:55] [INFO] Tap btn_thu_hoach.png at (80,677)
[2026-04-29 09:08:55] [INFO]   🌾 Đã click 'Thu hoạch'
[2026-04-29 09:08:55] [INFO] --- THỐNG KÊ ---
[2026-04-29 09:08:55] [INFO]   Thu hoạch: 1
[2026-04-29 09:08:55] [INFO]   Trồng cây: 0
[2026-04-29 09:08:55] [INFO]   Đơn hàng:  0
[2026-04-29 09:08:55] [INFO]   Lỗi:       0
[2026-04-29 09:09:00] [INFO] 🌾 Bắt đầu THU HOẠCH...
[2026-04-29 09:09:00] [DEBUG] Tap: (200, 850)
[2026-04-29 09:09:00] [INFO]   Tap vườn tại (200, 850)
[2026-04-29 09:09:02] [DEBUG] Screenshot OK: (900, 1600)
[2026-04-29 09:09:03] [INFO]   Không thấy nút thu hoạch (chưa chín hoặc đã thu)
[2026-04-29 09:09:03] [DEBUG] Tap: (700, 400)
[2026-04-29 09:09:04] [INFO] --- THỐNG KÊ ---
[2026-04-29 09:09:04] [INFO]   Thu hoạch: 1
[2026-04-29 09:09:04] [INFO]   Trồng cây: 0
[2026-04-29 09:09:04] [INFO]   Đơn hàng:  0
[2026-04-29 09:09:04] [INFO]   Lỗi:       0
[2026-04-29 09:09:09] [INFO] 🌾 Bắt đầu THU HOẠCH...
[2026-04-29 09:09:09] [DEBUG] Tap: (200, 850)
[2026-04-29 09:09:09] [INFO]   Tap vườn tại (200, 850)
[2026-04-29 09:09:11] [DEBUG] Screenshot OK: (900, 1600)
[2026-04-29 09:09:12] [INFO]   Không thấy nút thu hoạch (chưa chín hoặc đã thu)
[2026-04-29 09:09:12] [DEBUG] Tap: (700, 400)
[2026-04-29 09:09:13] [INFO] --- THỐNG KÊ ---
[2026-04-29 09:09:13] [INFO]   Thu hoạch: 1
[2026-04-29 09:09:13] [INFO]   Trồng cây: 0
[2026-04-29 09:09:13] [INFO]   Đơn hàng:  0
[2026-04-29 09:09:13] [INFO]   Lỗi:       0
[2026-04-29 09:09:18] [INFO] 🌾 Bắt đầu THU HOẠCH...
[2026-04-29 09:09:18] [DEBUG] Tap: (200, 850)
[2026-04-29 09:09:18] [INFO]   Tap vườn tại (200, 850)
[2026-04-29 09:09:20] [DEBUG] Screenshot OK: (900, 1600)
[2026-04-29 09:09:21] [INFO]   Không thấy nút thu hoạch (chưa chín hoặc đã thu)
[2026-04-29 09:09:21] [DEBUG] Tap: (700, 400)
[2026-04-29 09:09:22] [INFO] --- THỐNG KÊ ---
[2026-04-29 09:09:22] [INFO]   Thu hoạch: 1
[2026-04-29 09:09:22] [INFO]   Trồng cây: 0
[2026-04-29 09:09:22] [INFO]   Đơn hàng:  0
[2026-04-29 09:09:22] [INFO]   Lỗi:       0
[2026-04-29 09:09:27] [INFO] 🌾 Bắt đầu THU HOẠCH...
[2026-04-29 09:09:27] [DEBUG] Tap: (200, 850)
[2026-04-29 09:09:27] [INFO]   Tap vườn tại (200, 850)
[2026-04-29 09:09:29] [DEBUG] Screenshot OK: (900, 1600)
[2026-04-29 09:09:30] [INFO]   Không thấy nút thu hoạch (chưa chín hoặc đã thu)
[2026-04-29 09:09:30] [DEBUG] Tap: (700, 400)
[2026-04-29 09:09:31] [INFO] --- THỐNG KÊ ---
[2026-04-29 09:09:31] [INFO]   Thu hoạch: 1
[2026-04-29 09:09:31] [INFO]   Trồng cây: 0
[2026-04-29 09:09:31] [INFO]   Đơn hàng:  0
[2026-04-29 09:09:31] [INFO]   Lỗi:       0
[2026-04-29 09:09:36] [INFO] 🌾 Bắt đầu THU HOẠCH...
[2026-04-29 09:09:36] [DEBUG] Tap: (200, 850)
[2026-04-29 09:09:36] [INFO]   Tap vườn tại (200, 850)
[2026-04-29 09:09:38] [DEBUG] Screenshot OK: (900, 1600)
[2026-04-29 09:14:51] [INFO] Tìm thấy ADB trong PATH
[2026-04-29 09:14:51] [INFO] ==================================================
[2026-04-29 09:14:51] [INFO] 🌱 KHỞI ĐỘNG AUTO GAME - THẾ GIỚI HOA VIÊN
[2026-04-29 09:14:51] [INFO] ==================================================
[2026-04-29 09:14:51] [INFO] Đang kết nối tới 127.0.0.1:5555...
[2026-04-29 09:14:53] [INFO] ✅ Đã kết nối: 127.0.0.1:5555
[2026-04-29 09:14:54] [INFO] Màn hình: 1600x900
[2026-04-29 09:14:54] [INFO] 🌾 Bắt đầu THU HOẠCH...
[2026-04-29 09:14:54] [DEBUG] Tap: (200, 850)
[2026-04-29 09:14:54] [INFO]   Tap vườn tại (200, 850)
[2026-04-29 09:14:56] [DEBUG] Screenshot OK: (900, 1600)
[2026-04-29 09:14:56] [INFO]   Không thấy nút thu hoạch (chưa chín hoặc đã thu)
[2026-04-29 09:14:57] [DEBUG] Tap: (700, 400)
[2026-04-29 09:14:57] [INFO] Đã ngắt kết nối ADB
[2026-04-29 09:14:57] [INFO] 🛑 Bot đã dừng
[2026-04-29 09:14:57] [INFO] --- THỐNG KÊ ---
[2026-04-29 09:14:57] [INFO]   Thu hoạch: 0
[2026-04-29 09:14:57] [INFO]   Trồng cây: 0
[2026-04-29 09:14:57] [INFO]   Đơn hàng:  0
[2026-04-29 09:14:57] [INFO]   Lỗi:       0
[2026-04-29 09:18:34] [INFO] Tìm thấy ADB trong PATH
[2026-04-29 09:18:34] [INFO] ==================================================
[2026-04-29 09:18:34] [INFO] 🌱 KHỞI ĐỘNG AUTO GAME - THẾ GIỚI HOA VIÊN
[2026-04-29 09:18:34] [INFO] ==================================================
[2026-04-29 09:18:34] [INFO] Đang kết nối tới 127.0.0.1:5555...
[2026-04-29 09:18:36] [INFO] ✅ Đã kết nối: 127.0.0.1:5555
[2026-04-29 09:18:37] [INFO] Màn hình: 1600x900
[2026-04-29 09:18:37] [INFO] 🌾 Bắt đầu THU HOẠCH...
[2026-04-29 09:18:37] [DEBUG] Tap: (200, 850)
[2026-04-29 09:18:37] [INFO]   Tap vườn tại (200, 850)
[2026-04-29 09:18:39] [DEBUG] Screenshot OK: (900, 1600)
[2026-04-29 09:18:39] [INFO]   Không thấy nút thu hoạch (chưa chín hoặc đã thu)
[2026-04-29 09:18:40] [DEBUG] Tap: (700, 400)
[2026-04-29 09:18:50] [INFO] 🌾 Bắt đầu THU HOẠCH...
[2026-04-29 09:18:50] [DEBUG] Tap: (200, 850)
[2026-04-29 09:18:51] [INFO]   Tap vườn tại (200, 850)
[2026-04-29 09:18:53] [DEBUG] Screenshot OK: (900, 1600)
[2026-04-29 09:18:53] [DEBUG] Found btn_thu_hoach.png at (80,677) conf=0.998
[2026-04-29 09:18:53] [DEBUG] Tap: (240, 677)
[2026-04-29 09:18:53] [INFO]   🌾 Đã click 'Thu hoạch nhanh' tại (240, 677)
[2026-04-29 09:19:04] [INFO] 🌾 Bắt đầu THU HOẠCH...
[2026-04-29 09:19:04] [DEBUG] Tap: (200, 850)
[2026-04-29 09:19:04] [INFO]   Tap vườn tại (200, 850)
[2026-04-29 09:19:06] [DEBUG] Screenshot OK: (900, 1600)
[2026-04-29 09:19:07] [INFO]   Không thấy nút thu hoạch (chưa chín hoặc đã thu)
[2026-04-29 09:19:07] [DEBUG] Tap: (700, 400)
[2026-04-29 09:19:18] [INFO] 🌾 Bắt đầu THU HOẠCH...
[2026-04-29 09:19:18] [DEBUG] Tap: (200, 850)
[2026-04-29 09:19:18] [INFO]   Tap vườn tại (200, 850)
[2026-04-29 09:19:20] [DEBUG] Screenshot OK: (900, 1600)
[2026-04-29 09:19:20] [INFO]   Không thấy nút thu hoạch (chưa chín hoặc đã thu)
[2026-04-29 09:19:21] [DEBUG] Tap: (700, 400)
[2026-04-29 09:19:31] [INFO] 🌾 Bắt đầu THU HOẠCH...
[2026-04-29 09:19:31] [DEBUG] Tap: (200, 850)
[2026-04-29 09:19:32] [INFO]   Tap vườn tại (200, 850)
[2026-04-29 09:19:34] [DEBUG] Screenshot OK: (900, 1600)
[2026-04-29 09:19:34] [INFO]   Không thấy nút thu hoạch (chưa chín hoặc đã thu)
[2026-04-29 09:19:34] [DEBUG] Tap: (700, 400)
[2026-04-29 09:19:45] [INFO] 🌾 Bắt đầu THU HOẠCH...
[2026-04-29 09:19:45] [DEBUG] Tap: (200, 850)
[2026-04-29 09:19:45] [INFO]   Tap vườn tại (200, 850)
[2026-04-29 09:19:47] [DEBUG] Screenshot OK: (900, 1600)
[2026-04-29 09:19:47] [INFO]   Không thấy nút thu hoạch (chưa chín hoặc đã thu)
[2026-04-29 09:19:48] [DEBUG] Tap: (700, 400)
[2026-04-29 09:19:58] [INFO] 🌾 Bắt đầu THU HOẠCH...
[2026-04-29 09:19:58] [DEBUG] Tap: (200, 850)
[2026-04-29 09:19:59] [INFO]   Tap vườn tại (200, 850)
[2026-04-29 09:20:00] [DEBUG] Screenshot OK: (900, 1600)
[2026-04-29 09:20:01] [INFO]   Không thấy nút thu hoạch (chưa chín hoặc đã thu)
[2026-04-29 09:20:01] [DEBUG] Tap: (700, 400)
[2026-04-29 09:20:12] [INFO] 🌾 Bắt đầu THU HOẠCH...
[2026-04-29 09:20:12] [DEBUG] Tap: (200, 850)
[2026-04-29 09:20:12] [INFO]   Tap vườn tại (200, 850)
[2026-04-29 09:20:14] [DEBUG] Screenshot OK: (900, 1600)
[2026-04-29 09:20:14] [INFO]   Không thấy nút thu hoạch (chưa chín hoặc đã thu)
[2026-04-29 09:20:14] [DEBUG] Tap: (700, 400)
[2026-04-29 09:20:25] [INFO] 🌾 Bắt đầu THU HOẠCH...
[2026-04-29 09:20:25] [DEBUG] Tap: (200, 850)
[2026-04-29 09:20:26] [INFO]   Tap vườn tại (200, 850)
[2026-04-29 09:20:27] [DEBUG] Screenshot OK: (900, 1600)
[2026-04-29 09:20:28] [INFO]   Không thấy nút thu hoạch (chưa chín hoặc đã thu)
[2026-04-29 09:20:28] [DEBUG] Tap: (700, 400)
[2026-04-29 09:36:01] [INFO] Tìm thấy ADB trong PATH
[2026-04-29 09:36:01] [INFO] ==================================================
[2026-04-29 09:36:01] [INFO] 🌱 KHỞI ĐỘNG AUTO GAME - THẾ GIỚI HOA VIÊN
[2026-04-29 09:36:01] [INFO] ==================================================
[2026-04-29 09:36:01] [INFO] Đang kết nối tới 127.0.0.1:5555...
[2026-04-29 09:36:03] [INFO] ✅ Đã kết nối: 127.0.0.1:5555
[2026-04-29 09:36:04] [INFO] Màn hình: 1600x900
[2026-04-29 09:36:04] [INFO] 🌾 Bắt đầu THU HOẠCH...
[2026-04-29 09:36:05] [DEBUG] Tap: (200, 850)
[2026-04-29 09:36:05] [INFO]   Tap vườn tại (200, 850)
[2026-04-29 09:36:07] [DEBUG] Screenshot OK: (900, 1600)
[2026-04-29 09:36:07] [DEBUG] Found btn_thu_hoach.png at (80,677) conf=0.994
[2026-04-29 09:36:08] [DEBUG] Tap: (240, 677)
[2026-04-29 09:36:08] [INFO]   🌾 Đã click 'Thu hoạch nhanh' tại (240, 677)
[2026-04-29 09:36:18] [INFO] 🌾 Bắt đầu THU HOẠCH...
[2026-04-29 09:36:19] [DEBUG] Tap: (200, 850)
[2026-04-29 09:36:19] [INFO]   Tap vườn tại (200, 850)
[2026-04-29 09:36:21] [DEBUG] Screenshot OK: (900, 1600)
[2026-04-29 09:36:21] [INFO]   Không thấy nút thu hoạch (chưa chín hoặc đã thu)
[2026-04-29 09:36:22] [DEBUG] Tap: (700, 400)
[2026-04-29 09:36:32] [INFO] 🌾 Bắt đầu THU HOẠCH...
[2026-04-29 09:36:32] [DEBUG] Tap: (200, 850)
[2026-04-29 09:36:33] [INFO]   Tap vườn tại (200, 850)
[2026-04-29 09:36:35] [DEBUG] Screenshot OK: (900, 1600)
[2026-04-29 09:36:35] [INFO]   Không thấy nút thu hoạch (chưa chín hoặc đã thu)
[2026-04-29 09:36:35] [DEBUG] Tap: (700, 400)
[2026-04-29 09:36:46] [INFO] 🌾 Bắt đầu THU HOẠCH...
[2026-04-29 09:36:46] [DEBUG] Tap: (200, 850)
[2026-04-29 09:36:46] [INFO]   Tap vườn tại (200, 850)
[2026-04-29 09:36:48] [DEBUG] Screenshot OK: (900, 1600)
[2026-04-29 09:36:48] [INFO]   Không thấy nút thu hoạch (chưa chín hoặc đã thu)
[2026-04-29 09:36:48] [DEBUG] Tap: (700, 400)
[2026-04-29 09:38:39] [INFO] Tìm thấy ADB trong PATH
[2026-04-29 09:38:39] [INFO] Đang kết nối tới 127.0.0.1:5555...
[2026-04-29 09:38:41] [INFO] ✅ Đã kết nối: 127.0.0.1:5555
[2026-04-29 09:38:42] [DEBUG] Screenshot OK: (900, 1600)
[2026-04-29 09:39:49] [INFO] Tìm thấy ADB trong PATH
[2026-04-29 09:39:49] [INFO] Đang kết nối tới 127.0.0.1:5555...
[2026-04-29 09:39:51] [INFO] ✅ Đã kết nối: 127.0.0.1:5555
[2026-04-29 09:39:51] [DEBUG] Tap: (200, 850)
[2026-04-29 09:39:55] [DEBUG] Screenshot OK: (900, 1600)
[2026-04-29 09:40:56] [INFO] Tìm thấy ADB trong PATH
[2026-04-29 09:40:56] [INFO] Đang kết nối tới 127.0.0.1:5555...
[2026-04-29 09:40:58] [INFO] ✅ Đã kết nối: 127.0.0.1:5555
[2026-04-29 09:40:58] [DEBUG] Tap: (350, 750)
[2026-04-29 09:41:01] [DEBUG] Screenshot OK: (900, 1600)
[2026-04-29 09:44:04] [INFO] Tìm thấy ADB trong PATH
[2026-04-29 09:44:04] [INFO] Đang kết nối tới 127.0.0.1:5555...
[2026-04-29 09:44:06] [INFO] ✅ Đã kết nối: 127.0.0.1:5555
[2026-04-29 09:44:06] [DEBUG] Tap: (250, 570)
[2026-04-29 09:44:10] [DEBUG] Screenshot OK: (900, 1600)
[2026-04-29 09:44:10] [DEBUG] Tap: (180, 670)
[2026-04-29 09:44:13] [DEBUG] Screenshot OK: (900, 1600)
[2026-04-29 09:44:13] [DEBUG] Tap: (300, 470)
[2026-04-29 09:44:17] [DEBUG] Screenshot OK: (900, 1600)
[2026-04-29 09:44:17] [DEBUG] Tap: (120, 770)
[2026-04-29 09:44:20] [DEBUG] Screenshot OK: (900, 1600)
[2026-04-29 09:48:09] [INFO] Tìm thấy ADB trong PATH
[2026-04-29 09:48:09] [INFO] ==================================================
[2026-04-29 09:48:09] [INFO] 🌱 KHỞI ĐỘNG AUTO GAME - THẾ GIỚI HOA VIÊN
[2026-04-29 09:48:09] [INFO] ==================================================
[2026-04-29 09:48:09] [INFO] Đang kết nối tới 127.0.0.1:5555...
[2026-04-29 09:48:11] [INFO] ✅ Đã kết nối: 127.0.0.1:5555
[2026-04-29 09:48:11] [INFO] Màn hình: 1600x900
[2026-04-29 09:48:11] [INFO] 🌱 Bắt đầu TRỒNG CÂY...
[2026-04-29 09:48:11] [DEBUG] Tap: (180, 670)
[2026-04-29 09:48:12] [INFO]   Tap ô đất tại (180, 670)
[2026-04-29 09:48:14] [DEBUG] Screenshot OK: (900, 1600)
[2026-04-29 09:48:14] [DEBUG] Tap: (90, 1050)
[2026-04-29 09:48:15] [INFO]   🌸 Đã chọn hoa đầu tiên tại (90, 1050)
[2026-04-29 09:48:18] [DEBUG] Screenshot OK: (900, 1600)
[2026-04-29 09:48:18] [INFO] Đã ngắt kết nối ADB
[2026-04-29 09:48:18] [INFO] 🛑 Bot đã dừng
[2026-04-29 09:48:18] [INFO] --- THỐNG KÊ ---
[2026-04-29 09:48:18] [INFO]   Thu hoạch: 0
[2026-04-29 09:48:18] [INFO]   Trồng cây: 0
[2026-04-29 09:48:18] [INFO]   Đơn hàng:  0
[2026-04-29 09:48:18] [INFO]   Lỗi:       0
